title,author,expected_series,expected_position,franchise,source,book_id,work_id,series_id,isbn13,ratings_count,average_rating
The Hunger Games,Suzanne Collins,The Hunger Games,1,The Hunger Games,goodreads_dump,2767052,2792775,339872,9780439023481,4899965,4.34
Harry Potter and the Sorcerer's Stone,J.K. Rowling,Harry Potter,1,Harry Potter,goodreads_dump,3,4640799,167817,9780439554930,4765497,4.45
Twilight,Stephenie Meyer,Twilight,1,Twilight,goodreads_dump,41865,3212258,165622,9780316015844,3941381,3.57
Angels & Demons,Dan Brown,Robert Langdon,1,Robert Langdon,goodreads_dump,960,3338963,446479,9781416524793,2046499,3.86
Divergent,Veronica Roth,Divergent,1,Divergent,goodreads_dump,13335037,13155899,237774,9780062024039,1962813,4.23
Harry Potter and the Prisoner of Azkaban,J.K. Rowling,Harry Potter,3,Harry Potter,goodreads_dump,5,2402163,162083,9780439655484,1876252,4.53
The Girl with the Dragon Tattoo,Stieg Larsson,Millennium,1,Millennium,goodreads_dump,2429135,1708725,158565,9780307269751,1858152,4.11
Catching Fire,Suzanne Collins,The Hunger Games,2,The Hunger Games,goodreads_dump,6148028,6171458,339873,9780439023498,1854746,4.30
Harry Potter and the Chamber of Secrets,J.K. Rowling,Harry Potter,2,Harry Potter,goodreads_dump,15881,6231171,169291,9780439064866,1821802,4.38
The Fellowship of the Ring,J.R.R. Tolkien,The Lord of the Rings,1,The Lord of the Rings,goodreads_dump,34,3204327,291504,9780618346257,1813229,4.34
Harry Potter and the Goblet of Fire,J.K. Rowling,Harry Potter,4,Harry Potter,goodreads_dump,6,3046572,164829,9780439139601,1792561,4.53
Harry Potter and the Deathly Hallows,J.K. Rowling,Harry Potter,7,Harry Potter,goodreads_dump,136251,2963218,615726,9780545010221,1784684,4.62
Harry Potter and the Order of the Phoenix,J.K. Rowling,Harry Potter,5,Harry Potter,goodreads_dump,2,2809203,163765,9780439358071,1766895,4.47
Mockingjay,Suzanne Collins,The Hunger Games,3,The Hunger Games,goodreads_dump,7260188,8812783,339874,9780439023511,1743362,4.03
Harry Potter and the Half-Blood Prince,J.K. Rowling,Harry Potter,6,Harry Potter,goodreads_dump,1,41335427,624922,9780439785969,1713866,4.54
"The Lion, the Witch, and the Wardrobe",C.S. Lewis,The Chronicles of Narnia (Publication Order),1,The Chronicles of Narnia (Publication Order),goodreads_dump,100915,4790821,186112,9780060764890,1575387,4.19
The Da Vinci Code,Dan Brown,Robert Langdon,2,Robert Langdon,goodreads_dump,968,2982101,446480,9780307277671,1465770,3.79
The Lightning Thief,Rick Riordan,Percy Jackson and the Olympians,1,Percy Jackson and the Olympians,goodreads_dump,28187,3346751,166250,9780786838653,1411728,4.23
A Game of Thrones,George R.R. Martin,A Song of Ice and Fire,1,A Song of Ice and Fire,goodreads_dump,13496,1466917,157411,9780553588484,1359501,4.45
Fifty Shades of Grey,E.L. James,Fifty Shades,1,Fifty Shades,goodreads_dump,10818853,15732562,273035,9781612130293,1348198,3.66
The Giver,Lois Lowry,The Giver,1,The Giver,goodreads_dump,3636,2543234,162712,9780385732550,1311422,4.12
Little Women,Louisa May Alcott,Little Women,1,Little Women,goodreads_dump,1934,3244642,978089,9780451529305,1276989,4.04
City of Bones,Cassandra Clare,The Mortal Instruments,1,The Mortal Instruments,goodreads_dump,256683,2267189,161525,9781416914280,1181693,4.12
New Moon,Stephenie Meyer,Twilight,2,Twilight,goodreads_dump,49041,3203964,165597,9780316160193,1161751,3.52
Eclipse,Stephenie Meyer,Twilight,3,Twilight,goodreads_dump,428263,2675454,163279,9780316160209,1146155,3.69
Eragon,Christopher Paolini,The Inheritance Cycle,1,The Inheritance Cycle,goodreads_dump,113436,3178011,165518,9780375826696,1128913,3.86
Breaking Dawn,Stephenie Meyer,Twilight,4,Twilight,goodreads_dump,1162543,2960529,164443,9780316067928,1078310,3.70
The Notebook,Nicholas Sparks,The Notebook,1,The Notebook,goodreads_dump,15931,1498135,453039,9780553816716,1064723,4.07
The Golden Compass,Philip Pullman,His Dark Materials,1,His Dark Materials,goodreads_dump,119322,1536771,157745,9780679879244,973154,3.94
The Hitchhiker's Guide to the Galaxy,Douglas Adams,Hitchhiker's Guide to the Galaxy,1,Hitchhiker's Guide to the Galaxy,goodreads_dump,11,3078186,164982,9780345391803,940154,4.20
Insurgent,Veronica Roth,Divergent,2,Divergent,goodreads_dump,11735983,15524542,237775,9780007442911,849014,4.07
Ender's Game,Orson Scott Card,The Ender Quintet,1,The Ender Quintet,goodreads_dump,375802,2422333,162174,9780812550702,829380,4.30
Holes,Louis Sachar,Holes,1,Holes,goodreads_dump,38709,1679789,259652,9780439244190,766680,3.93
The Host,Stephenie Meyer,The Host,1,The Host,goodreads_dump,1656001,3328799,193194,9780316068048,756375,3.84
Bridget Jones's Diary,Helen Fielding,Bridget Jones,1,Bridget Jones,goodreads_dump,227443,3185154,181080,9780140280098,748926,3.75
The Maze Runner,James Dashner,The Maze Runner,1,The Maze Runner,goodreads_dump,6186357,6366642,534884,9780385737944,745820,4.03
Night,Elie Wiesel,The Night Trilogy,1,The Night Trilogy,goodreads_dump,1617,265616,187331,9780374500016,708754,4.30
The Devil Wears Prada,Lauren Weisberger,The Devil Wears Prada,1,The Devil Wears Prada,goodreads_dump,5139,38765,509657,9780307275554,675927,3.70
Miss Peregrine’s Home for Peculiar Children,Ransom Riggs,Miss Peregrine’s Peculiar Children,1,Miss Peregrine’s Peculiar Children,goodreads_dump,9460487,14345371,354564,9781594744761,641884,3.89
A Wrinkle in Time,Madeleine L'Engle,Time Quintet,1,Time Quintet,goodreads_dump,18131,948387,181634,9780440498056,633624,4.04
Me Before You,Jojo Moyes,Me Before You,1,Me Before You,goodreads_dump,15507958,17763198,747511,9780670026609,609327,4.27
City of Glass,Cassandra Clare,The Mortal Instruments,3,The Mortal Instruments,goodreads_dump,3777732,3443248,166517,9781416914303,606729,4.34
The Girl Who Played with Fire,Stieg Larsson,Millennium,2,Millennium,goodreads_dump,5060378,6976108,172668,9780307269980,575163,4.22
Catch-22,Joseph Heller,Catch-22,1,Catch-22,goodreads_dump,168668,814330,919750,9780684833392,574130,3.98
Fifty Shades Darker,E.L. James,Fifty Shades,2,Fifty Shades,goodreads_dump,11857408,16813814,273034,9781612130583,557000,3.87
City of Ashes,Cassandra Clare,The Mortal Instruments,2,The Mortal Instruments,goodreads_dump,1582996,1575860,157909,9781416914297,550237,4.21
Confessions of a Shopaholic,Sophie Kinsella,Shopaholic,1,Shopaholic,goodreads_dump,9416,3237433,165735,9780440241416,548649,3.62
A Clash of Kings,George R.R. Martin,A Song of Ice and Fire,2,A Song of Ice and Fire,goodreads_dump,10572,3272005,165927,9780553381696,534960,4.40
The Sisterhood of the Traveling Pants,Ann Brashares,Sisterhood,1,Sisterhood,goodreads_dump,452306,1058370,154566,9780385729338,532449,3.76
Outlander,Diana Gabaldon,Outlander,1,Outlander,goodreads_dump,10964,2489796,162462,9780440242949,531055,4.21
The Selection,Kiera Cass,The Selection,1,The Selection,goodreads_dump,10507293,15413183,489909,9780062059932,530867,4.15
Freakonomics: A Rogue Economist Explores the Hidden Side of Everything,Steven D. Levitt,Freakonomics,1,Freakonomics,goodreads_dump,1202,5397,497357,9780061234002,529274,3.94
The Sea of Monsters,Rick Riordan,Percy Jackson and the Olympians,2,Percy Jackson and the Olympians,goodreads_dump,28186,43554,145025,9780786856862,527320,4.23
Matched,Ally Condie,Matched,1,Matched,goodreads_dump,7735333,9631645,206283,9780525423645,522712,3.68
The Battle of the Labyrinth,Rick Riordan,Percy Jackson and the Olympians,4,Percy Jackson and the Olympians,goodreads_dump,2120932,2377629,407929,9781423101468,519213,4.39
If I Stay,Gayle Forman,If I Stay,1,If I Stay,goodreads_dump,4374400,4422413,185463,9780525421030,516435,3.96
Anne of Green Gables,L.M. Montgomery,Anne of Green Gables,1,Anne of Green Gables,goodreads_dump,8127,3464264,166565,9780451528827,513174,4.23
Wicked: The Life and Times of the Wicked Witch of the West,Gregory Maguire,The Wicked Years,1,The Wicked Years,goodreads_dump,37442,1479280,157478,9780060987107,508863,3.52
Clockwork Angel,Cassandra Clare,The Infernal Devices,1,The Infernal Devices,goodreads_dump,7171637,6674837,213230,9781416975861,502358,4.33
Dune,Frank Herbert,Dune,1,Dune,goodreads_dump,234225,3634639,166801,9780340839935,494553,4.20
The Two Towers,J.R.R. Tolkien,The Lord of the Rings,2,The Lord of the Rings,goodreads_dump,15241,2963845,291767,9780618346264,490005,4.42
A Storm of Swords,George R.R. Martin,A Song of Ice and Fire,3,A Song of Ice and Fire,goodreads_dump,62291,1164465,155390,9780553573428,477834,4.54
The Return of the King,J.R.R. Tolkien,The Lord of the Rings,3,The Lord of the Rings,goodreads_dump,18512,2964424,291768,9780345339737,473101,4.51
Allegiant,Veronica Roth,Divergent,3,Divergent,goodreads_dump,18710190,15524549,558803,9780007524273,472792,3.63
The Pillars of the Earth,Ken Follett,Kingsbridge,1,Kingsbridge,goodreads_dump,5043,3359698,256276,9780451207142,471990,4.29
The Titan's Curse,Rick Riordan,Percy Jackson and the Olympians,3,Percy Jackson and the Olympians,goodreads_dump,561456,2936530,164351,9780141382890,463156,4.34
Charlie and the Chocolate Factory,Roald Dahl,Charlie Bucket,1,Charlie Bucket,goodreads_dump,6310,2765786,182380,9780142403884,462516,4.11
Uglies,Scott Westerfeld,Uglies,1,Uglies,goodreads_dump,24770,2895388,164148,9780689865381,457310,3.86
"Hush, Hush",Becca Fitzpatrick,"Hush, Hush",1,"Hush, Hush",goodreads_dump,6339664,6525609,178789,9781416989417,457299,3.99
The Girl Who Kicked the Hornet's Nest,Stieg Larsson,Millennium,3,Millennium,goodreads_dump,6892870,12883496,177136,9780307269997,451075,4.21
Beautiful Creatures,Kami Garcia,Beautiful Creatures,1,Beautiful Creatures,goodreads_dump,6304335,6488966,170059,9780316042673,443213,3.76
Cinder,Marissa Meyer,The Lunar Chronicles,1,The Lunar Chronicles,goodreads_dump,11235712,15545385,267158,,441530,4.15
A Feast for Crows,George R.R. Martin,A Song of Ice and Fire,4,A Song of Ice and Fire,goodreads_dump,13497,1019062,297698,9780553582024,437398,4.10
Beautiful Disaster,Jamie McGuire,Beautiful,1,Beautiful,goodreads_dump,11505797,16441531,382493,,425898,4.14
Dead Until Dark,Charlaine Harris,Sookie Stackhouse,1,Sookie Stackhouse,goodreads_dump,301082,479517,149610,9780441008537,424919,3.96
The Name of the Wind,Patrick Rothfuss,The Kingkiller Chronicle,1,The Kingkiller Chronicle,goodreads_dump,186074,2502879,162522,9780756404079,416634,4.55
Something Borrowed,Emily Giffin,Darcy & Rachel,1,Darcy & Rachel,goodreads_dump,42156,1789440,229078,9780312321185,408834,3.83
Fallen,Lauren Kate,Fallen,1,Fallen,goodreads_dump,6487308,6678670,171216,9780385738934,402552,3.74
Angela's Ashes,Frank McCourt,Frank McCourt,1,Frank McCourt,goodreads_dump,252577,2883783,290754,9780007205233,401029,4.08
The Last Olympian,Rick Riordan,Percy Jackson and the Olympians,5,Percy Jackson and the Olympians,goodreads_dump,4502507,4551489,167726,9780739380338,398036,4.50
One for the Money,Janet Evanovich,Stephanie Plum,1,Stephanie Plum,goodreads_dump,6853,1486401,157522,9780312362089,396981,4.03
Artemis Fowl,Eoin Colfer,Artemis Fowl,1,Artemis Fowl,goodreads_dump,249747,1334778,156601,9780786817870,393254,3.82
Fifty Shades Freed,E.L. James,Fifty Shades,3,Fifty Shades,goodreads_dump,13536860,18034963,301233,9780345803504,391965,3.88
The Other Boleyn Girl,Philippa Gregory,The Plantagenet and Tudor Novels,9,The Plantagenet and Tudor Novels,goodreads_dump,37470,3248536,958559,9780743227445,384888,4.04
American Gods,Neil Gaiman,American Gods,1,American Gods,goodreads_dump,4407,1970226,552253,9780747263746,379668,4.11
Interview with the Vampire,Anne Rice,The Vampire Chronicles,1,The Vampire Chronicles,goodreads_dump,43763,873132,153245,9780345476876,378979,3.98
The Lost Symbol,Dan Brown,Robert Langdon,3,Robert Langdon,goodreads_dump,6411961,6600281,446481,9780385504225,377017,3.66
A Dance with Dragons,George R.R. Martin,A Song of Ice and Fire,5,A Song of Ice and Fire,goodreads_dump,10664113,2936175,297699,,374315,4.31
Marked,P.C. Cast,House of Night,1,House of Night,goodreads_dump,30183,30573,144834,9780312360269,364758,3.79
Shiver,Maggie Stiefvater,The Wolves of Mercy Falls,1,The Wolves of Mercy Falls,goodreads_dump,6068551,6244926,169365,9780545123266,360934,3.78
The Silence of the Lambs,Thomas Harris,Hannibal Lecter,2,Hannibal Lecter,goodreads_dump,23807,22533,207928,9780099446781,355935,4.15
City of Fallen Angels,Cassandra Clare,The Mortal Instruments,4,The Mortal Instruments,goodreads_dump,6752378,6948844,172594,9781442403543,348757,4.16
The Bourne Identity,Robert Ludlum,Jason Bourne,1,Jason Bourne,goodreads_dump,7869,859111,153157,9780752864327,331374,3.98
The Nanny Diaries,Emma McLaughlin,Nanny,1,Nanny,goodreads_dump,228333,221139,289839,9780312291631,326450,3.40
Clockwork Prince,Cassandra Clare,The Infernal Devices,2,The Infernal Devices,goodreads_dump,10025305,6674845,213231,9781416975885,318750,4.46
Along Came a Spider,James Patterson,Alex Cross,1,Alex Cross,goodreads_dump,13145,3373984,166343,9780446692632,317390,4.09
"A Child Called ""It""",Dave Pelzer,Dave Pelzer,1,Dave Pelzer,goodreads_dump,60748,59104,290380,9781558743663,314286,4.09
The Scorch Trials,James Dashner,The Maze Runner,2,The Maze Runner,goodreads_dump,7631105,6574198,534885,9780385738750,312407,3.93
The Voyage of the Dawn Treader,C.S. Lewis,The Chronicles of Narnia (Publication Order),3,The Chronicles of Narnia (Publication Order),goodreads_dump,140225,3349054,186114,9780061125270,310073,4.08
Legend,Marie Lu,Legend,1,Legend,goodreads_dump,9275658,14157512,190676,9780399256752,309165,4.19
The Cuckoo's Calling,Robert Galbraith,Cormoran Strike,1,Cormoran Strike,goodreads_dump,16160797,22002305,524305,9780316206846,308551,3.84
The Son of Neptune,Rick Riordan,The Heroes of Olympus,2,The Heroes of Olympus,goodreads_dump,9520360,14406312,202313,9781423140597,307188,4.44
City of Lost Souls,Cassandra Clare,The Mortal Instruments,5,The Mortal Instruments,goodreads_dump,8755776,13629058,178583,9781442416864,306686,4.30
The Mark of Athena,Rick Riordan,The Heroes of Olympus,3,The Heroes of Olympus,goodreads_dump,12127750,17115055,278159,9781423140603,298181,4.47
Watership Down,Richard Adams,Watership Down,1,Watership Down,goodreads_dump,76620,1357456,451526,9780380395866,297140,4.06
Inferno,Dan Brown,Robert Langdon,4,Robert Langdon,goodreads_dump,17212231,23841765,460936,9780385537858,296023,3.81
Throne of Glass,Sarah J. Maas,Throne of Glass,1,Throne of Glass,goodreads_dump,7896527,11138426,195203,9781599906959,295609,4.23
Inkheart,Cornelia Funke,Inkworld,1,Inkworld,goodreads_dump,28194,2628323,163047,9780439709101,288143,3.86
Harry Potter and the Cursed Child - Parts One and Two,John Tiffany,Harry Potter,8,Harry Potter,goodreads_dump,29056083,48765776,1055430,9780751565355,288018,3.74
Graceling,Kristin Cashore,Graceling Realm,1,Graceling Realm,goodreads_dump,3236307,3270810,238151,9780152063962,287983,4.10
Foundation,Isaac Asimov,Foundation (Publication Order),1,Foundation (Publication Order),goodreads_dump,29579,1783981,250807,9780553803716,286677,4.13
The Bad Beginning,Lemony Snicket,A Series of Unfortunate Events,1,A Series of Unfortunate Events,goodreads_dump,78411,1069597,154635,9780439206471,281697,3.90
The Lost Hero,Rick Riordan,The Heroes of Olympus,1,The Heroes of Olympus,goodreads_dump,7736182,10107891,435378,9781423113393,279906,4.35
Kiss the Girls,James Patterson,Alex Cross,2,Alex Cross,goodreads_dump,13148,881425,153314,9780446677387,277099,3.93
The Hunt for Red October,Tom Clancy,Jack Ryan Universe,4,Jack Ryan Universe,goodreads_dump,19691,1112006,869652,9780425172902,274053,4.02
The Magician's Nephew,C.S. Lewis,The Chronicles of Narnia (Publication Order),6,The Chronicles of Narnia (Publication Order),goodreads_dump,65605,1031537,186116,9780060764906,273279,4.01
Shadow Kiss,Richelle Mead,Vampire Academy,3,Vampire Academy,goodreads_dump,2802316,6651006,171050,9781595141972,271882,4.37
The 5th Wave,Rick Yancey,The 5th Wave,1,The 5th Wave,goodreads_dump,16101128,19187812,435909,9780399162411,270771,4.10
Diary of a Wimpy Kid,Jeff Kinney,Diary of a Wimpy Kid,1,Diary of a Wimpy Kid,goodreads_dump,389627,2617009,163024,9780810993136,270564,3.96
The Shadow of the Wind,Carlos Ruiz Zafon,El cementerio de los libros olvidados,1,El cementerio de los libros olvidados,goodreads_dump,1232,3209783,333181,9780143034902,269927,4.25
Anna and the French Kiss,Stephanie Perkins,Anna and the French Kiss,1,Anna and the French Kiss,goodreads_dump,6936382,7168450,587709,9780525423270,267364,4.07
The Eye of the World,Robert Jordan,The Wheel of Time,1,The Wheel of Time,goodreads_dump,228665,2008238,160203,9780812511819,266994,4.18
Delirium,Lauren Oliver,Delirium,1,Delirium,goodreads_dump,11614718,10342808,205946,9780061726835,262951,3.99
The Rosie Project,Graeme Simsion,Don Tillman,1,Don Tillman,goodreads_dump,16181775,22084678,620570,9781476729084,259734,4.01
Frostbite,Richelle Mead,Vampire Academy,2,Vampire Academy,goodreads_dump,2282133,6651004,171049,9781595141750,259401,4.30
I Am Number Four,Pittacus Lore,Lorien Legacies,1,Lorien Legacies,goodreads_dump,7747374,10576999,175881,9780061969553,257482,3.94
Wonder,R.J. Palacio,Wonder,1,Wonder,goodreads_dump,11387515,16319487,632090,9780375869020,255461,4.43
Reflected in You,Sylvia Day,Crossfire,2,Crossfire,goodreads_dump,13596809,19186128,365521,9780425263914,254687,4.33
Prince Caspian,C.S. Lewis,The Chronicles of Narnia (Publication Order),2,The Chronicles of Narnia (Publication Order),goodreads_dump,121749,3348636,186113,9780007202300,254041,3.96
Eldest,Christopher Paolini,The Inheritance Cycle,2,The Inheritance Cycle,goodreads_dump,45978,2035753,160373,9780375840401,253839,3.96
Vampire Academy,Richelle Mead,Vampire Academy,1,Vampire Academy,goodreads_dump,345627,335933,148158,9781595141743,253685,4.14
The Wise Man's Fear,Patrick Rothfuss,The Kingkiller Chronicle,2,The Kingkiller Chronicle,goodreads_dump,1215032,2502882,162523,9780756404734,253462,4.57
The Wonderful Wizard of Oz,L. Frank Baum,Oz,1,Oz,goodreads_dump,236093,1993810,160108,9780140621679,251691,3.98
Good in Bed,Jennifer Weiner,Cannie Shapiro,1,Cannie Shapiro,goodreads_dump,14748,2796838,206758,9780743418171,251303,3.70
The Secret,Rhonda Byrne,The Secret,1,The Secret,goodreads_dump,52529,2001660,511970,9781582701707,247542,3.63
The Subtle Knife,Philip Pullman,His Dark Materials,2,His Dark Materials,goodreads_dump,119324,1570229,157888,9780679879251,246697,4.11
The Elite,Kiera Cass,The Selection,2,The Selection,goodreads_dump,16248068,20397129,384046,9780062059963,242242,4.02
Stargirl,Jerry Spinelli,Stargirl,1,Stargirl,goodreads_dump,22232,963221,211530,9780439488402,241990,3.75
The Red Pyramid,Rick Riordan,Kane Chronicles,1,Kane Chronicles,goodreads_dump,7090447,7346572,185772,9781423113386,239434,4.07
Island of the Blue Dolphins,Scott O'Dell,Island of the Blue Dolphins,1,Island of the Blue Dolphins,goodreads_dump,233818,3215136,408772,9780440439882,238719,3.80
1st to Die,James Patterson,Women's Murder Club,1,Women's Murder Club,goodreads_dump,13137,1711194,158581,9780446696616,238566,4.06
Blood Promise,Richelle Mead,Vampire Academy,4,Vampire Academy,goodreads_dump,5996153,6651007,171051,9781595141989,234405,4.35
Evermore,Alyson Noel,The Immortals,1,The Immortals,goodreads_dump,3975774,4021549,167192,9780312532758,232578,3.59
Dark Lover,J.R. Ward,Black Dagger Brotherhood,1,Black Dagger Brotherhood,goodreads_dump,42899,2158128,160993,9780451216953,231228,4.21
A Discovery of Witches,Deborah Harkness,All Souls Trilogy,1,All Souls Trilogy,goodreads_dump,8667848,13190160,266130,9780670022410,230866,3.99
The Death Cure,James Dashner,The Maze Runner,3,The Maze Runner,goodreads_dump,7864437,11022464,534887,9780385738774,229304,3.77
Crescendo,Becca Fitzpatrick,"Hush, Hush",2,"Hush, Hush",goodreads_dump,7791997,6867038,179081,9781416989431,229280,4.07
Hatchet,Gary Paulsen,Brian's Saga,1,Brian's Saga,goodreads_dump,50,1158125,268218,9780689840920,228734,3.68
Spirit Bound,Richelle Mead,Vampire Academy,5,Vampire Academy,goodreads_dump,6479259,6670482,171164,9781595142504,226206,4.37
Bared to You,Sylvia Day,Crossfire,1,Crossfire,goodreads_dump,13572249,18973111,340088,9780425263907,222810,4.19
The Final Empire,Brandon Sanderson,Mistborn,1,Mistborn,goodreads_dump,68428,66322,145379,9780765311788,216149,4.43
Brisingr,Christopher Paolini,The Inheritance Cycle,3,The Inheritance Cycle,goodreads_dump,2248573,3124969,165305,9780375826726,215791,4.03
Last Sacrifice,Richelle Mead,Vampire Academy,6,Vampire Academy,goodreads_dump,6527740,13385418,178100,9781595143068,211325,4.42
Winnie-the-Pooh,A.A. Milne,Winnie-the-Pooh,1,Winnie-the-Pooh,goodreads_dump,99107,1225592,422808,9780525467564,210450,4.34
Odd Thomas,Dean Koontz,Odd Thomas,1,Odd Thomas,goodreads_dump,14995,4574034,167753,9780553384284,208258,3.94
Storm Front,Jim Butcher,The Dresden Files,1,The Dresden Files,goodreads_dump,47212,1137060,155180,9780451457813,207352,4.02
Betrayed,P.C. Cast,House of Night,2,House of Night,goodreads_dump,676924,662923,151539,9780312360283,206646,3.93
Red Queen,Victoria Aveyard,Red Queen,1,Red Queen,goodreads_dump,22328546,25037051,682705,9780062310637,205243,4.08
Daughter of Smoke & Bone,Laini Taylor,Daughter of Smoke & Bone,1,Daughter of Smoke & Bone,goodreads_dump,8490112,13355552,298928,9780316134026,204609,4.04
The Twilight Saga Breaking Dawn Part 1: The Official Illustrated Movie Companion,Mark Cotta Vaz,The Twilight Saga: The Official Illustrated Movie Companion,4,The Twilight Saga: The Official Illustrated Movie Companion,goodreads_dump,11260526,16187316,335637,9780316134118,203853,4.30
Things Fall Apart,Chinua Achebe,The African Trilogy,1,The African Trilogy,goodreads_dump,37781,825843,851749,9780385474542,203559,3.61
Dead to the World,Charlaine Harris,Sookie Stackhouse,4,Sookie Stackhouse,goodreads_dump,140077,1808005,159024,9780441012183,203048,4.13
The City of Ember,Jeanne DuPrau,Book of Ember,1,Book of Ember,goodreads_dump,307791,2285229,161611,9780375822742,202775,3.85
Perfect Chemistry,Simone Elkeles,Perfect Chemistry,1,Perfect Chemistry,goodreads_dump,4268157,4315675,167494,9780802798237,202115,4.07
"I, Robot",Isaac Asimov,Robot,.1,Robot,goodreads_dump,41804,1796026,179172,9780553803709,201196,4.17
Little House on the Prairie,Laura Ingalls Wilder,Little House,2,Little House,goodreads_dump,77767,2884161,164100,9780064400022,200877,4.18
Scarlet,Marissa Meyer,The Lunar Chronicles,2,The Lunar Chronicles,goodreads_dump,13206760,18390691,319987,9780312642969,200430,4.30
The Three Musketeers,Alexandre Dumas,The D'Artagnan Romances,1,The D'Artagnan Romances,goodreads_dump,7190,1263212,220200,,198892,4.06
Red Dragon,Thomas Harris,Hannibal Lecter,1,Hannibal Lecter,goodreads_dump,28877,925503,207927,9780525945567,198259,4.02
The Princess Diaries,Meg Cabot,The Princess Diaries,1,The Princess Diaries,goodreads_dump,38980,2073907,160552,9780613371650,196360,3.76
Where She Went,Gayle Forman,If I Stay,2,If I Stay,goodreads_dump,8492825,10706553,185464,9780525422945,196276,4.05
Silence,Becca Fitzpatrick,"Hush, Hush",3,"Hush, Hush",goodreads_dump,10637766,14158688,189010,9781442426641,196160,4.16
The Amber Spyglass,Philip Pullman,His Dark Materials,3,His Dark Materials,goodreads_dump,18122,1774510,158863,9780440238157,196022,4.07
The Color of Magic,Terry Pratchett,Discworld,1,Discworld,goodreads_dump,34497,194190,146780,9780060855925,195805,3.98
Pretties,Scott Westerfeld,Uglies,2,Uglies,goodreads_dump,24768,1568076,157870,9780689865398,195561,3.85
In the Woods,Tana French,Dublin Murder Squad,1,Dublin Murder Squad,goodreads_dump,237209,3088141,198076,9780670038602,194636,3.75
Hopeless,Colleen Hoover,Hopeless,1,Hopeless,goodreads_dump,15717943,21389085,468993,9781301949823,194321,4.33
The Horse and His Boy,C.S. Lewis,The Chronicles of Narnia (Publication Order),5,The Chronicles of Narnia (Publication Order),goodreads_dump,84119,3294501,186115,9780439861366,193081,3.90
Untamed,P.C. Cast,House of Night,4,House of Night,goodreads_dump,2866718,2892871,164124,9780312379834,192869,3.95
Living Dead in Dallas,Charlaine Harris,Sookie Stackhouse,2,Sookie Stackhouse,goodreads_dump,110494,738775,152096,9781841493008,192189,3.97
Maus I: A Survivor's Tale: My Father Bleeds History,Art Spiegelman,Maus,1,Maus,goodreads_dump,15196,1947012,186595,9780394541556,189288,4.35
Chosen,P.C. Cast,House of Night,3,House of Night,goodreads_dump,1326258,1315683,156478,9780312360306,185645,3.91
Neuromancer,William Gibson,Sprawl,1,Sprawl,goodreads_dump,22328,909457,153514,9780441569595,184611,3.88
The Good Earth,Pearl S. Buck,House of Earth,1,House of Earth,goodreads_dump,1078,2346070,161837,9781416500186,184111,3.97
Pandemonium,Lauren Oliver,Delirium,2,Delirium,goodreads_dump,9593911,14480923,205947,9780061978067,183654,4.07
City of Heavenly Fire,Cassandra Clare,The Mortal Instruments,6,The Mortal Instruments,goodreads_dump,8755785,13629068,178584,9781481426305,183343,4.48
Dragonfly in Amber,Diana Gabaldon,Outlander,2,Outlander,goodreads_dump,5364,2866304,164014,9780385335973,183055,4.31
The No. 1 Ladies' Detective Agency,Alexander McCall Smith,No. 1 Ladies' Detective Agency,1,No. 1 Ladies' Detective Agency,goodreads_dump,7061,826298,152883,9781400034772,183034,3.76
A Court of Thorns and Roses,Sarah J. Maas,A Court of Thorns and Roses,1,A Court of Thorns and Roses,goodreads_dump,16096824,21905102,503685,9781619634442,182581,4.28
Club Dead,Charlaine Harris,Sookie Stackhouse,3,Sookie Stackhouse,goodreads_dump,140082,602144,150934,9781841493015,182560,4.03
Shatter Me,Tahereh Mafi,Shatter Me,1,Shatter Me,goodreads_dump,10429045,15333458,289139,9780062085481,180738,4.01
Wizard's First Rule,Terry Goodkind,Sword of Truth,1,Sword of Truth,goodreads_dump,43889,1323305,156551,9780765346520,178908,4.13
The Clan of the Cave Bear,Jean M. Auel,Earth's Children,1,Earth's Children,goodreads_dump,1295,1584694,157959,9780553381672,178163,4.02
Torment,Lauren Kate,Fallen,2,Fallen,goodreads_dump,7740152,7380161,173891,9780385739146,177121,3.89
A Great and Terrible Beauty,Libba Bray,Gemma Doyle,1,Gemma Doyle,goodreads_dump,3682,2113193,160750,9780689875342,175173,3.79
The Angel Experiment,James Patterson,Maximum Ride,1,Maximum Ride,goodreads_dump,13152,1829521,228796,9780446617796,174829,4.08
2001: A Space Odyssey,Arthur C. Clarke,Space Odyssey,1,Space Odyssey,goodreads_dump,70535,208362,178930,9780451457998,174587,4.12
Something Blue,Emily Giffin,Darcy & Rachel,2,Darcy & Rachel,goodreads_dump,42155,1470371,229079,9780312323868,174284,3.92
The Silver Chair,C.S. Lewis,The Chronicles of Narnia (Publication Order),4,The Chronicles of Narnia (Publication Order),goodreads_dump,65641,1419727,178716,9780064405041,173392,3.95
Fall of Giants,Ken Follett,The Century Trilogy,1,The Century Trilogy,goodreads_dump,7315573,8842841,420912,9780525951650,173110,4.26
Dead as a Doornail,Charlaine Harris,Sookie Stackhouse,5,Sookie Stackhouse,goodreads_dump,170210,1053933,154543,9780441013333,170673,4.01
Cress,Marissa Meyer,The Lunar Chronicles,3,The Lunar Chronicles,goodreads_dump,13206828,18390772,319988,9780312642976,170191,4.46
Postmortem,Patricia Cornwell,Kay Scarpetta,1,Kay Scarpetta,goodreads_dump,6534,1045067,154477,9780743477154,170061,4.01
Crown of Midnight,Sarah J. Maas,Throne of Glass,2,Throne of Glass,goodreads_dump,17167166,21581860,411528,9781619630628,169307,4.49
Little House in the Big Woods,Laura Ingalls Wilder,Little House,1,Little House,goodreads_dump,8337,1200805,155660,9780060885373,169250,4.16
Obsidian,Jennifer L. Armentrout,Lux,1,Lux,goodreads_dump,12578077,17588854,292255,9781620610077,168186,4.23
Clockwork Princess,Cassandra Clare,The Infernal Devices,3,The Infernal Devices,goodreads_dump,18335634,6309710,521005,9781406321340,167406,4.59
Speaker for the Dead,Orson Scott Card,The Ender Quintet,2,The Ender Quintet,goodreads_dump,7967,2327777,161780,9780812550757,166874,4.04
The House of Hades,Rick Riordan,The Heroes of Olympus,4,The Heroes of Olympus,goodreads_dump,12127810,21539506,407206,9781423146728,166160,4.55
Killing Floor,Lee Child,Jack Reacher,1,Jack Reacher,goodreads_dump,78129,4511038,167688,9780515141429,166059,4.04
The Great Hunt,Robert Jordan,The Wheel of Time,2,The Wheel of Time,goodreads_dump,233649,1574475,157901,9780812517729,165160,4.21
Left Behind,Tim LaHaye,Left Behind,1,Left Behind,goodreads_dump,27523,972769,186761,9780842342704,164593,3.82
Definitely Dead,Charlaine Harris,Sookie Stackhouse,6,Sookie Stackhouse,goodreads_dump,140079,1174101,155457,9780441014910,164175,4.02
All Together Dead,Charlaine Harris,Sookie Stackhouse,7,Sookie Stackhouse,goodreads_dump,140075,3159810,165449,9780441014941,163671,4.05
Voyager,Diana Gabaldon,Outlander,3,Outlander,goodreads_dump,10987,1131570,155158,9780385335997,162704,4.38
Jurassic Park,Michael Crichton,Jurassic Park,1,Jurassic Park,goodreads_dump,6424171,3376836,330039,9780345370778,161300,3.97
The Last Battle,C.S. Lewis,The Chronicles of Narnia (Publication Order),7,The Chronicles of Narnia (Publication Order),goodreads_dump,84369,1059917,186117,9780007202324,161148,4.03
The Iron King,Julie Kagawa,The Iron Fey,1,The Iron Fey,goodreads_dump,6644117,6838626,172155,9780373210084,159774,3.92
The Mists of Avalon,Marion Zimmer Bradley,Avalon,1,Avalon,goodreads_dump,402045,806813,193706,9780345350497,159497,4.12
Pretty Little Liars,Sara Shepard,Pretty Little Liars,1,Pretty Little Liars,goodreads_dump,162085,2191061,161145,9780060887308,158616,3.90
A Wizard of Earthsea,Ursula K. Le Guin,Earthsea Cycle,1,Earthsea Cycle,goodreads_dump,13642,113603,145977,9780553383041,157732,3.99
The Restaurant at the End of the Universe,Douglas Adams,Hitchhiker's Guide to the Galaxy,2,Hitchhiker's Guide to the Galaxy,goodreads_dump,8695,1877624,159487,9780345418920,157408,4.22
The Well of Ascension,Brandon Sanderson,Mistborn,2,Mistborn,goodreads_dump,68429,2120474,160805,9780765316882,156471,4.35
The Dragon Reborn,Robert Jordan,The Wheel of Time,3,The Wheel of Time,goodreads_dump,34897,791061,152556,9780765305114,156099,4.23
Oryx and Crake,Margaret Atwood,MaddAddam,1,MaddAddam,goodreads_dump,46756,3143431,223771,9780385721677,155013,4.00
Slammed,Colleen Hoover,Slammed,1,Slammed,goodreads_dump,13372690,18602144,375848,,154232,4.29
Prodigy,Marie Lu,Legend,2,Legend,goodreads_dump,13414446,18712554,333025,9780399256769,154008,4.29
Darkly Dreaming Dexter,Jeff Lindsay,Dexter,1,Dexter,goodreads_dump,17231,2113743,160753,9780307277886,152813,3.90
The Magicians,Lev Grossman,The Magicians,1,The Magicians,goodreads_dump,6101718,6278977,191746,9780670020553,152315,3.48
"I'd Tell You I Love You, But Then I'd Have to Kill You",Ally Carter,Gallagher Girls,1,Gallagher Girls,goodreads_dump,852470,1008494,154238,9781423100034,152052,3.82
From Dead to Worse,Charlaine Harris,Sookie Stackhouse,8,Sookie Stackhouse,goodreads_dump,2233407,3159807,165446,9780441015894,152039,4.01
Beastly,Alex Flinn,Kendra Chronicles,1,Kendra Chronicles,goodreads_dump,544891,532177,824009,9780060874162,151529,3.84
The Way of Kings,Brandon Sanderson,The Stormlight Archive,1,The Stormlight Archive,goodreads_dump,7235533,8134945,178728,9780765326355,151473,4.64
The Lincoln Lawyer,Michael Connelly,Mickey Haller,1,Mickey Haller,goodreads_dump,79885,1427801,157178,9780739465516,151388,4.14
Inheritance,Christopher Paolini,The Inheritance Cycle,4,The Inheritance Cycle,goodreads_dump,7664041,10260587,211079,9780375856112,150119,4.08
The Hero of Ages,Brandon Sanderson,Mistborn,3,Mistborn,goodreads_dump,2767793,2793516,163704,9780765316899,149260,4.46
The Short Second Life of Bree Tanner,Stephenie Meyer,Twilight,3.5,Twilight,goodreads_dump,7937462,11342428,179041,9780316125581,147305,3.51
The One,Kiera Cass,The Selection,3,The Selection,goodreads_dump,18635016,21587145,412075,9780062059994,147298,4.21
Unwind,Neal Shusterman,Unwind Dystology,1,Unwind Dystology,goodreads_dump,764347,750423,152255,9781416912040,147134,4.18
Gone,Michael Grant,Gone,1,Gone,goodreads_dump,2536134,2543657,162715,9780061448768,146938,3.86
Dead and Gone,Charlaine Harris,Sookie Stackhouse,9,Sookie Stackhouse,goodreads_dump,5161066,5228078,168340,9780441017157,146134,4.01
Patriot Games,Tom Clancy,Jack Ryan Universe,2,Jack Ryan Universe,goodreads_dump,32682,5054702,869650,9780425134351,145738,4.11
The Bourne Supremacy,Robert Ludlum,Jason Bourne,2,Jason Bourne,goodreads_dump,15769,2508588,162540,9780752863887,145492,4.10
To All the Boys I've Loved Before,Jenny Han,To All the Boys I've Loved Before,1,To All the Boys I've Loved Before,goodreads_dump,15749186,21442106,590528,,144832,4.11
The Vampire Lestat,Anne Rice,The Vampire Chronicles,2,The Vampire Chronicles,goodreads_dump,43814,3241580,165754,9780345476883,143109,4.06
Entwined with You,Sylvia Day,Crossfire,3,Crossfire,goodreads_dump,15731779,21411971,393591,9780425263921,143017,4.19
Shadow and Bone,Leigh Bardugo,Grisha Verse,1,Grisha Verse,goodreads_dump,10194157,15093325,313472,9780805094596,143005,4.05
The Mysterious Affair at Styles,Agatha Christie,Hercule Poirot,1,Hercule Poirot,goodreads_dump,16343,3366260,227078,9780646418438,142922,3.98
"Death Note, Vol. 1: Boredom",Tsugumi Ohba,Death Note,1,Death Note,goodreads_dump,13615,1782155,205782,9781421501680,142755,4.42
"Saga, Vol. 1",Brian K. Vaughan,Saga,1,Saga,goodreads_dump,15704307,19113524,736247,9781607066019,142640,4.24
Bloodlines,Richelle Mead,Bloodlines,1,Bloodlines,goodreads_dump,8709527,13582374,214779,9781595143174,142450,4.22
Specials,Scott Westerfeld,Uglies,3,Uglies,goodreads_dump,24765,3278286,165941,9780689865404,140761,3.77
Fallen Too Far,Abbi Glines,Rosemary Beach,1,Rosemary Beach,goodreads_dump,16070903,21864517,535076,,140420,4.21
Lover Eternal,J.R. Ward,Black Dagger Brotherhood,2,Black Dagger Brotherhood,goodreads_dump,35729,1593685,158022,9780451218049,140173,4.35
Murder on the Orient Express,Agatha Christie,Hercule Poirot,10,Hercule Poirot,goodreads_dump,16304,2285570,227083,9780425200452,139919,4.16
Hunted,P.C. Cast,House of Night,5,House of Night,goodreads_dump,4134071,4181277,167395,9780312379827,139494,3.93
Sabriel,Garth Nix,Abhorsen,1,Abhorsen,goodreads_dump,518848,3312237,166132,9780064471831,139045,4.17
Midnight Sun,Stephenie Meyer,Twilight,1.5,Twilight,goodreads_dump,4502877,4551869,167728,,138855,4.03
On Dublin Street,Samantha Young,On Dublin Street,1,On Dublin Street,goodreads_dump,15760001,21459719,437166,,138479,4.24
Mrs. Frisby and the Rats of NIMH,Robert C. O'Brien,Rats of NIMH,1,Rats of NIMH,goodreads_dump,9822,839692,422631,9780689862205,138003,4.13
Batman: The Dark Knight Returns,Frank Miller,The Dark Knight Saga,1,The Dark Knight Saga,goodreads_dump,59960,1104159,767001,9781563893414,136853,4.25
Easy,Tammara Webber,Contours of the Heart,1,Contours of the Heart,goodreads_dump,16056408,19113823,589427,9780425266748,136748,4.11
Wallbanger,Alice Clayton,Cocktail,1,Cocktail,goodreads_dump,15858248,21607771,562347,9781623420024,136476,4.10
"Life, the Universe and Everything",Douglas Adams,Hitchhiker's Guide to the Galaxy,3,Hitchhiker's Guide to the Galaxy,goodreads_dump,8694,74123,145467,9780345418906,135915,4.19
Lover Awakened,J.R. Ward,Black Dagger Brotherhood,3,Black Dagger Brotherhood,goodreads_dump,42900,1214837,155759,9780451219367,135496,4.45
Walking Disaster,Jamie McGuire,Beautiful,2,Beautiful,goodreads_dump,15745950,21436019,493318,9781476712987,135482,4.23
The Summoning,Kelley Armstrong,Darkest Powers,1,Darkest Powers,goodreads_dump,2800905,2451397,218191,9780061662690,133998,4.03
Assassin's Apprentice,Robin Hobb,Farseer Trilogy,1,Farseer Trilogy,goodreads_dump,45107,171715,146510,9780006480099,133239,4.14
The Reptile Room,Lemony Snicket,A Series of Unfortunate Events,2,A Series of Unfortunate Events,goodreads_dump,78418,888312,153354,9780439206488,133102,3.95
Mr. Mercedes,Stephen King,Bill Hodges Trilogy,1,Bill Hodges Trilogy,goodreads_dump,18775247,26680281,687725,9781476754451,131940,3.92
Wicked Lovely,Melissa Marr,Wicked Lovely,1,Wicked Lovely,goodreads_dump,305234,296240,147838,9780061214653,131931,3.69
Mort,Terry Pratchett,Discworld,1,Discworld,goodreads_dump,386372,1857065,159367,9780061020681,131684,4.22
Moon Called,Patricia Briggs,Mercy Thompson,1,Mercy Thompson,goodreads_dump,71811,69530,145417,9780441013814,131449,4.18
Heir of Fire,Sarah J. Maas,Throne of Glass,3,Throne of Glass,goodreads_dump,20613470,25128502,503769,9781619630659,131440,4.53
World Without End,Ken Follett,Kingsbridge,2,Kingsbridge,goodreads_dump,5064,2845518,256277,9780525950073,131148,4.24
The Passage,Justin Cronin,The Passage,1,The Passage,goodreads_dump,6690798,2802546,207821,9780345504968,129151,4.04
The Raven Boys,Maggie Stiefvater,The Raven Cycle,1,The Raven Cycle,goodreads_dump,17675462,18970934,339483,9780545424929,129139,4.05
Tempted,P.C. Cast,House of Night,6,House of Night,goodreads_dump,6262365,6445600,169857,9781905654581,128604,3.96
Preludes & Nocturnes,Neil Gaiman,The Sandman,1,The Sandman,goodreads_dump,23754,1228437,155838,9781563892271,128419,4.29
Dead in the Family,Charlaine Harris,Sookie Stackhouse,10,Sookie Stackhouse,goodreads_dump,7091488,6902804,172447,9780441018642,128345,3.88
Drums of Autumn,Diana Gabaldon,Outlander,4,Outlander,goodreads_dump,10988,3123704,165296,9780385335980,127093,4.34
Howl's Moving Castle,Diana Wynne Jones,Howl's Moving Castle,1,Howl's Moving Castle,goodreads_dump,6294,2001,379469,9780064410342,126706,4.30
Linger,Maggie Stiefvater,The Wolves of Mercy Falls,2,The Wolves of Mercy Falls,goodreads_dump,6654313,6848948,172195,9780545123280,126602,3.91
The Constant Princess,Philippa Gregory,The Plantagenet and Tudor Novels,6,The Plantagenet and Tudor Novels,goodreads_dump,16181,1745738,958556,9780743272490,125959,3.88
Hyperion,Dan Simmons,Hyperion Cantos,1,Hyperion Cantos,goodreads_dump,77566,1383900,156894,9780553283686,125283,4.21
Every Day,David Levithan,Every Day,1,Every Day,goodreads_dump,13262783,18464379,522539,9780307931887,125243,3.99
The Silkworm,Robert Galbraith,Cormoran Strike,2,Cormoran Strike,goodreads_dump,18214414,25639104,525432,9780316206877,124817,4.04
The Shadow Rising,Robert Jordan,The Wheel of Time,4,The Wheel of Time,goodreads_dump,9539,6591373,170698,9780812513738,124571,4.21
Firefly Lane,Kristin Hannah,Firefly Lane,1,Firefly Lane,goodreads_dump,1472878,1463850,436947,9780312364083,124404,4.04
The Lies of Locke Lamora,Scott Lynch,Gentleman Bastard,1,Gentleman Bastard,goodreads_dump,127455,2116675,160777,9780553804676,123373,4.30
The Bone Collector,Jeffery Deaver,Lincoln Rhyme,1,Lincoln Rhyme,goodreads_dump,2373,2589896,162921,9780451188458,122211,4.18
Oedipus Rex,Sophocles,The Theban Plays,1,The Theban Plays,goodreads_dump,1554,3098166,165092,9781580495936,122126,3.67
Passion,Lauren Kate,Fallen,3,Fallen,goodreads_dump,9369720,10958266,176328,9780385739160,121654,3.89
Burned,P.C. Cast,House of Night,7,House of Night,goodreads_dump,6917952,7145410,173129,9781905654949,121609,3.98
The White Queen,Philippa Gregory,The Plantagenet and Tudor Novels,2,The Plantagenet and Tudor Novels,goodreads_dump,5971165,13560666,958552,9781416563686,121337,3.91
The Wide Window,Lemony Snicket,A Series of Unfortunate Events,3,A Series of Unfortunate Events,goodreads_dump,438492,1168377,155426,9780064407687,121250,3.91
Gabriel's Inferno,Sylvain Reynard,Gabriel's Inferno,1,Gabriel's Inferno,goodreads_dump,10140661,15038778,382349,9781936305629,120765,4.02
A is for Alibi,Sue Grafton,Kinsey Millhone,1,Kinsey Millhone,goodreads_dump,64863,1299178,156385,9780312938994,120419,3.82
A Court of Mist and Fury,Sarah J. Maas,A Court of Thorns and Roses,2,A Court of Thorns and Roses,goodreads_dump,17927395,25126749,503752,,120403,4.71
Persepolis: The Story of a Childhood,Marjane Satrapi,Persepolis,1,Persepolis,goodreads_dump,9516,3303888,166088,9780375714573,119470,4.23
The Edge of Never,J.A. Redmerski,The Edge of Never,1,The Edge of Never,goodreads_dump,16081272,21880254,471797,9781480095533,119095,4.26
The Wedding,Nicholas Sparks,The Notebook,2,The Notebook,goodreads_dump,3466,1208014,453040,9780446615860,118932,3.98
The Throne of Fire,Rick Riordan,Kane Chronicles,2,Kane Chronicles,goodreads_dump,9067850,13945952,199449,9781423140566,118908,4.20
Around the World in Eighty Days,Jules Verne,Extraordinary Voyages,11,Extraordinary Voyages,goodreads_dump,54479,4537271,1087314,9780140449068,118793,3.91
Champion,Marie Lu,Legend,3,Legend,goodreads_dump,14290364,19931517,388548,9780399256776,118599,4.37
Blue Bloods,Melissa de la Cruz,Blue Bloods,1,Blue Bloods,goodreads_dump,872333,857698,153151,9780786838929,117633,3.68
Two for the Dough,Janet Evanovich,Stephanie Plum,2,Stephanie Plum,goodreads_dump,6427,617151,151109,9780140255553,117480,4.11
"Ouran High School Host Club, Vol. 1",Bisco Hatori,Ouran High School Host Club,1,Ouran High School Host Club,goodreads_dump,1087204,2192688,208920,9781591169154,117466,4.36
Ender's Shadow,Orson Scott Card,Ender's Shadow,1,Ender's Shadow,goodreads_dump,9532,3145587,165391,9780765342409,117388,4.30
Gathering Blue,Lois Lowry,The Giver,2,The Giver,goodreads_dump,12936,2134456,160862,9780385732567,117034,3.80
The Heir,Kiera Cass,The Selection,4,The Selection,goodreads_dump,22918050,42484814,673973,,116481,3.85
The Blood of Olympus,Rick Riordan,The Heroes of Olympus,5,The Heroes of Olympus,goodreads_dump,18705209,17115101,278161,9781423146735,115576,4.42
Three to Get Deadly,Janet Evanovich,Stephanie Plum,3,Stephanie Plum,goodreads_dump,6854,1341652,156632,9780312966096,114650,4.14
Aristotle and Dante Discover the Secrets of the Universe,Benjamin Alire Saenz,Aristotle and Dante Discover the Secrets of the Universe,1,Aristotle and Dante Discover the Secrets of the Universe,goodreads_dump,12000020,16964419,871587,9781442408920,114429,4.34
"Angus, Thongs and Full-Frontal Snogging",Louise Rennison,Confessions of Georgia Nicolson,1,Confessions of Georgia Nicolson,goodreads_dump,402013,108471,145914,9780060288143,113977,3.74
Fool Moon,Jim Butcher,The Dresden Files,2,The Dresden Files,goodreads_dump,91477,855288,153122,9780451458124,113717,4.04
Beautiful Bastard,Christina Lauren,Beautiful Bastard,1,Beautiful Bastard,goodreads_dump,16102004,21912533,437112,9781476730103,113716,4.05
Mr. Penumbra's 24-Hour Bookstore,Robin Sloan,Mr. Penumbra's 24-Hour Bookstore,1,Mr. Penumbra's 24-Hour Bookstore,goodreads_dump,13538873,6736543,553583,9780374214913,113686,3.75
Onyx,Jennifer L. Armentrout,Lux,2,Lux,goodreads_dump,13047090,18211575,308330,9781620610114,113353,4.33
Darkfever,Karen Marie Moning,Fever,1,Fever,goodreads_dump,112750,108558,145917,9780385339155,112825,4.13
Unravel Me,Tahereh Mafi,Shatter Me,2,Shatter Me,goodreads_dump,13104080,18276967,312692,9780062085535,112628,4.28
The Queen of the Damned,Anne Rice,The Vampire Chronicles,3,The Vampire Chronicles,goodreads_dump,43758,3147123,165401,9780345419620,112032,3.87
The Way of Shadows,Brent Weeks,Night Angel,1,Night Angel,goodreads_dump,3227063,3261241,165871,9780316033671,111914,4.15
Red Rising,Pierce Brown,Red Rising Saga,1,Red Rising Saga,goodreads_dump,15839976,21580644,566668,9780345539786,111423,4.26
Hex Hall,Rachel Hawkins,Hex Hall,1,Hex Hall,goodreads_dump,5287473,5354884,168411,9781423121305,111246,3.96
Guards! Guards!,Terry Pratchett,Discworld,8,Discworld,goodreads_dump,64216,1128601,155131,9780061020643,111095,4.32
Flowers in the Attic,V.C. Andrews,Dollanganger,1,Dollanganger,goodreads_dump,43448,3311885,166128,9780743496315,111045,3.79
Reached,Ally Condie,Matched,3,Matched,goodreads_dump,13125947,14449480,206285,9780525423669,110994,3.56
The Lost Colony,Eoin Colfer,Artemis Fowl,5,Artemis Fowl,goodreads_dump,37586,1866210,159424,9780786849567,110561,4.01
Lola and the Boy Next Door,Stephanie Perkins,Anna and the French Kiss,2,Anna and the French Kiss,goodreads_dump,9961796,7149084,587712,9780525423287,110284,4.00
Tales of a Fourth Grade Nothing,Judy Blume,Fudge,1,Fudge,goodreads_dump,37741,879886,190743,9780425193792,109786,4.09
Finale,Becca Fitzpatrick,"Hush, Hush",4,"Hush, Hush",goodreads_dump,12751687,17892468,296762,9781442426672,109752,4.22
Point of Retreat,Colleen Hoover,Slammed,2,Slammed,goodreads_dump,13496084,19038910,375849,,109481,4.30
The Arctic Incident,Eoin Colfer,Artemis Fowl,2,Artemis Fowl,goodreads_dump,114955,508999,149972,9780786851478,109299,3.95
Halfway to the Grave,Jeaniene Frost,Night Huntress,1,Night Huntress,goodreads_dump,1421990,1412415,302355,9780061245084,108349,4.18
Shanghai Girls,Lisa See,Shanghai Girls,1,Shanghai Girls,goodreads_dump,5960325,5991850,304558,9781400067114,108206,3.88
Four to Score,Janet Evanovich,Stephanie Plum,4,Stephanie Plum,goodreads_dump,6422,2322486,161762,9780312966973,108065,4.17
"Naruto, Vol. 01: The Tests of the Ninja",Masashi Kishimoto,Naruto,1,Naruto,goodreads_dump,204042,197436,240773,9781569319000,107910,4.35
Wait for You,J. Lynn,Wait for You,1,Wait for You,goodreads_dump,17314430,23981243,479991,2940016231921,107665,4.19
Foundation and Empire,Isaac Asimov,Foundation (Publication Order),2,Foundation (Publication Order),goodreads_dump,29581,1703483,250808,9780553803723,107563,4.20
The Summer I Turned Pretty,Jenny Han,Summer,1,Summer,goodreads_dump,5821978,5994018,200627,9781416968238,107037,3.96
Clear and Present Danger,Tom Clancy,Jack Ryan Universe,6,Jack Ryan Universe,goodreads_dump,32669,5054704,869654,9780425144374,106768,4.08
The Bean Trees,Barbara Kingsolver,Greer Family,1,Greer Family,goodreads_dump,30868,1095121,390732,9780812474947,106721,3.95
Winter,Marissa Meyer,The Lunar Chronicles,4,The Lunar Chronicles,goodreads_dump,13206900,18390887,319989,9780312642983,106410,4.49
Shōgun,James Clavell,Asian Saga: Chronological Order,1,Asian Saga: Chronological Order,goodreads_dump,402093,1755568,591617,9780440178002,106404,4.37
Xenocide,Orson Scott Card,The Ender Quintet,3,The Ender Quintet,goodreads_dump,8648,1150594,155284,9780312861872,106182,3.77
Queen of Shadows,Sarah J. Maas,Throne of Glass,4,Throne of Glass,goodreads_dump,18006496,25272067,509914,9781619636040,106182,4.60
The Fiery Cross,Diana Gabaldon,Outlander,5,Outlander,goodreads_dump,10967,1189893,155589,9780440221661,106064,4.26
Crank,Ellen Hopkins,Crank,1,Crank,goodreads_dump,270730,262457,147386,9780689865190,105994,4.16
Guilty Pleasures,Laurell K. Hamilton,"Anita Blake, Vampire Hunter",1,"Anita Blake, Vampire Hunter",goodreads_dump,30281,3349934,178755,9780425197547,105687,4.02
Pride and Prejudice and Zombies,Seth Grahame-Smith,Pride and Prejudice and Zombies,1,Pride and Prejudice and Zombies,goodreads_dump,5899779,6072122,248552,9781594743344,105537,3.28
Vision in White,Nora Roberts,Bride Quartet,1,Bride Quartet,goodreads_dump,5598113,5769464,168630,9780425227510,105122,4.10
Wolf Hall,Hilary Mantel,Thomas Cromwell Trilogy,1,Thomas Cromwell Trilogy,goodreads_dump,6101138,6278354,349935,9780007230204,105085,3.85
After You,Jojo Moyes,Me Before You,2,Me Before You,goodreads_dump,25041504,44693518,747512,,105053,3.70
The Deep End of the Ocean,Jacquelyn Mitchard,Cappadora Family,1,Cappadora Family,goodreads_dump,5161,1207024,279183,9780140286274,103965,3.84
The Miserable Mill,Lemony Snicket,A Series of Unfortunate Events,4,A Series of Unfortunate Events,goodreads_dump,65119,1209957,155739,9780439272636,103546,3.83
The Black Echo,Michael Connelly,Harry Bosch,1,Harry Bosch,goodreads_dump,32508,48262,145114,9780446612739,103341,4.09
Crossed,Ally Condie,Matched,2,Matched,goodreads_dump,15812814,14449475,206284,9780142421710,103216,3.52
Awakened,P.C. Cast,House of Night,8,House of Night,goodreads_dump,8652190,7366280,173827,9780312650247,102786,4.02
The Knife of Never Letting Go,Patrick Ness,Chaos Walking,1,Chaos Walking,goodreads_dump,2118745,2124180,160818,9781406310252,102233,3.96
Six of Crows,Leigh Bardugo,Six of Crows,1,Six of Crows,goodreads_dump,23437156,42077459,654347,9781627792127,102183,4.46
Déjà Dead,Kathy Reichs,Temperance Brennan,1,Temperance Brennan,goodreads_dump,231604,866667,153211,9780671011369,102084,3.86
Unearthly,Cynthia Hand,Unearthly,1,Unearthly,goodreads_dump,7488244,9621771,210506,9780061996160,102051,4.05
Requiem,Lauren Oliver,Delirium,3,Delirium,goodreads_dump,9593913,14480925,205948,9780062014535,101976,3.74
Anne of Avonlea,L.M. Montgomery,Anne of Green Gables,2,Anne of Green Gables,goodreads_dump,77390,63845,145342,9780553213140,101558,4.21
Fablehaven,Brandon Mull,Fablehaven,1,Fablehaven,goodreads_dump,44652,2129546,160836,9781590385814,101550,4.08
The Austere Academy,Lemony Snicket,A Series of Unfortunate Events,5,A Series of Unfortunate Events,goodreads_dump,131123,1165972,155400,9780064408639,101412,3.97
The Sweetness at the Bottom of the Pie,Alan Bradley,Flavia de Luce,1,Flavia de Luce,goodreads_dump,6218281,4543476,167714,9780385342308,101397,3.81
The Blade Itself,Joe Abercrombie,The First Law,1,The First Law,goodreads_dump,944073,929009,153614,9780575079793,100720,4.14
Old Man's War,John Scalzi,Old Man's War,1,Old Man's War,goodreads_dump,51964,50700,145151,9780765348272,100702,4.23
Fire,Kristin Cashore,Graceling Realm,2,Graceling Realm,goodreads_dump,6137154,6128277,238152,9780803734616,100435,4.12
Hot Six,Janet Evanovich,Stephanie Plum,6,Stephanie Plum,goodreads_dump,6858,1268422,156188,9780312976279,100421,4.18
Elantris,Brandon Sanderson,Elantris,1,Elantris,goodreads_dump,68427,2908871,423544,9780765350374,100115,4.17
Shopaholic & Baby,Sophie Kinsella,Shopaholic,5,Shopaholic,goodreads_dump,9420,3284660,166028,9780385338707,100034,3.78
Grave Peril,Jim Butcher,The Dresden Files,3,The Dresden Files,goodreads_dump,91476,803205,152700,9780451458445,99751,4.18
Shadow of Night,Deborah Harkness,All Souls Trilogy,2,All Souls Trilogy,goodreads_dump,11559200,16499524,266131,9780670023486,99616,4.05
The Kill Order,James Dashner,The Maze Runner,.5,The Maze Runner,goodreads_dump,13089710,18261314,534882,9780385742887,99576,3.69
The Power of Six,Pittacus Lore,Lorien Legacies,2,Lorien Legacies,goodreads_dump,8659601,13530989,178445,9780061974557,99282,4.17
Lover Revealed,J.R. Ward,Black Dagger Brotherhood,4,Black Dagger Brotherhood,goodreads_dump,42898,2958166,164430,9780451412355,98877,4.30
The Alienist,Caleb Carr,Dr. Laszlo Kreizler,1,Dr. Laszlo Kreizler,goodreads_dump,40024,2266643,302517,9780812976144,98728,4.05
Lover Unbound,J.R. Ward,Black Dagger Brotherhood,5,Black Dagger Brotherhood,goodreads_dump,304027,295059,147828,9780451222350,98668,4.33
Second Foundation,Isaac Asimov,Foundation (Publication Order),3,Foundation (Publication Order),goodreads_dump,29580,64823,250809,9780553803730,98612,4.23
Never Too Far,Abbi Glines,Rosemary Beach,2,Rosemary Beach,goodreads_dump,17029526,23346114,535078,9781301627448,98442,4.21
The Coincidence of Callie & Kayden,Jessica Sorensen,The Coincidence,1,The Coincidence,goodreads_dump,16113791,21930423,449494,,98438,4.20
Poison Study,Maria V. Snyder,Poison Study,1,Poison Study,goodreads_dump,60510,1180409,155540,9780778324331,98319,4.16
Anne of the Island,L.M. Montgomery,Anne of Green Gables,3,Anne of Green Gables,goodreads_dump,77392,535245,150218,9780553213171,98248,4.21
The Opal Deception,Eoin Colfer,Artemis Fowl,4,Artemis Fowl,goodreads_dump,114954,1537541,157751,9781423103998,98163,4.04
Dragonflight,Anne McCaffrey,Dragonriders of Pern,1,Dragonriders of Pern,goodreads_dump,61975,2467422,162359,9780345484260,97408,4.10
Murder at the Vicarage,Agatha Christie,Miss Marple,1,Miss Marple,goodreads_dump,16331,2589654,199037,9781579126254,96493,4.03
Beautiful Darkness,Kami Garcia,Beautiful Creatures,2,Beautiful Creatures,goodreads_dump,7842288,10937544,176297,9780316077057,96320,3.84
The Unlikely Pilgrimage of Harold Fry,Rachel Joyce,Harold Fry,1,Harold Fry,goodreads_dump,13227454,18156927,694450,9780812993295,96066,3.89
Among the Hidden,Margaret Peterson Haddix,Shadow Children,1,Shadow Children,goodreads_dump,227651,1210896,155747,9781416924982,96008,3.97
The Gathering Storm,Robert Jordan,The Wheel of Time,12,The Wheel of Time,goodreads_dump,1166599,1920889,178823,9780765302304,95910,4.35
The Awakening,Kelley Armstrong,Darkest Powers,2,Darkest Powers,goodreads_dump,5391115,4115339,218192,9780061662768,95854,4.16
"Fullmetal Alchemist, Vol. 1",Hiromu Arakawa,Fullmetal Alchemist,1,Fullmetal Alchemist,goodreads_dump,870,1959820,180247,9781591169208,95704,4.49
The Boxcar Children,Gertrude Chandler Warner,The Boxcar Children,1,The Boxcar Children,goodreads_dump,297249,945340,153755,9780807508527,95676,4.09
Life As We Knew It,Susan Beth Pfeffer,Last Survivors,1,Last Survivors,goodreads_dump,213753,206925,146871,,95658,3.89
The Eternity Code,Eoin Colfer,Artemis Fowl,3,Artemis Fowl,goodreads_dump,227865,1333018,156589,9780141321318,95604,4.04
Pushing the Limits,Katie McGarry,Pushing the Limits,1,Pushing the Limits,goodreads_dump,10194514,15093690,416970,9780373210497,95584,4.08
Seven Up,Janet Evanovich,Stephanie Plum,7,Stephanie Plum,goodreads_dump,6424,3207062,165607,9780312980146,95530,4.16
Across the Universe,Beth Revis,Across the Universe,1,Across the Universe,goodreads_dump,8235178,13082532,226757,9781595143976,95443,3.78
Rodrick Rules,Jeff Kinney,Diary of a Wimpy Kid,2,Diary of a Wimpy Kid,goodreads_dump,1809465,3025815,164720,9780810994737,95364,4.10
The Fires of Heaven,Robert Jordan,The Wheel of Time,5,The Wheel of Time,goodreads_dump,13895,588034,150737,9781857232097,95084,4.13
The Iron Daughter,Julie Kagawa,The Iron Fey,2,The Iron Fey,goodreads_dump,7747064,7030241,172777,9780373210138,94859,4.13
Rendezvous with Rama,Arthur C. Clarke,Rama,1,Rama,goodreads_dump,112537,1882772,178926,9781857231588,94581,4.06
Opal,Jennifer L. Armentrout,Lux,3,Lux,goodreads_dump,13362536,18591132,328631,9781620610091,94253,4.34
Shopaholic Takes Manhattan,Sophie Kinsella,Shopaholic,2,Shopaholic,goodreads_dump,9418,3238753,165740,9780440241812,94181,3.75
Hard Eight,Janet Evanovich,Stephanie Plum,8,Stephanie Plum,goodreads_dump,6425,1616132,158158,9780312983864,94068,4.17
"So Long, and Thanks for All the Fish",Douglas Adams,Hitchhiker's Guide to the Galaxy,4,Hitchhiker's Guide to the Galaxy,goodreads_dump,8698,3078120,164981,9780330491235,93984,4.08
The Reckoning,Kelley Armstrong,Darkest Powers,3,Darkest Powers,goodreads_dump,6468666,6659237,218193,9781841497129,93963,4.21
The Goose Girl,Shannon Hale,The Books of Bayern,1,The Books of Bayern,goodreads_dump,179064,2715267,163443,9781582349909,93907,4.18
"Roll of Thunder, Hear My Cry",Mildred D. Taylor,Logans,4,Logans,goodreads_dump,310459,1165554,212270,9780140348934,93822,3.79
High Five,Janet Evanovich,Stephanie Plum,5,Stephanie Plum,goodreads_dump,6423,1874115,159473,9780330371230,93736,4.17
Maus II: A Survivor's Tale: And Here My Troubles Began,Art Spiegelman,Maus,2,Maus,goodreads_dump,15197,1782551,186594,9780679729778,93669,4.40
Towers of Midnight,Robert Jordan,The Wheel of Time,13,The Wheel of Time,goodreads_dump,8253920,7338128,178824,9780765325945,93253,4.42
Summer Knight,Jim Butcher,The Dresden Files,4,The Dresden Files,goodreads_dump,91478,912988,153527,9780451458926,92791,4.30
Lord of Chaos,Robert Jordan,The Wheel of Time,6,The Wheel of Time,goodreads_dump,35231,827903,152895,9780812513752,92754,4.10
School's Out—Forever,James Patterson,Maximum Ride,2,Maximum Ride,goodreads_dump,13139,880271,153311,9780316155595,92572,4.16
Dead Witch Walking,Kim Harrison,The Hollows,1,The Hollows,goodreads_dump,30264,30640,144841,9780060572969,92407,4.04
The Marriage Bargain,Jennifer Probst,Marriage to a Billionaire,1,Marriage to a Billionaire,goodreads_dump,13486122,19022487,369287,9781937044961,92336,3.81
Gabriel's Rapture,Sylvain Reynard,Gabriel's Inferno,2,Gabriel's Inferno,goodreads_dump,13639050,19252471,382351,9781936305551,92016,4.22
The Ersatz Elevator,Lemony Snicket,A Series of Unfortunate Events,6,A Series of Unfortunate Events,goodreads_dump,172327,1168344,155425,9780060566210,91995,4.01
"Vampire Knight, Vol. 1",Matsuri Hino,Vampire Knight,1,Vampire Knight,goodreads_dump,263145,255083,214371,9781421508221,91988,4.10
Lady Midnight,Cassandra Clare,The Dark Artifices,1,The Dark Artifices,goodreads_dump,25494343,19104294,355540,9781442468351,91786,4.46
The Surgeon,Tess Gerritsen,Rizzoli & Isles,1,Rizzoli & Isles,goodreads_dump,32263,2674805,163277,9780553817065,91718,4.10
The Vile Village,Lemony Snicket,A Series of Unfortunate Events,7,A Series of Unfortunate Events,goodreads_dump,150037,324576,148051,9780060566227,91588,3.94
Thoughtless,S.C. Stephens,Thoughtless,1,Thoughtless,goodreads_dump,13517535,14321512,283481,9781461091110,91556,4.12
Journey to the Center of the Earth,Jules Verne,Extraordinary Voyages,3,Extraordinary Voyages,goodreads_dump,32829,1924715,1086611,9780553213973,91226,3.84
Dirk Gently's Holistic Detective Agency,Douglas Adams,Dirk Gently,1,Dirk Gently,goodreads_dump,365,1042123,154462,9780671746728,91027,3.97
Equal Rites,Terry Pratchett,Discworld,3,Discworld,goodreads_dump,34507,583611,150707,9780060855901,90838,4.00
The Mysterious Benedict Society,Trenton Lee Stewart,The Mysterious Benedict Society,1,The Mysterious Benedict Society,goodreads_dump,83369,80497,145547,9780316057776,89891,4.14
The Forever War,Joe Haldeman,The Forever War,1,The Forever War,goodreads_dump,21611,423,215018,9780060510862,89663,4.15
Inferno,Dante Alighieri,La Divina Commedia,1,La Divina Commedia,goodreads_dump,15645,2377563,313415,9780812970067,89429,3.99
Days of Blood & Starlight,Laini Taylor,Daughter of Smoke & Bone,2,Daughter of Smoke & Bone,goodreads_dump,12812550,17961723,298929,9780316133975,89235,4.20
Shopaholic Ties the Knot,Sophie Kinsella,Shopaholic,3,Shopaholic,goodreads_dump,9419,2992357,164614,9780440241898,88958,3.77
A Breath of Snow and Ashes,Diana Gabaldon,Outlander,6,Outlander,goodreads_dump,10965,1750497,158764,9780385340397,88957,4.43
A Crown of Swords,Robert Jordan,The Wheel of Time,7,The Wheel of Time,goodreads_dump,13890,791214,152558,9780812550283,88716,4.01
A Wind in the Door,Madeleine L'Engle,Time Quintet,2,Time Quintet,goodreads_dump,18130,1196035,181635,9780440487616,88326,4.07
"Harry Potter and the Cursed Child, Parts 1 & 2",J.K. Rowling,Harry Potter,8,Harry Potter,goodreads_dump,29069989,48765776,1055430,9781338099133,88302,3.74
Lover Enshrined,J.R. Ward,Black Dagger Brotherhood,6,Black Dagger Brotherhood,goodreads_dump,1240662,1928049,159765,9780451222725,88253,4.12
Magyk,Angie Sage,Septimus Heap,1,Septimus Heap,goodreads_dump,769483,2215929,161262,9780060577315,88144,3.80
To the Nines,Janet Evanovich,Stephanie Plum,9,Stephanie Plum,goodreads_dump,40331,826485,152885,9780747267638,87905,4.16
"Attack on Titan, Vol. 1",Hajime Isayama,Attack on Titan,1,Attack on Titan,goodreads_dump,13154150,18332367,399526,9781612620244,87848,4.42
The Golden Lily,Richelle Mead,Bloodlines,2,Bloodlines,goodreads_dump,8709523,13582370,214760,9781595143181,87841,4.36
Dead Reckoning,Charlaine Harris,Sookie Stackhouse,11,Sookie Stackhouse,goodreads_dump,7981206,12401364,182330,,87802,3.77
One Thousand White Women: The Journals of May Dodd,Jim Fergus,One Thousand White Women,1,One Thousand White Women,goodreads_dump,33512,527677,1054571,9780312199432,87293,3.88
Alanna: The First Adventure,Tamora Pierce,Song of the Lioness,1,Song of the Lioness,goodreads_dump,13831,1936544,159827,9780689878558,87241,4.27
The Amulet of Samarkand,Jonathan Stroud,Bartimaeus Sequence,1,Bartimaeus Sequence,goodreads_dump,334123,1121748,155050,9780786818594,87147,4.00
Extras,Scott Westerfeld,Uglies,4,Uglies,goodreads_dump,493456,3315797,166154,9781416951179,86904,3.59
The Eyre Affair,Jasper Fforde,Thursday Next,1,Thursday Next,goodreads_dump,27003,3436605,166496,9780142001806,86867,3.91
Playing for Keeps,R.L. Mathewson,Neighbor from Hell,1,Neighbor from Hell,goodreads_dump,11381643,16313158,294456,9780983212546,86699,4.08
Ignite Me,Tahereh Mafi,Shatter Me,3,Shatter Me,goodreads_dump,13188676,40181098,596526,,86673,4.44
Blood Bound,Patricia Briggs,Mercy Thompson,2,Mercy Thompson,goodreads_dump,285205,2577848,162885,9780441014736,86338,4.31
The Unbecoming of Mara Dyer,Michelle Hodkin,Mara Dyer,1,Mara Dyer,goodreads_dump,11408650,13460686,303103,,86329,4.09
Forever,Maggie Stiefvater,The Wolves of Mercy Falls,3,The Wolves of Mercy Falls,goodreads_dump,9409458,6961290,172626,9780545259088,86210,3.91
Chocolat,Joanne Harris,Chocolat,1,Chocolat,goodreads_dump,47401,2930558,215413,9780141000183,85971,3.95
The Big Sleep,Raymond Chandler,Philip Marlowe,1,Philip Marlowe,goodreads_dump,2052,1222673,855285,9780394758282,85883,4.03
The Darkest Minds,Alexandra Bracken,The Darkest Minds,1,The Darkest Minds,goodreads_dump,10576365,15483434,851624,9781423157373,85877,4.25
Wither,Lauren DeStefano,The Chemical Garden,1,The Chemical Garden,goodreads_dump,8525590,13392566,180355,9781442409057,85805,3.81
The Last Straw,Jeff Kinney,Diary of a Wimpy Kid,3,Diary of a Wimpy Kid,goodreads_dump,3293821,3330329,166180,9780810970687,85757,4.11
The Carnivorous Carnival,Lemony Snicket,A Series of Unfortunate Events,9,A Series of Unfortunate Events,goodreads_dump,324277,984147,154017,9780064410120,85748,3.97
Lover Avenged,J.R. Ward,Black Dagger Brotherhood,7,Black Dagger Brotherhood,goodreads_dump,5098079,5164827,168274,9780451225856,85525,4.38
Death Masks,Jim Butcher,The Dresden Files,5,The Dresden Files,goodreads_dump,91479,2183,144424,9780451459404,85338,4.32
The Ruins of Gorlan,John Flanagan,Ranger's Apprentice,1,Ranger's Apprentice,goodreads_dump,60400,810498,152760,9780142406632,85295,4.20
Maybe Someday,Colleen Hoover,Maybe,1,Maybe,goodreads_dump,24445517,24878180,902956,,85268,4.32
Eleven on Top,Janet Evanovich,Stephanie Plum,11,Stephanie Plum,goodreads_dump,11003,811763,152771,9780312985349,85261,4.15
Losing It,Cora Carmack,Losing It,1,Losing It,goodreads_dump,16034964,21807237,443047,9780988393509,85194,3.76
Glass Sword,Victoria Aveyard,Red Queen,2,Red Queen,goodreads_dump,23174274,42720997,682706,9780062310668,85150,3.94
The Serpent's Shadow,Rick Riordan,Kane Chronicles,3,Kane Chronicles,goodreads_dump,12893742,16416771,263538,9781423140573,84994,4.28
New Moon: The Complete Illustrated Movie Companion,Mark Cotta Vaz,The Twilight Saga: The Official Illustrated Movie Companion,2,The Twilight Saga: The Official Illustrated Movie Companion,goodreads_dump,6466909,6657415,335635,9780316075800,84897,4.34
Rise of the Evening Star,Brandon Mull,Fablehaven,2,Fablehaven,goodreads_dump,784911,770911,152388,9781590387429,84861,4.16
Rebel Angels,Libba Bray,Gemma Doyle,2,Gemma Doyle,goodreads_dump,51428,1696926,158496,9780385733410,84587,3.97
Dune Messiah,Frank Herbert,Dune,2,Dune,goodreads_dump,106,3634570,166797,9780441172696,84517,3.86
Real,Katy Evans,Real,1,Real,goodreads_dump,17617277,24581234,491382,9781301347940,84375,4.21
Iron Kissed,Patricia Briggs,Mercy Thompson,3,Mercy Thompson,goodreads_dump,1412138,1178926,155515,9780441015665,84367,4.36
Stone of Tears,Terry Goodkind,Sword of Truth,2,Sword of Truth,goodreads_dump,234184,3107985,165162,9780312857066,84130,4.11
Mary Poppins,P.L. Travers,Mary Poppins,1,Mary Poppins,goodreads_dump,152380,2768848,272925,9780152058104,84109,4.05
Lover Mine,J.R. Ward,Black Dagger Brotherhood,8,Black Dagger Brotherhood,goodreads_dump,7046495,7370233,173846,9780451229854,83866,4.41
The Sword of Summer,Rick Riordan,Magnus Chase and the Gods of Asgard,1,Magnus Chase and the Gods of Asgard,goodreads_dump,15724396,21400019,391753,9781423160915,83801,4.26
Effortless,S.C. Stephens,Thoughtless,2,Thoughtless,goodreads_dump,15842441,16657003,283482,9781476717487,83800,4.37
Wool Omnibus,Hugh Howey,Silo,1,Silo,goodreads_dump,13453029,18979356,349907,,83601,4.24
Siege and Storm,Leigh Bardugo,Grisha Verse,2,Grisha Verse,goodreads_dump,14061955,19699752,380142,9780805094602,83588,4.08
Princess Academy,Shannon Hale,Princess Academy,1,Princess Academy,goodreads_dump,85990,3299770,304141,9781599900735,83384,4.02
Inkspell,Cornelia Funke,Inkworld,2,Inkworld,goodreads_dump,28195,1567967,157869,9780439554008,83275,3.91
The Iron Queen,Julie Kagawa,The Iron Fey,3,The Iron Fey,goodreads_dump,8685612,7030253,172778,9780373210183,83151,4.24
The Slippery Slope,Lemony Snicket,A Series of Unfortunate Events,10,A Series of Unfortunate Events,goodreads_dump,297792,2146706,160925,9780064410137,83025,4.00
Royal Assassin,Robin Hobb,Farseer Trilogy,2,Farseer Trilogy,goodreads_dump,68487,4668002,167850,9780006480105,82750,4.21
It's Not Summer Without You,Jenny Han,Summer,2,Summer,goodreads_dump,6584188,6777681,200628,9781416995555,82099,4.14
Free Four: Tobias Tells the Divergent Knife-Throwing Scene,Veronica Roth,Divergent,1.5,Divergent,goodreads_dump,13615258,19216323,370644,9780062237422,82006,4.18
Dog Days,Jeff Kinney,Diary of a Wimpy Kid,4,Diary of a Wimpy Kid,goodreads_dump,6578293,6771716,171715,9780810983915,81815,4.14
Abhorsen,Garth Nix,Abhorsen,3,Abhorsen,goodreads_dump,334643,2339177,161820,9780060278250,81633,4.29
Rapture,Lauren Kate,Fallen,4,Fallen,goodreads_dump,12716010,14103064,193551,,81438,4.03
Messenger,Lois Lowry,The Giver,3,The Giver,goodreads_dump,12930,901952,153457,9780385732536,81325,3.90
Blood Rites,Jim Butcher,The Dresden Files,6,The Dresden Files,goodreads_dump,99383,227172,147104,9780451459879,81169,4.33
The Talisman,Stephen King,The Talisman,1,The Talisman,goodreads_dump,59219,3324421,183595,9780375507779,80981,4.12
The Witching Hour,Anne Rice,Lives of the Mayfair Witches,1,Lives of the Mayfair Witches,goodreads_dump,11901,2926133,164320,9780099471424,80912,4.10
Paranormalcy,Kiersten White,Paranormalcy,1,Paranormalcy,goodreads_dump,7719245,6949381,172599,9780061985843,80845,3.91
The Infinite Sea,Rick Yancey,The 5th Wave,2,The 5th Wave,goodreads_dump,16131484,27237970,569751,,80777,3.94
This Man,Jodi Ellen Malpas,This Man,1,This Man,goodreads_dump,16140036,21970768,439385,,80440,4.12
Lirael,Garth Nix,Abhorsen,2,Abhorsen,goodreads_dump,47624,2067752,160530,9780060590161,80367,4.29
The Dream Thieves,Maggie Stiefvater,The Raven Cycle,2,The Raven Cycle,goodreads_dump,17347389,21598446,413082,9780545424943,79929,4.27
Harriet the Spy,Louise Fitzhugh,Harriet the Spy,1,Harriet the Spy,goodreads_dump,232576,1429939,190923,9780440416791,79879,3.96
Rule,Jay Crownover,Marked Men,1,Marked Men,goodreads_dump,17200687,23675925,456241,,79786,4.15
Dragons of Autumn Twilight,Margaret Weis,Dragonlance: Chronicles,1,Dragonlance: Chronicles,goodreads_dump,259836,251833,147279,9780786915743,79778,4.02
A Dirty Job,Christopher Moore,Grim Reaper,1,Grim Reaper,goodreads_dump,33456,3258721,685157,9780060590277,79687,4.08
Dead Beat,Jim Butcher,The Dresden Files,7,The Dresden Files,goodreads_dump,17683,6614452,170798,9780451460912,79660,4.43
Miss Nelson Is Missing!,Harry Allard,Miss Nelson,1,Miss Nelson,goodreads_dump,147732,142568,253240,9780395401460,79484,4.27
Steelheart,Brandon Sanderson,The Reckoners,1,The Reckoners,goodreads_dump,17182126,21366540,448811,9780385743563,79287,4.16
The Deal,Elle Kennedy,Off-Campus,1,Off-Campus,goodreads_dump,24920901,44100599,727803,,79120,4.30
Ringworld,Larry Niven,Ringworld,1,Ringworld,goodreads_dump,61179,924711,187312,9780575077027,78483,3.96
Words of Radiance,Brandon Sanderson,The Stormlight Archive,2,The Stormlight Archive,goodreads_dump,17332218,16482835,265631,9780765326362,78319,4.77
Glass Houses,Rachel Caine,The Morganville Vampires,1,The Morganville Vampires,goodreads_dump,27266,27912,144784,9780451219947,78211,3.92
Naked in Death,J.D. Robb,In Death,1,In Death,goodreads_dump,268602,1097497,154810,9780399151576,78060,4.12
The Indian in the Cupboard,Lynne Reid Banks,The Indian in the Cupboard,1,The Indian in the Cupboard,goodreads_dump,125404,824446,178844,9780007148981,78012,3.89
Hollow City,Ransom Riggs,Miss Peregrine’s Peculiar Children,2,Miss Peregrine’s Peculiar Children,goodreads_dump,23164983,17377739,354565,9781594747359,77865,4.07
A Swiftly Tilting Planet,Madeleine L'Engle,Time Quintet,3,Time Quintet,goodreads_dump,77276,1196024,181636,9780440401582,77751,4.13
Grey,E.L. James,Fifty Shades,4,Fifty Shades,goodreads_dump,25644601,45460946,781525,9781101946343,77520,3.76
Beezus and Ramona,Beverly Cleary,Ramona Quimby,1,Ramona Quimby,goodreads_dump,91244,933852,187214,9780192750969,77443,3.97
"Black Butler, Vol. 1",Yana Toboso,Hei Zhi Shi [Kuroshitsuji - Black Butler],1,Hei Zhi Shi [Kuroshitsuji - Black Butler],goodreads_dump,6690979,6886418,652404,9780316080842,77308,4.37
One Foot in the Grave,Jeaniene Frost,Night Huntress,2,Night Huntress,goodreads_dump,2168860,2174436,302356,9780061245091,77178,4.31
The Last Unicorn,Peter S. Beagle,The Last Unicorn,1,The Last Unicorn,goodreads_dump,29127,902304,528289,9780451450524,77163,4.18
Masquerade,Melissa de la Cruz,Blue Bloods,2,Blue Bloods,goodreads_dump,106085,1319792,156530,9780786838936,77122,3.91
Ten Big Ones,Janet Evanovich,Stephanie Plum,10,Stephanie Plum,goodreads_dump,86663,3184483,165534,9780312936228,76835,4.13
Heist Society,Ally Carter,Heist Society,1,Heist Society,goodreads_dump,6574102,6767235,180304,9781423116394,76823,3.91
The Light Fantastic,Terry Pratchett,Discworld,2,Discworld,goodreads_dump,34506,592532,150805,9780061020704,76808,3.94
The Burning Bridge,John Flanagan,Ranger's Apprentice,2,Ranger's Apprentice,goodreads_dump,144349,6627890,170902,9780399244551,76791,4.29
Proven Guilty,Jim Butcher,The Dresden Files,8,The Dresden Files,goodreads_dump,91474,576222,150616,9780451461032,76636,4.41
Going Postal,Terry Pratchett,Discworld,33,Discworld,goodreads_dump,64222,1636617,158257,9780060502935,76404,4.36
Saving the World and Other Extreme Sports,James Patterson,Maximum Ride,3,Maximum Ride,goodreads_dump,33676,940067,153699,9780316155601,76301,4.16
The Path of Daggers,Robert Jordan,The Wheel of Time,8,The Wheel of Time,goodreads_dump,140974,1098593,154825,9780812550290,76203,3.90
Bitterblue,Kristin Cashore,Graceling Realm,3,Graceling Realm,goodreads_dump,12680907,6508730,238153,9780803734739,75984,4.01
The Borrowers,Mary Norton,The Borrowers,1,The Borrowers,goodreads_dump,348573,802336,211893,9780152047375,75811,4.02
Demonglass,Rachel Hawkins,Hex Hall,2,Hex Hall,goodreads_dump,8428064,11015791,176388,9781423121312,75795,4.12
Children of the Mind,Orson Scott Card,The Ender Quintet,4,The Ender Quintet,goodreads_dump,31360,1959402,159918,9780765304742,75735,3.74
Children of Dune,Frank Herbert,Dune,3,Dune,goodreads_dump,112,3634573,166798,9780441104024,75579,3.90
Twelve Sharp,Janet Evanovich,Stephanie Plum,12,Stephanie Plum,goodreads_dump,3507,3095104,165078,9780312349486,75549,4.14
Redwall,Brian Jacques,Redwall,1,Redwall,goodreads_dump,7996,486980,149699,9781862301382,75466,4.11
Under the Never Sky,Veronica Rossi,Under the Never Sky,1,Under the Never Sky,goodreads_dump,11594257,15093785,314351,9781907411052,75437,4.00
White Night,Jim Butcher,The Dresden Files,9,The Dresden Files,goodreads_dump,91475,1254936,156116,9780451461407,75277,4.41
The Grim Grotto,Lemony Snicket,A Series of Unfortunate Events,11,A Series of Unfortunate Events,goodreads_dump,65111,1168322,155424,9780064410144,75222,3.99
Kane and Abel,Jeffrey Archer,Kane and Abel,1,Kane and Abel,goodreads_dump,78983,1084150,218083,9780312995058,75215,4.27
On the Banks of Plum Creek,Laura Ingalls Wilder,Little House,4,Little House,goodreads_dump,7882,1402758,157039,9780060885403,75206,4.19
Sideways Stories from Wayside School,Louis Sachar,Wayside School,1,Wayside School,goodreads_dump,15779,1215581,302450,9780747571773,75047,4.14
Blue Moon,Alyson Noel,The Immortals,2,The Immortals,goodreads_dump,6134826,6313389,169605,9780312532765,74966,3.61
Shadowfever,Karen Marie Moning,Fever,5,Fever,goodreads_dump,7304203,6967072,172643,9780385341677,74965,4.45
The Alloy of Law,Brandon Sanderson,Mistborn - Alloy Era,4,Mistborn - Alloy Era,goodreads_dump,10803121,15035863,598626,9780765330420,74892,4.20
Everything We Keep,Kerry Lonsdale,Everything We Keep,1,Everything We Keep,goodreads_dump,29639736,46247179,1078632,,74758,3.84
Bridget Jones: The Edge of Reason,Helen Fielding,Bridget Jones,2,Bridget Jones,goodreads_dump,363752,8140,181081,9780140298475,74687,3.54
The Likeness,Tana French,Dublin Murder Squad,2,Dublin Murder Squad,goodreads_dump,1914973,6504351,198077,9780670018864,74683,4.05
Lean Mean Thirteen,Janet Evanovich,Stephanie Plum,13,Stephanie Plum,goodreads_dump,40317,1943980,159867,9780312349493,74615,4.08
The Indigo Spell,Richelle Mead,Bloodlines,3,Bloodlines,goodreads_dump,8709526,13582373,214776,9781595143198,74512,4.40
Losing Hope,Colleen Hoover,Hopeless,2,Hopeless,goodreads_dump,17340050,24075414,468994,,74421,4.38
Circus of the Damned,Laurell K. Hamilton,"Anita Blake, Vampire Hunter",3,"Anita Blake, Vampire Hunter",goodreads_dump,30274,1736002,178757,9780425201398,74398,4.16
Anna Dressed in Blood,Kendare Blake,Anna,1,Anna,goodreads_dump,9378297,14261925,230078,9780765328656,74362,3.96
Soulless,Gail Carriger,Parasol Protectorate,1,Parasol Protectorate,goodreads_dump,6381205,6569140,170543,9780316056632,74291,3.91
Angelfall,Susan Ee,Penryn & the End of Days,1,Penryn & the End of Days,goodreads_dump,11500217,16435765,275280,9781444778519,74116,4.18
Isla and the Happily Ever After,Stephanie Perkins,Anna and the French Kiss,3,Anna and the French Kiss,goodreads_dump,9627755,14515040,587713,9780525425632,74039,4.10
Winter of the World,Ken Follett,The Century Trilogy,2,The Century Trilogy,goodreads_dump,12959233,18116611,420913,9780525952923,74020,4.30
The Murder of Roger Ackroyd,Agatha Christie,Hercule Poirot,4,Hercule Poirot,goodreads_dump,16328,1073110,227081,9781579126278,74002,4.20
Small Gods,Terry Pratchett,Discworld,13,Discworld,goodreads_dump,34484,1636629,158258,9780552152976,73914,4.28
Amelia Bedelia,Peggy Parish,Amelia Bedelia,1,Amelia Bedelia,goodreads_dump,774001,888927,486608,9780064441551,73650,4.15
This Present Darkness,Frank E. Peretti,Darkness,1,Darkness,goodreads_dump,17309,2298572,161667,9781581345285,73498,4.24
The Celestine Prophecy,James Redfield,Celestine Prophecy,1,Celestine Prophecy,goodreads_dump,13103,2603195,213900,9780446671002,73480,3.60
The Rise of Nine,Pittacus Lore,Lorien Legacies,3,Lorien Legacies,goodreads_dump,12971616,18055886,301466,9780061974588,73139,4.19
Silver Borne,Patricia Briggs,Mercy Thompson,5,Mercy Thompson,goodreads_dump,6587387,6527865,170262,9780441018192,73078,4.38
Bitten,Kelley Armstrong,Women of the Otherworld,1,Women of the Otherworld,goodreads_dump,11918,2606334,162991,9780452286030,73057,4.05
Winter's Heart,Robert Jordan,The Wheel of Time,9,The Wheel of Time,goodreads_dump,13891,791225,152559,9780812575583,72909,3.92
Knife of Dreams,Robert Jordan,The Wheel of Time,11,The Wheel of Time,goodreads_dump,13888,987750,154035,9780812577563,72571,4.12
Mostly Harmless,Douglas Adams,Hitchhiker's Guide to the Galaxy,5,Hitchhiker's Guide to the Galaxy,goodreads_dump,360,2842984,163914,9780345418777,72565,3.96
Grave Mercy,Robin LaFevers,His Fair Assassin,1,His Fair Assassin,goodreads_dump,9565548,14452295,239882,9780547628349,72509,3.92
Leviathan Wakes,James S.A. Corey,The Expanse,1,The Expanse,goodreads_dump,8855321,13730452,228798,9781841499888,72492,4.20
Night Watch,Terry Pratchett,Discworld,29,Discworld,goodreads_dump,47989,1712283,158588,9780552154307,72296,4.47
Furies of Calderon,Jim Butcher,Codex Alera,1,Codex Alera,goodreads_dump,29396,3098584,165097,9780441012688,71843,4.12
The Queen's Fool,Philippa Gregory,The Plantagenet and Tudor Novels,13,The Plantagenet and Tudor Novels,goodreads_dump,252499,1024199,958562,9780743246071,71664,3.83
Frog and Toad Are Friends,Arnold Lobel,Frog and Toad,1,Frog and Toad,goodreads_dump,537296,1231880,184156,9780064440202,71568,4.18
Fearless Fourteen,Janet Evanovich,Stephanie Plum,14,Stephanie Plum,goodreads_dump,2292384,3173189,165496,9780312349516,71552,4.02
The Ugly Truth,Jeff Kinney,Diary of a Wimpy Kid,5,Diary of a Wimpy Kid,goodreads_dump,7823678,10867827,176221,9780810984912,71485,4.16
Small Favor,Jim Butcher,The Dresden Files,10,The Dresden Files,goodreads_dump,927979,2054834,160465,9780451461896,71363,4.43
Fantasy Lover,Sherrilyn Kenyon,Dark-Hunterverse,1,Dark-Hunterverse,goodreads_dump,84136,2384,772503,9780312979973,71242,4.17
Career of Evil,Robert Galbraith,Cormoran Strike,3,Cormoran Strike,goodreads_dump,25735012,43699375,729011,9780316349932,71098,4.21
Magic Bites,Ilona Andrews,Kate Daniels,1,Kate Daniels,goodreads_dump,38619,38381,144944,9780441014897,71078,4.07
A Memory of Light,Robert Jordan,The Wheel of Time,14,The Wheel of Time,goodreads_dump,7743175,10558806,178825,9780765325952,70928,4.50
Forever Too Far,Abbi Glines,Rosemary Beach,3,Rosemary Beach,goodreads_dump,17337562,24071049,535080,,70787,4.24
Old Yeller,Fred Gipson,Old Yeller,1,Old Yeller,goodreads_dump,130580,2686896,386037,9780060935474,70756,4.06
Bone Crossed,Patricia Briggs,Mercy Thompson,4,Mercy Thompson,goodreads_dump,3128411,3159812,165450,9781841496863,70660,4.34
Before They Are Hanged,Joe Abercrombie,The First Law,2,The First Law,goodreads_dump,902715,2116927,160778,9780575077881,70642,4.27
An Echo in the Bone,Diana Gabaldon,Outlander,7,Outlander,goodreads_dump,2832909,2859015,163966,9780752898476,70610,4.42
Empire of Storms,Sarah J. Maas,Throne of Glass,5,Throne of Glass,goodreads_dump,28260587,25272004,509912,9781619636071,70571,4.58
Cross My Heart and Hope to Spy,Ally Carter,Gallagher Girls,2,Gallagher Girls,goodreads_dump,568645,2796618,163727,9781423100058,70512,4.13
The Year of the Flood,Margaret Atwood,MaddAddam,2,MaddAddam,goodreads_dump,6080337,6257025,223772,9780385528771,70472,4.05
Magician's Gambit,David Eddings,The Belgariad,3,The Belgariad,goodreads_dump,44688,938086,153686,9780345335456,70395,4.13
Beautiful Chaos,Kami Garcia,Beautiful Creatures,3,Beautiful Creatures,goodreads_dump,10757833,11254742,176622,9780316123525,70382,3.95
Leviathan,Scott Westerfeld,Leviathan,1,Leviathan,goodreads_dump,6050678,6226342,169260,9781416971733,70338,3.91
Reckless,S.C. Stephens,Thoughtless,3,Thoughtless,goodreads_dump,13600318,19192337,371663,,70239,4.42
All the Pretty Horses,Cormac McCarthy,The Border Trilogy,1,The Border Trilogy,goodreads_dump,469571,1907621,159646,9780679744399,70190,3.97
Red Seas Under Red Skies,Scott Lynch,Gentleman Bastard,2,Gentleman Bastard,goodreads_dump,887877,856785,153132,9780553804683,70151,4.24
Bloodfever,Karen Marie Moning,Fever,2,Fever,goodreads_dump,344262,13411866,178171,9780385339162,70144,4.30
Enchanters' End Game,David Eddings,The Belgariad,5,The Belgariad,goodreads_dump,44687,938064,153685,9780345300782,69992,4.17
Breathe,Abbi Glines,Sea Breeze,1,Sea Breeze,goodreads_dump,11479285,16371399,347461,,69963,3.88
Nightshade,Andrea Cremer,Nightshade,1,Nightshade,goodreads_dump,7402393,7168458,173215,9780399254826,69960,4.03
Dream Country,Neil Gaiman,The Sandman,3,The Sandman,goodreads_dump,25100,2371237,161972,9781563892264,69861,4.28
Dreamfever,Karen Marie Moning,Fever,4,Fever,goodreads_dump,6050298,6225943,169256,9780385341653,69835,4.43
2nd Chance,James Patterson,Women's Murder Club,2,Women's Murder Club,goodreads_dump,13136,1835674,159258,9780446696630,69778,4.01
Shopaholic and Sister,Sophie Kinsella,Shopaholic,4,Shopaholic,goodreads_dump,9417,2992356,164613,9780440241911,69728,3.64
The Golem's Eye,Jonathan Stroud,Bartimaeus Sequence,2,Bartimaeus Sequence,goodreads_dump,59263,57689,145256,9780786836543,69716,4.09
The House at Pooh Corner,A.A. Milne,Winnie-the-Pooh,2,Winnie-the-Pooh,goodreads_dump,776407,3244521,422809,9780525444442,69529,4.36
Wake,Lisa McMann,Wake,1,Wake,goodreads_dump,1661957,1656772,158340,9781416953579,69527,3.75
The Magician,Michael Scott,The Secrets of the Immortal Nicholas Flamel,2,The Secrets of the Immortal Nicholas Flamel,goodreads_dump,2402971,3216911,165641,9780385733588,69515,4.09
Faefever,Karen Marie Moning,Fever,3,Fever,goodreads_dump,2702704,2728068,163476,9780385341639,69480,4.34
Reason to Breathe,Rebecca Donovan,Breathing,1,Breathing,goodreads_dump,11561469,16501870,344396,,69366,4.23
We'll Always Have Summer,Jenny Han,Summer,3,Summer,goodreads_dump,8680278,12901545,200629,9781416995586,69312,4.17
"One Piece, Volume 01: Romance Dawn",Eiichiro Oda,One Piece,1,One Piece,goodreads_dump,1237398,361124,235376,9781569319017,69279,4.42
Rules of Attraction,Simone Elkeles,Perfect Chemistry,2,Perfect Chemistry,goodreads_dump,7137775,7401343,173954,9780802720856,69212,4.21
Relic,Douglas Preston,Pendergast,1,Pendergast,goodreads_dump,67035,23046,144729,9780765354945,69164,4.01
The Crown,Kiera Cass,The Selection,5,The Selection,goodreads_dump,26074181,42492659,674452,9780062392176,69163,3.80
Antigone,Sophocles,The Theban Plays,3,The Theban Plays,goodreads_dump,7728,1052210,154526,9781580493888,69075,3.61
The Penultimate Peril,Lemony Snicket,A Series of Unfortunate Events,12,A Series of Unfortunate Events,goodreads_dump,65110,838097,152979,9780064410151,69053,4.03
Born at Midnight,C.C. Hunter,Shadow Falls,1,Shadow Falls,goodreads_dump,8705784,13578604,206026,9780312624675,69037,4.13
Dealing with Dragons,Patricia C. Wrede,Enchanted Forest Chronicles,1,Enchanted Forest Chronicles,goodreads_dump,150739,1178402,155504,9780152045661,68917,4.14
Pawn of Prophecy,David Eddings,The Belgariad,1,The Belgariad,goodreads_dump,44659,2558293,162791,9780345468642,68819,4.16
Shadowland,Alyson Noel,The Immortals,3,The Immortals,goodreads_dump,6581511,7253963,173454,9780312590444,68807,3.66
"Fairy Tail, Vol. 1",Hiro Mashima,Fairy Tail,1,Fairy Tail,goodreads_dump,2454986,2462181,693024,9780345501332,68592,4.40
The Last of the Mohicans,James Fenimore Cooper,The Leatherstocking Tales,2,The Leatherstocking Tales,goodreads_dump,38296,2064030,222539,9780553213294,68582,3.69
A Darker Shade of Magic,V.E. Schwab,Shades of Magic,1,Shades of Magic,goodreads_dump,22055262,40098252,593011,9780765376459,68566,4.07
The End,Lemony Snicket,A Series of Unfortunate Events,13,A Series of Unfortunate Events,goodreads_dump,65112,838691,152984,9780064410168,68525,3.99
Gregor the Overlander,Suzanne Collins,Underland Chronicles,1,Underland Chronicles,goodreads_dump,262430,524491,150124,9780439771344,68371,3.99
The Hostile Hospital,Lemony Snicket,A Series of Unfortunate Events,8,A Series of Unfortunate Events,goodreads_dump,65118,2361348,161916,9781405206129,68348,3.95
The Second Summer of the Sisterhood,Ann Brashares,Sisterhood,2,Sisterhood,goodreads_dump,5454,841331,152997,9780385731058,68331,3.78
A Dog's Purpose,W. Bruce Cameron,A Dog's Purpose,1,A Dog's Purpose,goodreads_dump,7723542,10479953,421783,9780765326263,68319,4.35
Changes,Jim Butcher,The Dresden Files,12,The Dresden Files,goodreads_dump,6585201,6778696,171750,9780451463173,68128,4.54
The Tale of the Body Thief,Anne Rice,The Vampire Chronicles,4,The Vampire Chronicles,goodreads_dump,31336,2925924,164311,9780345419637,67961,3.71
Cry Wolf,Patricia Briggs,Alpha & Omega,1,Alpha & Omega,goodreads_dump,2355575,2362332,161923,9780441016150,67912,4.12
Shadow's Edge,Brent Weeks,Night Angel,2,Night Angel,goodreads_dump,3754016,3797880,166964,9780316033657,67885,4.27
The Farthest Shore,Ursula K. Le Guin,Earthsea Cycle,3,Earthsea Cycle,goodreads_dump,13667,1322014,156541,9781416509646,67867,4.12
Lover Unleashed,J.R. Ward,Black Dagger Brotherhood,9,Black Dagger Brotherhood,goodreads_dump,8492319,12784133,177012,9780451233165,67590,4.28
13 Little Blue Envelopes,Maureen Johnson,Little Blue Envelope,1,Little Blue Envelope,goodreads_dump,17020,1008846,180356,9780060541439,67454,3.65
Assassin's Quest,Robin Hobb,Farseer Trilogy,3,Farseer Trilogy,goodreads_dump,45112,503752,149892,9780553565690,67279,4.18
In the Hand of the Goddess,Tamora Pierce,Song of the Lioness,2,Song of the Lioness,goodreads_dump,13835,1142860,155249,9780689878565,67266,4.25
Size 12 Is Not Fat,Meg Cabot,Heather Wells,1,Heather Wells,goodreads_dump,23220,3239380,165744,9780060525118,67234,3.75
A Scandal in Bohemia,Ronald Holt,The Adventures of Sherlock Holmes,1,The Adventures of Sherlock Holmes,goodreads_dump,1848444,2766104,381912,9780582416390,67230,4.22
A Court of Wings and Ruin,Sarah J. Maas,A Court of Thorns and Roses,3,A Court of Thorns and Roses,goodreads_dump,23766634,25126752,503753,9781408857908,67184,4.53
Austenland,Shannon Hale,Austenland,1,Austenland,goodreads_dump,248483,1138972,250719,9781596912854,66992,3.54
Last Argument of Kings,Joe Abercrombie,The First Law,3,The First Law,goodreads_dump,944076,929012,153615,9780575077904,66986,4.27
Revelations,Melissa de la Cruz,Blue Bloods,3,Blue Bloods,goodreads_dump,2753843,2779542,163657,9781423102281,66945,3.90
P.S. I Still Love You,Jenny Han,To All the Boys I've Loved Before,2,To All the Boys I've Loved Before,goodreads_dump,20698530,40018073,590529,9781442426733,66898,4.17
Grip of the Shadow Plague,Brandon Mull,Fablehaven,3,Fablehaven,goodreads_dump,2146957,2156412,160970,9781590388983,66685,4.26
Something Wicked This Way Comes,Ray Bradbury,Green Town,2,Green Town,goodreads_dump,248596,1183550,509444,9780380729401,66665,3.95
Death on the Nile,Agatha Christie,Hercule Poirot,17,Hercule Poirot,goodreads_dump,131359,3038762,227086,9780553119220,66646,4.07
Finger Lickin' Fifteen,Janet Evanovich,Stephanie Plum,15,Stephanie Plum,goodreads_dump,6048530,6224145,169244,9780312383282,66646,3.99
The Warded Man,Peter V. Brett,Demon Cycle,1,Demon Cycle,goodreads_dump,3428935,6589794,170686,9780345503800,66624,4.27
Deadlocked,Charlaine Harris,Sookie Stackhouse,12,Sookie Stackhouse,goodreads_dump,10407279,15311332,281115,9780575096578,66590,3.65
Warm Bodies,Isaac Marion,Warm Bodies,1,Warm Bodies,goodreads_dump,7619057,10090210,318629,9780099549345,66499,3.93
Beyond the Shadows,Brent Weeks,Night Angel,3,Night Angel,goodreads_dump,3754026,3797890,166965,9780316033664,66400,4.29
My Brilliant Friend,Elena Ferrante,L'amica geniale,1,L'amica geniale,goodreads_dump,13586707,19174054,418940,9781609450786,66369,3.89
At Grave's End,Jeaniene Frost,Night Huntress,3,Night Huntress,goodreads_dump,3570231,3612435,302357,9780061583070,66355,4.31
Garden Spells,Sarah Addison Allen,Waverley Family,1,Waverley Family,goodreads_dump,1158967,2689445,702324,9780553805482,66302,4.07
Cabin Fever,Jeff Kinney,Diary of a Wimpy Kid,6,Diary of a Wimpy Kid,goodreads_dump,11254250,16180881,260172,9781419702235,66015,4.21
Lioness Rampant,Tamora Pierce,Song of the Lioness,4,Song of the Lioness,goodreads_dump,13837,1123099,155067,9780689878572,65799,4.29
In Flight,R.K. Lilley,Up in the Air,1,Up in the Air,goodreads_dump,16134782,21962320,436897,,65595,4.10
The Iron Knight,Julie Kagawa,The Iron Fey,4,The Iron Fey,goodreads_dump,9659607,14547221,208460,9780373210367,65383,4.23
Turn Coat,Jim Butcher,The Dresden Files,11,The Dresden Files,goodreads_dump,3475161,3516480,166652,9780451462565,65343,4.45
Little Town on the Prairie,Laura Ingalls Wilder,Little House,7,Little House,goodreads_dump,8253,2299540,161670,9780060885434,65215,4.18
The Fall of Hyperion,Dan Simmons,Hyperion Cantos,2,Hyperion Cantos,goodreads_dump,77565,1882596,159510,9780553288209,65144,4.18
Ptolemy's Gate,Jonathan Stroud,Bartimaeus Sequence,3,Bartimaeus Sequence,goodreads_dump,59264,3736193,166910,9780786818617,65072,4.24
The Wee Free Men,Terry Pratchett,Discworld,30,Discworld,goodreads_dump,34494,62580,145327,9780060012380,65001,4.26
The Forest of Hands and Teeth,Carrie Ryan,The Forest of Hands and Teeth,1,The Forest of Hands and Teeth,goodreads_dump,3432478,3473471,166594,9780575090859,64879,3.59
Destined for an Early Grave,Jeaniene Frost,Night Huntress,4,Night Huntress,goodreads_dump,5604848,5776219,302358,9780061583216,64811,4.34
Still Life,Louise Penny,Chief Inspector Armand Gamache,1,Chief Inspector Armand Gamache,goodreads_dump,338691,898083,153430,9780312948559,64784,3.89
Naked,Raine Miller,The Blackstone Affair,1,The Blackstone Affair,goodreads_dump,15852756,21600625,414028,,64779,4.02
Origin,Jennifer L. Armentrout,Lux,4,Lux,goodreads_dump,13644052,19259997,376110,9781622660759,64764,4.43
The Book of Life,Deborah Harkness,All Souls Trilogy,3,All Souls Trilogy,goodreads_dump,16054217,21839080,424096,9780670025596,64712,4.15
The Immortals of Meluha,Amish Tripathi,Shiva Trilogy,1,Shiva Trilogy,goodreads_dump,7913305,11196793,282737,,64564,4.01
One Shot,Lee Child,Jack Reacher,9,Jack Reacher,goodreads_dump,220968,213966,146963,9780440241027,64526,4.20
The Darkest Night,Gena Showalter,Lords of the Underworld,1,Lords of the Underworld,goodreads_dump,476543,464779,185003,9780373772469,64188,4.09
Evernight,Claudia Gray,Evernight,1,Evernight,goodreads_dump,2722413,2748013,163553,9780061284397,64079,3.64
Ruby Red,Kerstin Gier,Edelstein-Trilogie,1,Edelstein-Trilogie,goodreads_dump,8835379,6510846,478127,9780805092523,63715,4.13
Die Trying,Lee Child,Jack Reacher,2,Jack Reacher,goodreads_dump,220969,213967,146964,9780515142242,63626,4.00
Charlie and the Great Glass Elevator,Roald Dahl,Charlie Bucket,2,Charlie Bucket,goodreads_dump,6687,2615068,182381,9780142404126,63615,3.65
The Young Elites,Marie Lu,The Young Elites,1,The Young Elites,goodreads_dump,20821111,25217978,508337,9780399167836,63611,3.93
A Bear Called Paddington,Michael Bond,Paddington Bear,1,Paddington Bear,goodreads_dump,160629,1544060,184107,9780007174164,63452,4.21
True Believer,Nicholas Sparks,Jeremy Marsh & Lexie Darnell,1,Jeremy Marsh & Lexie Darnell,goodreads_dump,3464,1625592,510995,9780446696517,63449,3.80
Memnoch the Devil,Anne Rice,The Vampire Chronicles,5,The Vampire Chronicles,goodreads_dump,31338,2925946,164312,9780963192547,63413,3.74
This Man Confessed,Jodi Ellen Malpas,This Man,3,This Man,goodreads_dump,17255265,23847880,461528,,63368,4.43
Magician: Apprentice,Raymond E. Feist,The Riftwar Saga,1,The Riftwar Saga,goodreads_dump,13812,15983,144615,9780553564945,63353,4.17
Visions of Sugar Plums,Janet Evanovich,Stephanie Plum,8.5,Stephanie Plum,goodreads_dump,6420,812053,183287,9780312986346,63349,3.68
Out from Boneville,Jeff Smith,Bone,1,Bone,goodreads_dump,106134,2218243,219750,9780439706407,63254,4.16
Wings,Aprilynne Pike,Wings,1,Wings,goodreads_dump,5056084,5122699,168235,9780061668036,63160,3.75
The Laughing Corpse,Laurell K. Hamilton,"Anita Blake, Vampire Hunter",2,"Anita Blake, Vampire Hunter",goodreads_dump,15309,2428162,178756,9780425204665,62962,4.11
The Mouse and the Motorcycle,Beverly Cleary,Ralph S. Mouse,1,Ralph S. Mouse,goodreads_dump,232109,2029611,187215,9780380709243,62946,3.91
The Time Paradox,Eoin Colfer,Artemis Fowl,6,Artemis Fowl,goodreads_dump,2179276,2184954,161115,9781423108368,62894,4.07
Dragon Rider,Cornelia Funke,Dragon Rider,1,Dragon Rider,goodreads_dump,100464,429198,840904,9781904442486,62867,3.95
At First Sight,Nicholas Sparks,Jeremy Marsh & Lexie Darnell,2,Jeremy Marsh & Lexie Darnell,goodreads_dump,15924,1498113,510996,9780446698467,62828,3.81
The Black Dahlia,James Ellroy,L.A. Quartet,1,L.A. Quartet,goodreads_dump,21704,434,230961,9780446698870,62702,3.75
The Boleyn Inheritance,Philippa Gregory,The Plantagenet and Tudor Novels,10,The Plantagenet and Tudor Novels,goodreads_dump,16180,816515,958560,9780743272506,62693,3.84
The Vincent Boys,Abbi Glines,The Vincent Boys,1,The Vincent Boys,goodreads_dump,12900174,17572318,329055,,62581,3.98
The House of the Scorpion,Nancy Farmer,Matteo Alacran,1,Matteo Alacran,goodreads_dump,13376,868252,479368,9780689852237,62568,4.10
Crossroads of Twilight,Robert Jordan,The Wheel of Time,10,The Wheel of Time,goodreads_dump,113435,195579,146787,9780312864590,62568,3.82
Library of Souls,Ransom Riggs,Miss Peregrine's Peculiar Children,3,Miss Peregrine's Peculiar Children,goodreads_dump,24120519,43712653,721267,9781594747588,62449,4.15
The Tombs of Atuan,Ursula K. Le Guin,Earthsea Cycle,2,Earthsea Cycle,goodreads_dump,13662,1322146,156542,9780689845369,62341,4.07
Fairest,Marissa Meyer,The Lunar Chronicles,3.5,The Lunar Chronicles,goodreads_dump,22489107,41928590,646433,9781250060556,62251,4.02
The Battle for Skandia,John Flanagan,Ranger's Apprentice,4,Ranger's Apprentice,goodreads_dump,144350,6627896,170904,9780399244575,62207,4.32
The Wrath and the Dawn,Renee Ahdieh,The Wrath and the Dawn,1,The Wrath and the Dawn,goodreads_dump,18798983,26724902,691037,9780399171611,62133,4.19
Half-Blood,Jennifer L. Armentrout,Covenant,1,Covenant,goodreads_dump,9680718,14568639,212022,9780983157205,61768,4.16
The Mighty Storm,Samantha Towle,The Storm,1,The Storm,goodreads_dump,15724654,21400430,430546,,61736,4.19
Golden Son,Pierce Brown,Red Rising Saga,2,Red Rising Saga,goodreads_dump,18966819,26984955,566914,9780345539823,61708,4.45
Wyrd Sisters,Terry Pratchett,Discworld,6,Discworld,goodreads_dump,34504,1494222,157560,9780061020667,61682,4.11
Secrets of the Dragon Sanctuary,Brandon Mull,Fablehaven,4,Fablehaven,goodreads_dump,5217282,3295041,166063,9781606410424,61635,4.36
Release Me,J. Kenner,Stark Trilogy,1,Stark Trilogy,goodreads_dump,15799166,21522131,456488,9780345544117,61632,4.14
Hunger,Michael Grant,Gone,2,Gone,goodreads_dump,5047880,5114483,168230,9780061449062,61502,4.02
Blood of the Fold,Terry Goodkind,Sword of Truth,3,Sword of Truth,goodreads_dump,43892,3109672,165168,9780812551471,61426,3.99
The Golem and the Jinni,Helene Wecker,The Golem and the Jinni,1,The Golem and the Jinni,goodreads_dump,15819028,21547736,834440,9780062110831,61387,4.10
Tangled,Emma Chase,Tangled,1,Tangled,goodreads_dump,18297707,21868234,506123,,61361,4.12
The Friday Night Knitting Club,Kate Jacobs,Friday Night Knitting Club,1,Friday Night Knitting Club,goodreads_dump,17204,2209036,200699,9780399154096,61220,3.41
The Black Stallion,Walter Farley,The Black Stallion,1,The Black Stallion,goodreads_dump,272895,671846,183994,9780965476027,61170,4.18
The Black Prism,Brent Weeks,Lightbringer,1,Lightbringer,goodreads_dump,7165300,7534979,183873,9780316075558,60913,4.24
Mile High,R.K. Lilley,Up in the Air,2,Up in the Air,goodreads_dump,16136959,21965727,436898,,60889,4.20
Wool,Hugh Howey,Wool,1,Wool,goodreads_dump,12287209,17263666,611626,,60855,4.12
Ghost Story,Jim Butcher,The Dresden Files,13,The Dresden Files,goodreads_dump,8058301,12731936,176941,9780451463791,60846,4.25
Shiloh,Phyllis Reynolds Naylor,Shiloh,1,Shiloh,goodreads_dump,207153,1152585,251100,9780689862229,60841,3.91
The Maze of Bones,Rick Riordan,The 39 Clues,1,The 39 Clues,goodreads_dump,2921082,2948317,164402,9780545060394,60840,3.83
Ruin and Rising,Leigh Bardugo,Grisha Verse,3,Grisha Verse,goodreads_dump,14061957,19699754,380143,9780805094619,60733,4.17
Impulse,Ellen Hopkins,Impulse,1,Impulse,goodreads_dump,270805,262531,200121,9781416903567,60600,4.28
Origins,L.J. Smith,The Vampire Diaries: Stefan's Diaries,1,The Vampire Diaries: Stefan's Diaries,goodreads_dump,7726143,10489950,175794,9780062003935,60539,4.10
The Slow Regard of Silent Things,Patrick Rothfuss,The Kingkiller Chronicle,2.5,The Kingkiller Chronicle,goodreads_dump,21535271,40864254,696997,9780756410438,60529,3.91
The Sword of Shannara,Terry Brooks,The Original Shannara Trilogy,1,The Original Shannara Trilogy,goodreads_dump,15575,877015,182602,9781857231519,60408,3.76
The Sorceress,Michael Scott,The Secrets of the Immortal Nicholas Flamel,3,The Secrets of the Immortal Nicholas Flamel,goodreads_dump,4588949,4638383,167811,9780385735292,60401,4.10
The Long Dark Tea-Time of the Soul,Douglas Adams,Dirk Gently,2,Dirk Gently,goodreads_dump,357,1096,144410,9780671742515,60364,4.05
The Secret of Ella and Micha,Jessica Sorensen,The Secret,1,The Secret,goodreads_dump,15717876,21388954,426263,9781939045010,60293,4.01
"Blue Lily, Lily Blue",Maggie Stiefvater,The Raven Cycle,3,The Raven Cycle,goodreads_dump,17378508,24170141,472710,9780545424967,60122,4.32
Flawless,Sara Shepard,Pretty Little Liars,2,Pretty Little Liars,goodreads_dump,162089,2191062,161146,9780060887339,60079,3.96
The Camel Club,David Baldacci,Camel Club,1,Camel Club,goodreads_dump,15158,2571396,162846,9780446615624,59882,4.02
Keys to the Demon Prison,Brandon Mull,Fablehaven,5,Fablehaven,goodreads_dump,7243142,6278088,169517,9781606412381,59867,4.42
Hallowed,Cynthia Hand,Unearthly,2,Unearthly,goodreads_dump,11563110,14532305,210507,9780061996184,59831,4.14
Shadow of the Hegemon,Orson Scott Card,Ender's Shadow,2,Ender's Shadow,goodreads_dump,9534,2528139,162651,9780812565959,59747,3.93
This Girl,Colleen Hoover,Slammed,3,Slammed,goodreads_dump,15784909,21502991,415406,,59739,4.18
The Alchemyst,Michael Scott,The Secrets of the Immortal Nicholas Flamel,1,The Secrets of the Immortal Nicholas Flamel,goodreads_dump,17402605,3354660,166289,9780552562522,59676,3.84
Sweet Evil,Wendy Higgins,Sweet,1,Sweet,goodreads_dump,11808950,16762455,401459,9780062085610,59632,4.13
Down to You,M. Leighton,The Bad Boys,1,The Bad Boys,goodreads_dump,16001893,21763760,444190,9781301716722,59622,4.05
Love Unscripted,Tina Reber,Love,1,Love,goodreads_dump,8204005,13051038,293376,9781451533965,59594,4.04
Gardens of the Moon,Steven Erikson,Malazan Book of the Fallen,1,Malazan Book of the Fallen,goodreads_dump,55399,2646042,163114,9780765348784,59490,3.85
Anne's House of Dreams,L.M. Montgomery,Anne of Green Gables,5,Anne of Green Gables,goodreads_dump,77394,1133797,155164,9780553213188,59445,4.12
The Strain,Guillermo del Toro,The Strain Trilogy,1,The Strain Trilogy,goodreads_dump,6065215,6241525,169342,9780061558238,59384,3.78
The Duke and I,Julia Quinn,Bridgertons,1,Bridgertons,goodreads_dump,110391,846763,153045,9780380800827,59342,4.11
The Killer Angels,Michael Shaara,The Civil War Trilogy,2,The Civil War Trilogy,goodreads_dump,682804,1044737,182099,9780345348104,59255,4.30
The Luxe,Anna Godbersen,Luxe,1,Luxe,goodreads_dump,1254951,1243729,155942,9780061345661,59245,3.63
The Van Alen Legacy,Melissa de la Cruz,Blue Bloods,4,Blue Bloods,goodreads_dump,6267237,6450517,169871,9781423102267,59191,3.95
The Winner's Curse,Marie Rutkoski,The Winner's Trilogy,1,The Winner's Trilogy,goodreads_dump,16069030,21861552,580204,9780374384685,59102,4.02
Cold Days,Jim Butcher,The Dresden Files,14,The Dresden Files,goodreads_dump,12216302,17189468,278470,9780451464408,59045,4.51
Captivated by You,Sylvia Day,Crossfire,4,Crossfire,goodreads_dump,17876893,25032500,500674,9780425273869,59013,4.07
The Field Guide,Holly Black,The Spiderwick Chronicles,1,The Spiderwick Chronicles,goodreads_dump,444304,1092293,154783,9780689859366,58865,3.86
"Ramona Quimby, Age 8",Beverly Cleary,Ramona Quimby,6,Ramona Quimby,goodreads_dump,91253,3014191,164693,9780440800460,58839,4.08
The Power of One,Bryce Courtenay,The Power of One,1,The Power of One,goodreads_dump,122,649656,553880,9780345410054,58836,4.34
Hannibal,Thomas Harris,Hannibal Lecter,3,Hannibal Lecter,goodreads_dump,32418,2992500,207929,9780099297703,58773,3.72
The Girl of Fire and Thorns,Rae Carson,Fire and Thorns,1,Fire and Thorns,goodreads_dump,10429092,13282366,235106,9780062026484,58738,3.80
Lover Reborn,J.R. Ward,Black Dagger Brotherhood,10,Black Dagger Brotherhood,goodreads_dump,10993282,15911884,248195,9780451235848,58570,4.35
The Lunatic Cafe,Laurell K. Hamilton,"Anita Blake, Vampire Hunter",4,"Anita Blake, Vampire Hunter",goodreads_dump,30273,1183561,178759,9780425201374,58547,4.12
"Saga, Vol. 2",Brian K. Vaughan,Saga,2,Saga,goodreads_dump,17131869,23857485,736248,9781607066927,58474,4.56
Temple of the Winds,Terry Goodkind,Sword of Truth,4,Sword of Truth,goodreads_dump,253058,1964458,159959,9781423321675,58443,4.03
Peter and the Starcatchers,Dave Barry,Peter and the Starcatchers,1,Peter and the Starcatchers,goodreads_dump,34262,1625130,158220,9780786849079,58307,4.02
Max,James Patterson,Maximum Ride,5,Maximum Ride,goodreads_dump,3393124,3787812,166953,9780316002899,58130,4.07
Blue Dahlia,Nora Roberts,In the Garden,1,In the Garden,goodreads_dump,114159,1615607,197853,9780749935337,58087,4.11
Warbreaker,Brandon Sanderson,Warbreaker,1,Warbreaker,goodreads_dump,1268479,1257385,527120,,58087,4.22
The Twelve,Justin Cronin,The Passage,2,The Passage,goodreads_dump,13281368,14373498,207822,9780345504982,58045,3.99
Tithe,Holly Black,Modern Faerie Tales,1,Modern Faerie Tales,goodreads_dump,46777,1460966,157372,9780689867040,58042,3.74
Pollyanna,Eleanor H. Porter,Pollyanna,1,Pollyanna,goodreads_dump,1000751,1099715,183864,9780689849107,58040,3.95
Twisted Perfection,Abbi Glines,Rosemary Beach,5,Rosemary Beach,goodreads_dump,17333880,24065237,535079,,57960,4.25
The Butterfly Garden,Dot Hutchison,The Collector,1,The Collector,goodreads_dump,29981261,47426931,998003,,57615,4.07
Born in Fire,Nora Roberts,Born In Trilogy,1,Born In Trilogy,goodreads_dump,114145,1615784,179064,9780515114690,57582,4.22
Destined,P.C. Cast,House of Night,9,House of Night,goodreads_dump,7933617,11290776,176647,9781905654871,57515,4.04
The Book of Three,Lloyd Alexander,The Chronicles of Prydain,1,The Chronicles of Prydain,goodreads_dump,24780,1149593,155276,9780805080483,57513,4.00
Mossflower,Brian Jacques,Redwall,2,Redwall,goodreads_dump,201341,2984402,164576,9780441005765,57366,4.09
Bloody Bones,Laurell K. Hamilton,"Anita Blake, Vampire Hunter",5,"Anita Blake, Vampire Hunter",goodreads_dump,30241,1098613,178760,9780425205679,57302,4.10
Code Name Verity,Elizabeth Wein,Code Name Verity,1,Code Name Verity,goodreads_dump,11925514,16885788,456255,9781405258210,57259,4.08
Faithful Place,Tana French,Dublin Murder Squad,3,Dublin Murder Squad,goodreads_dump,7093952,7350661,198078,9780670021871,57148,3.97
A Voice in the Wind,Francine Rivers,Mark of the Lion,1,Mark of the Lion,goodreads_dump,95617,883913,153333,9780842377508,57014,4.59
Watermelon,Marian Keyes,Walsh Family,1,Walsh Family,goodreads_dump,9300,912230,224608,9780099489986,56968,3.78
The Poet,Michael Connelly,Jack McEvoy,1,Jack McEvoy,goodreads_dump,32506,32671,144855,9780446690454,56951,4.19
Girls in Pants: The Third Summer of the Sisterhood,Ann Brashares,Sisterhood,3,Sisterhood,goodreads_dump,5452,1710082,203552,9780553375930,56883,3.82
Forever in Blue: The Fourth Summer of the Sisterhood,Ann Brashares,Sisterhood,4,Sisterhood,goodreads_dump,5453,838640,152983,9780385729369,56744,3.80
The Girl in the Spider's Web,David Lagercrantz,Millennium,4,Millennium,goodreads_dump,25074850,27669153,693225,9780385354288,56741,3.74
Halo,Alexandra Adornetto,Halo,1,Halo,goodreads_dump,7778981,10695325,175998,9780312656263,56715,3.67
Tripwire,Lee Child,Jack Reacher,3,Jack Reacher,goodreads_dump,220970,1383273,156890,9780515128635,56632,4.08
A Wild Sheep Chase,Haruki Murakami,The Rat,3,The Rat,goodreads_dump,11298,2057170,400118,9780375718946,56601,3.94
The Final Warning,James Patterson,Maximum Ride,4,Maximum Ride,goodreads_dump,1829709,3236104,165722,9780316002868,56576,3.86
The Wishing Spell,Chris Colfer,The Land of Stories,1,The Land of Stories,goodreads_dump,11607446,16550024,387222,9780316201575,56555,4.22
Beautiful Stranger,Christina Lauren,Beautiful Bastard,2,Beautiful Bastard,goodreads_dump,16117506,21935683,437113,9781476731537,56483,4.24
Every Which Way But Dead,Kim Harrison,The Hollows,3,The Hollows,goodreads_dump,30263,1341883,156634,9780060572990,56482,4.29
All-American Girl,Meg Cabot,All-American Girl,1,All-American Girl,goodreads_dump,19448,2610030,163005,9780064472777,56422,3.73
3rd Degree,James Patterson,Women's Murder Club,3,Women's Murder Club,goodreads_dump,13132,2549051,162756,9780446614832,56350,4.00
4th of July,James Patterson,Women's Murder Club,4,Women's Murder Club,goodreads_dump,33668,15334,144607,9780446613361,56319,4.04
Sizzling Sixteen,Janet Evanovich,Stephanie Plum,16,Stephanie Plum,goodreads_dump,7023554,7270473,173489,9780739377727,56269,3.94
Prince of Thorns,Mark Lawrence,The Broken Empire,1,The Broken Empire,goodreads_dump,9579634,14466531,280909,9780007423293,56201,3.87
Collide,Gail McHugh,Collide,1,Collide,goodreads_dump,17158596,23582083,463191,,56185,4.23
The Long Winter,Laura Ingalls Wilder,Little House,6,Little House,goodreads_dump,8282,3327855,166174,9780060885427,56170,4.15
Don't Judge a Girl by Her Cover,Ally Carter,Gallagher Girls,3,Gallagher Girls,goodreads_dump,5267365,5334682,168398,9781423116387,56140,4.20
Captive in the Dark,C.J. Roberts,The Dark Duet,1,The Dark Duet,goodreads_dump,12513614,17499464,315421,2940011444937,56132,4.00
Flyte,Angie Sage,Septimus Heap,2,Septimus Heap,goodreads_dump,355917,3245408,165775,9780060577360,56117,3.99
Through the Ever Night,Veronica Rossi,Under the Never Sky,2,Under the Never Sky,goodreads_dump,13253276,18454415,326950,9780062072061,56071,4.17
Son,Lois Lowry,The Giver,4,The Giver,goodreads_dump,13324841,18252076,351817,9780547887203,56031,3.98
Never Never,Colleen Hoover,Never Never,1,Never Never,goodreads_dump,24378015,42942273,725040,,56002,4.12
Enclave,Ann Aguirre,Razorland,1,Razorland,goodreads_dump,7137327,7400809,208215,9780312650087,55903,3.92
Case Histories,Kate Atkinson,Jackson Brodie,1,Jackson Brodie,goodreads_dump,16243,18001,209693,9780316010702,55845,3.82
Men at Arms,Terry Pratchett,Discworld,15,Discworld,goodreads_dump,400354,819071,152835,9780061092190,55680,4.36
Forever Odd,Dean Koontz,Odd Thomas,2,Odd Thomas,goodreads_dump,16433,2789370,163689,9780553588262,55657,3.97
Lick,Kylie Scott,Stage Dive,1,Stage Dive,goodreads_dump,17983690,25216800,513220,9781743342374,55593,4.15
The Killing Dance,Laurell K. Hamilton,"Anita Blake, Vampire Hunter",6,"Anita Blake, Vampire Hunter",goodreads_dump,30244,4197,178761,9780425209066,55585,4.12
Ten Tiny Breaths,K.A. Tucker,Ten Tiny Breaths,1,Ten Tiny Breaths,goodreads_dump,15990969,21747190,451492,9780991686001,55585,4.16
The Vampire Armand,Anne Rice,The Vampire Chronicles,6,The Vampire Chronicles,goodreads_dump,31332,2925979,164314,9780345434807,55491,3.75
The Next Always,Nora Roberts,Inn BoonsBoro Trilogy,1,Inn BoonsBoro Trilogy,goodreads_dump,10305231,15207309,262350,9781455806850,55433,4.11
Castle of Wizardry,David Eddings,The Belgariad,4,The Belgariad,goodreads_dump,645023,1808841,159096,9780345335708,55431,4.16
Dash & Lily's Book of Dares,Rachel Cohn,Dash & Lily,1,Dash & Lily,goodreads_dump,7741325,10551409,820037,9780375866593,55428,3.82
Gilead,Marilynne Robinson,Gilead,1,Gilead,goodreads_dump,68210,2481792,691736,9780312424404,55406,3.84
The Sweet Far Thing,Libba Bray,Gemma Doyle,3,Gemma Doyle,goodreads_dump,127459,3072872,164954,9780385730303,55393,3.97
The Doll's House,Neil Gaiman,The Sandman,2,The Sandman,goodreads_dump,25099,2648,144461,9781563892257,55387,4.44
Need,Carrie Jones,Need,1,Need,goodreads_dump,4070493,4117634,167339,9781599903385,55214,3.71
Beautiful Oblivion,Jamie McGuire,The Maddox Brothers,1,The Maddox Brothers,goodreads_dump,18104607,25423130,668635,,55209,4.13
Queen of Babble,Meg Cabot,Queen of Babble,1,Queen of Babble,goodreads_dump,23219,905861,153488,9780060851989,55106,3.71
New Spring,Robert Jordan,The Wheel of Time,0,The Wheel of Time,goodreads_dump,187065,987752,575375,9781841492612,55047,4.02
Angels' Blood,Nalini Singh,Guild Hunter,1,Guild Hunter,goodreads_dump,3819326,3863622,182155,9780425226926,55039,4.11
Burnt Offerings,Laurell K. Hamilton,"Anita Blake, Vampire Hunter",7,"Anita Blake, Vampire Hunter",goodreads_dump,30242,2534676,178763,9780515134476,54689,4.07
Without Fail,Lee Child,Jack Reacher,6,Jack Reacher,goodreads_dump,21745,497415,149814,9781590860625,54659,4.16
The Desert Spear,Peter V. Brett,Demon Cycle,2,Demon Cycle,goodreads_dump,6736971,6527274,170259,9780345503817,54565,4.24
Magician: Master,Raymond E. Feist,The Riftwar Saga,2,The Riftwar Saga,goodreads_dump,13810,766896,152363,9780553564938,54447,4.25
Rush,Maya Banks,Breathless,1,Breathless,goodreads_dump,16033902,21805183,421830,9780425267042,54439,3.96
Faith of the Fallen,Terry Goodkind,Sword of Truth,6,Sword of Truth,goodreads_dump,121127,1492897,157552,9780812576399,54327,4.11
Gone Tomorrow,Lee Child,Jack Reacher,13,Jack Reacher,goodreads_dump,4494917,4487466,167655,9780593057056,54300,4.17
The Woman Who Rides Like a Man,Tamora Pierce,Song of the Lioness,3,Song of the Lioness,goodreads_dump,13830,1123089,155066,9780689878589,54219,4.20
Inkdeath,Cornelia Funke,Inkworld,3,Inkworld,goodreads_dump,2325825,3897683,167058,9781905294718,54200,3.94
M is for Malice,Sue Grafton,Kinsey Millhone,13,Kinsey Millhone,goodreads_dump,64854,1300442,156397,9780449223604,54027,4.07
Barely Breathing,Rebecca Donovan,Breathing,2,Breathing,goodreads_dump,13454149,18981122,344395,9781452440026,53934,4.33
Mystery Man,Kristen Ashley,Dream Man,1,Dream Man,goodreads_dump,12299419,17276473,310852,,53932,4.25
"Sarah, Plain and Tall",Patricia MacLachlan,"Sarah, Plain and Tall",1,"Sarah, Plain and Tall",goodreads_dump,106264,2674739,183860,9780618062416,53880,3.72
Reaper Man,Terry Pratchett,Discworld,11,Discworld,goodreads_dump,34517,1796454,158955,9780552152952,53861,4.27
Grounded,R.K. Lilley,Up in the Air,3,Up in the Air,goodreads_dump,16139641,21970115,437007,,53629,4.28
Explosive Eighteen,Janet Evanovich,Stephanie Plum,18,Stephanie Plum,goodreads_dump,11746513,16696160,268406,9780345527714,53607,3.92
The Magician King,Lev Grossman,The Magicians,2,The Magicians,goodreads_dump,10079321,13362064,191747,9780434020805,53532,3.91
The Valley of Horses,Jean M. Auel,Earth's Children,2,Earth's Children,goodreads_dump,40493,630903,151229,9780553381665,53329,3.98
River Marked,Patricia Briggs,Mercy Thompson,6,Mercy Thompson,goodreads_dump,8087906,10974973,176347,9781841497976,53238,4.26
Wild Magic,Tamora Pierce,The Immortals,1,The Immortals,goodreads_dump,13836,1171314,185089,9781416903437,53236,4.33
The Immortal Rules,Julie Kagawa,Blood of Eden,1,Blood of Eden,goodreads_dump,10215349,15114912,273923,9780373210510,53143,4.10
Rules of Prey,John Sandford,Lucas Davenport,1,Lucas Davenport,goodreads_dump,37301,1070686,154639,9780425205815,53107,4.13
Kushiel's Dart,Jacqueline Carey,Phedre's Trilogy,1,Phedre's Trilogy,goodreads_dump,153008,2990010,216136,9780330493741,52997,4.04
The Man in the Iron Mask,Alexandre Dumas,The D'Artagnan Romances,3.3,The D'Artagnan Romances,goodreads_dump,54499,2971402,331801,9780140439243,52857,3.97
Ramona the Pest,Beverly Cleary,Ramona Quimby,2,Ramona Quimby,goodreads_dump,78039,1284999,156296,9780192750976,52724,4.04
Grave Sight,Charlaine Harris,Harper Connelly,1,Harper Connelly,goodreads_dump,58077,2027280,160319,9780425212899,52656,3.85
Beyond the Highland Mist,Karen Marie Moning,Highlander,1,Highlander,goodreads_dump,743599,21900569,593219,9780440244165,52653,3.99
Come Away with Me,Kristen Proby,With Me in Seattle,1,With Me in Seattle,goodreads_dump,16070521,21863888,428649,,52623,3.94
Blue Moon,Laurell K. Hamilton,"Anita Blake, Vampire Hunter",8,"Anita Blake, Vampire Hunter",goodreads_dump,30246,1136422,178762,9780515134452,52587,4.04
By the Shores of Silver Lake,Laura Ingalls Wilder,Little House,5,Little House,goodreads_dump,8248,2933942,164344,9780060885410,52538,4.16
The Prince,Kiera Cass,The Selection,.5,The Selection,goodreads_dump,15820748,21549783,418612,9780062248169,52488,3.94
Magic Strikes,Ilona Andrews,Kate Daniels,3,Kate Daniels,goodreads_dump,4345498,4393420,167583,9780441017027,52382,4.44
Only the Good Spy Young,Ally Carter,Gallagher Girls,4,Gallagher Girls,goodreads_dump,6950688,7185126,173266,9781423128205,52375,4.28
Glass,Ellen Hopkins,Crank,2,Crank,goodreads_dump,270804,262530,147388,9781416940906,52336,4.28
Hounded,Kevin Hearne,The Iron Druid Chronicles,1,The Iron Druid Chronicles,goodreads_dump,9533378,14419515,205951,9780345522474,52324,4.12
Firelight,Sophie Jordan,Firelight,1,Firelight,goodreads_dump,6448470,10823062,187426,9780061935084,52302,3.88
The Snowman,Jo Nesbo,Harry Hole,7,Harry Hole,goodreads_dump,9572203,2697052,193549,9780307595867,52292,4.03
Magic Burns,Ilona Andrews,Kate Daniels,2,Kate Daniels,goodreads_dump,1811543,1810889,159105,9780441015832,52233,4.33
The Caves of Steel,Isaac Asimov,Robot,1,Robot,goodreads_dump,41811,140376,534521,9780586008355,52229,4.14
These Happy Golden Years,Laura Ingalls Wilder,Little House,8,Little House,goodreads_dump,77770,4132,144520,9780060264802,52184,4.17
Shadowland,Meg Cabot,The Mediator,1,The Mediator,goodreads_dump,187811,2013718,160222,9780060725112,52147,4.04
Fool's Errand,Robin Hobb,Tawny Man,1,Tawny Man,goodreads_dump,68488,2406151,162102,9780006486015,52093,4.29
Obsidian Butterfly,Laurell K. Hamilton,"Anita Blake, Vampire Hunter",9,"Anita Blake, Vampire Hunter",goodreads_dump,190361,2477403,178764,9780515134506,52010,4.08
The Boy Next Door,Meg Cabot,Boy,1,Boy,goodreads_dump,93722,3220771,165653,9780060845544,51964,3.83
First Grave on the Right,Darynda Jones,Charley Davidson,1,Charley Davidson,goodreads_dump,8788554,13662358,204939,9780312662752,51917,4.07
Magic Bleeds,Ilona Andrews,Kate Daniels,4,Kate Daniels,goodreads_dump,6479550,6670775,171165,9780441018529,51915,4.46
Morning Star,Pierce Brown,Red Rising Saga,3,Red Rising Saga,goodreads_dump,18966806,26984941,566915,9780345539847,51912,4.50
Dark Flame,Alyson Noel,The Immortals,4,The Immortals,goodreads_dump,7198988,7859868,174136,9780312590970,51903,3.73
The Hangman's Daughter,Oliver Potzsch,Die Henkerstochter,1,Die Henkerstochter,goodreads_dump,9496240,14381730,339054,,51900,3.71
I Am Pilgrim,Terry Hayes,Pilgrim,1,Pilgrim,goodreads_dump,18144124,20434723,533732,9781439177723,51856,4.23
Sourcery,Terry Pratchett,Discworld,5,Discworld,goodreads_dump,34499,62360,145320,9780061020674,51839,3.87
The Elfstones of Shannara,Terry Brooks,The Original Shannara Trilogy,2,The Original Shannara Trilogy,goodreads_dump,189783,2121201,182603,9780736693417,51819,3.97
The Redbreast,Jo Nesbo,Harry Hole,3,Harry Hole,goodreads_dump,465226,1487876,193546,9781843432173,51815,3.94
Existence,Abbi Glines,Existence Trilogy,1,Existence Trilogy,goodreads_dump,13223520,17258588,326100,,51804,3.95
Jack & Jill,James Patterson,Alex Cross,3,Alex Cross,goodreads_dump,13140,3236117,165724,9780446692656,51786,3.95
Dance with the Devil,Sherrilyn Kenyon,Dark-Hunterverse,3,Dark-Hunterverse,goodreads_dump,84145,991924,772526,9780312984830,51684,4.39
The Body Farm,Patricia Cornwell,Kay Scarpetta,5,Kay Scarpetta,goodreads_dump,6539,1454964,157349,9780425201442,51671,4.04
Superfudge,Judy Blume,Fudge,3,Fudge,goodreads_dump,80674,160962,190744,9780142408803,51664,3.98
The Secret of the Nagas,Amish Tripathi,Shiva Trilogy,2,Shiva Trilogy,goodreads_dump,11827808,16782480,282738,97893806587,51551,3.99
Perfect,Sara Shepard,Pretty Little Liars,3,Pretty Little Liars,goodreads_dump,1651302,2191060,161144,9780060887377,51511,4.02
Bunnicula,James Howe,Bunnicula,1,Bunnicula,goodreads_dump,281235,1142982,155254,9781416928171,51486,3.84
The False Prince,Jennifer A. Nielsen,The Ascendance Trilogy,1,The Ascendance Trilogy,goodreads_dump,12432220,16221764,301003,9780545284134,51292,4.23
Hogfather,Terry Pratchett,Discworld,20,Discworld,goodreads_dump,34532,583655,150709,9780552154284,51272,4.22
Jewels of the Sun,Nora Roberts,Gallaghers of Ardmore,1,Gallaghers of Ardmore,goodreads_dump,59810,759792,152308,9780515126778,51257,4.22
Maisie Dobbs,Jacqueline Winspear,Maisie Dobbs,1,Maisie Dobbs,goodreads_dump,462033,976403,153965,9780142004333,51256,3.91
Heir to the Empire,Timothy Zahn,Star Wars: The Thrawn Trilogy,1,Star Wars: The Thrawn Trilogy,goodreads_dump,216443,1133995,155166,9780553296129,51211,4.12
Crooked Kingdom,Leigh Bardugo,Six of Crows,2,Six of Crows,goodreads_dump,22299763,42090179,654348,,51205,4.62
The A.B.C. Murders,Agatha Christie,Hercule Poirot,13,Hercule Poirot,goodreads_dump,16322,626006,227084,9781579126247,51072,3.98
Annihilation,Jeff VanderMeer,Southern Reach,1,Southern Reach,goodreads_dump,17934530,24946895,542965,9780374104092,51003,3.63
Eclipse: The Complete Illustrated Movie Companion,Mark Cotta Vaz,The Twilight Saga: The Official Illustrated Movie Companion,3,The Twilight Saga: The Official Illustrated Movie Companion,goodreads_dump,7351574,9115558,335636,9780316087377,50993,4.44
Dance Upon the Air,Nora Roberts,Three Sisters Island,1,Three Sisters Island,goodreads_dump,59829,58217,145261,9780749932770,50904,4.20
Crazy Rich Asians,Kevin Kwan,Crazy Rich Asians,1,Crazy Rich Asians,goodreads_dump,16085481,21571970,692243,9780385536974,50895,3.71
The Perfect Game,J. Sterling,The Perfect Game,1,The Perfect Game,goodreads_dump,15783307,21500353,448546,,50868,3.96
Perfection,R.L. Mathewson,Neighbor from Hell,2,Neighbor from Hell,goodreads_dump,12351649,17912072,294457,9780983212553,50782,4.16
Into the Gauntlet,Margaret Peterson Haddix,The 39 Clues,10,The 39 Clues,goodreads_dump,7182899,7686205,174073,9780545060509,50765,3.98
Body of Evidence,Patricia Cornwell,Kay Scarpetta,2,Kay Scarpetta,goodreads_dump,132336,2361096,161914,9780743493918,50649,4.00
Dead Ever After,Charlaine Harris,Sookie Stackhouse,13,Sookie Stackhouse,goodreads_dump,15985348,17328606,370349,9781937007881,50623,3.40
The Fiery Heart,Richelle Mead,Bloodlines,4,Bloodlines,goodreads_dump,9833184,18752242,337777,9781595143204,50600,4.39
Out of the Silent Planet,C.S. Lewis,Space Trilogy,1,Space Trilogy,goodreads_dump,25350,879622,153309,9780007157150,50577,3.92
Homeland,R.A. Salvatore,The Legend of Drizzt,1,The Legend of Drizzt,goodreads_dump,50027,2186426,178999,9780786939534,50532,4.27
Into the Wild,Erin Hunter,Warriors,1,Warriors,goodreads_dump,111332,1346922,403226,9780061284205,50490,4.29
Backstage Pass,Olivia Cunning,Sinners on Tour,1,Sinners on Tour,goodreads_dump,8379374,13235522,197322,9781402244421,50470,4.05
Gossip Girl,Cecily von Ziegesar,Gossip Girl,1,Gossip Girl,goodreads_dump,22188,3061184,616707,9780316910330,50334,3.51
A Hunger Like No Other,Kresley Cole,Immortals After Dark,2,Immortals After Dark,goodreads_dump,14384,16422,144630,9781416509875,50272,4.21
Queen of Sorcery,David Eddings,The Belgariad,2,The Belgariad,goodreads_dump,587582,44016,145028,9780345335654,50163,4.14
While It Lasts,Abbi Glines,Sea Breeze,3,Sea Breeze,goodreads_dump,13496738,19040270,347463,,50049,4.24
"The Good, the Bad, and the Undead",Kim Harrison,The Hollows,2,The Hollows,goodreads_dump,30262,2756601,163589,9780060572976,50024,4.26
"Saga, Vol. 3",Brian K. Vaughan,Saga,3,Saga,goodreads_dump,19358975,27422060,736249,9781607069317,50020,4.55
Consider Phlebas,Iain M. Banks,Culture,1,Culture,goodreads_dump,8935689,14366,178910,9781857231380,50007,3.85
Starcrossed,Josephine Angelini,Starcrossed,1,Starcrossed,goodreads_dump,9462795,10862992,176212,9780062011992,49981,4.08
His Majesty's Dragon,Naomi Novik,Temeraire,1,Temeraire,goodreads_dump,28876,726205,152006,9780345481283,49873,4.05
The Hidden Oracle,Rick Riordan,The Trials of Apollo,1,The Trials of Apollo,goodreads_dump,26252859,46249638,819835,9781484732748,49842,4.32
Ashes to Ashes,Tami Hoag,Kovac and Liska,1,Kovac and Liska,goodreads_dump,84847,685826,151726,9780553589177,49785,4.04
Midnight Alley,Rachel Caine,The Morganville Vampires,3,The Morganville Vampires,goodreads_dump,544257,531546,150190,9780451222381,49731,4.11
The Icebound Land,John Flanagan,Ranger's Apprentice,3,Ranger's Apprentice,goodreads_dump,127823,6627894,170903,9780399244568,49682,4.22
Stargazer,Claudia Gray,Evernight,2,Evernight,goodreads_dump,3054684,3085581,165026,9780061284403,49627,3.80
Crash,Nicole Williams,Crash,1,Crash,goodreads_dump,15757434,21450735,410393,2940014979627,49597,4.01
The Black Cauldron,Lloyd Alexander,The Chronicles of Prydain,2,The Chronicles of Prydain,goodreads_dump,24784,1122077,155055,9780805080490,49594,4.13
Fang,James Patterson,Maximum Ride,6,Maximum Ride,goodreads_dump,6431790,6682611,171234,9780316036191,49562,4.07
Anne of Windy Poplars,L.M. Montgomery,Anne of Green Gables,4,Anne of Green Gables,goodreads_dump,65840,2946564,164397,9780808516965,49561,4.05
Heat Wave,Richard Castle,Nikki Heat,1,Nikki Heat,goodreads_dump,6566722,6759670,203958,9781401323820,49552,3.55
When the Bough Breaks,Jonathan Kellerman,Alex Delaware,1,Alex Delaware,goodreads_dump,185911,4639409,167816,9780345466600,49545,4.02
Rachel's Holiday,Marian Keyes,Walsh Family,2,Walsh Family,goodreads_dump,9301,23728,224609,9780060090388,49513,3.93
"Hellboy, Vol. 1: Seed of Destruction",Mike Mignola,Hellboy,1,Hellboy,goodreads_dump,102458,98784,221337,9781593070946,49511,4.12
Son of a Witch,Gregory Maguire,The Wicked Years,2,The Wicked Years,goodreads_dump,13521,845295,153032,9780060747220,49414,3.46
North and South,John Jakes,North and South,1,North and South,goodreads_dump,159178,1526185,157694,9780451200815,49410,4.19
The Gathering,Kelley Armstrong,Darkness Rising,1,Darkness Rising,goodreads_dump,7896345,11137563,176512,9780061797026,49401,4.03
Chain Reaction,Simone Elkeles,Perfect Chemistry,3,Perfect Chemistry,goodreads_dump,8662836,13534308,180288,9780802720870,49352,4.12
The Magicians' Guild,Trudi Canavan,The Black Magician Trilogy,1,The Black Magician Trilogy,goodreads_dump,28249,2122284,160810,9781841493138,49299,3.96
Kiss of Midnight,Lara Adrian,Midnight Breed,1,Midnight Breed,goodreads_dump,704043,690332,179020,9780553589375,49264,3.93
Lies,Michael Grant,Gone,3,Gone,goodreads_dump,6686092,6881422,172355,9780061449093,49262,4.09
Point of Origin,Patricia Cornwell,Kay Scarpetta,9,Kay Scarpetta,goodreads_dump,6531,1827446,159200,9780751530483,49248,4.02
Soul of the Fire,Terry Goodkind,Sword of Truth,5,Sword of Truth,goodreads_dump,761732,1964457,159958,9780812551495,49241,3.87
Key of Light,Nora Roberts,Key Trilogy,1,Key Trilogy,goodreads_dump,762053,1366432,179067,9780515136289,49227,4.16
Dreams of Gods & Monsters,Laini Taylor,Daughter of Smoke & Bone,3,Daughter of Smoke & Bone,goodreads_dump,13618440,19221595,371283,9780316134071,49198,4.23
Witches Abroad,Terry Pratchett,Discworld,12,Discworld,goodreads_dump,2442,929672,153618,9780061020612,49102,4.20
Magic Study,Maria V. Snyder,The Chronicles of Ixia,2,The Chronicles of Ixia,goodreads_dump,46202,1254584,538138,9780373802494,49074,4.06
Terrier,Tamora Pierce,Beka Cooper,1,Beka Cooper,goodreads_dump,13829,3056999,164864,9780375814686,49027,4.16
Brother Odd,Dean Koontz,Odd Thomas,3,Odd Thomas,goodreads_dump,14996,944261,153752,9780553804805,49017,3.98
Burned,Ellen Hopkins,Burned,1,Burned,goodreads_dump,270807,262533,204183,9781416903543,48969,4.24
Foundation's Edge,Isaac Asimov,Foundation (Publication Order),4,Foundation (Publication Order),goodreads_dump,76683,1725527,250810,9780553293388,48964,4.08
Bloodsucking Fiends,Christopher Moore,A Love Story,1,A Love Story,goodreads_dump,33454,1799438,158973,9780060735418,48961,3.93
Outbreak,Robin Cook,Dr. Marissa Blumenthal,1,Dr. Marissa Blumenthal,goodreads_dump,259538,1176781,290673,9780425106877,48865,3.96
Beautiful Redemption,Kami Garcia,Beautiful Creatures,4,Beautiful Creatures,goodreads_dump,7930335,11254781,176623,9780316123532,48839,3.94
Ink Exchange,Melissa Marr,Wicked Lovely,2,Wicked Lovely,goodreads_dump,2321296,2327820,161781,9780061214684,48764,3.68
Just One Day,Gayle Forman,Just One Day,1,Just One Day,goodreads_dump,17623975,17992862,300021,9780142422953,48756,4.02
Because of Low,Abbi Glines,Sea Breeze,2,Sea Breeze,goodreads_dump,13146214,18323697,347462,,48739,4.14
Spell Bound,Rachel Hawkins,Hex Hall,3,Hex Hall,goodreads_dump,11454587,15249128,226769,9781423121329,48692,4.09
Sea Swept,Nora Roberts,Chesapeake Bay Saga,1,Chesapeake Bay Saga,goodreads_dump,628139,3241491,165752,9780515121841,48672,4.24
All In,Raine Miller,The Blackstone Affair,2,The Blackstone Affair,goodreads_dump,16001443,21763059,418021,,48530,4.11
The Kiss of Deception,Mary E. Pearson,The Remnant Chronicles,1,The Remnant Chronicles,goodreads_dump,16429619,22617247,468002,,48503,4.06
Blood Red Road,Moira Young,Dust Lands,1,Dust Lands,goodreads_dump,9917938,14692536,242618,9781442429987,48461,3.93
Something About You,Julie James,FBI/US Attorney,1,FBI/US Attorney,goodreads_dump,6642402,6836876,276784,9780425233382,48395,3.94
Written in My Own Heart's Blood,Diana Gabaldon,Outlander,8,Outlander,goodreads_dump,11710373,16657990,267045,9780385344432,48330,4.50
The Bourne Ultimatum,Robert Ludlum,Jason Bourne,3,Jason Bourne,goodreads_dump,31259,31538,144847,9780752858494,48326,4.04
Worth Dying For,Lee Child,Jack Reacher,15,Jack Reacher,goodreads_dump,8357992,13212200,214324,9780440339342,48312,4.21
Illuminae,Amie Kaufman,The Illuminae Files,1,The Illuminae Files,goodreads_dump,23395680,26653661,561448,9780553499117,48266,4.31
Flat-Out Love,Jessica Park,Flat-Out Love,1,Flat-Out Love,goodreads_dump,11096647,16018629,482377,,48112,4.01
The Demon King,Cinda Williams Chima,Seven Realms,1,Seven Realms,goodreads_dump,6342491,6528619,170268,9781423118237,48028,4.20
My Side of the Mountain,Jean Craighead George,Mountain,1,Mountain,goodreads_dump,41667,2682098,163297,9780142401118,47928,4.03
Without Remorse,Tom Clancy,Jack Ryan Universe,1,Jack Ryan Universe,goodreads_dump,19668,5054709,869649,9780425143322,47821,4.16
The Beekeeper's Apprentice,Laurie R. King,Mary Russell and Sherlock Holmes,1,Mary Russell and Sherlock Holmes,goodreads_dump,91661,891863,153395,9780553381528,47789,4.08
Destroy Me,Tahereh Mafi,Shatter Me,1.5,Shatter Me,goodreads_dump,13623150,19226840,375276,9780062208194,47724,4.27
Never Fade,Alexandra Bracken,The Darkest Minds,2,The Darkest Minds,goodreads_dump,16150830,21986942,851626,9781423157519,47679,4.32
The Necromancer,Michael Scott,The Secrets of the Immortal Nicholas Flamel,4,The Secrets of the Immortal Nicholas Flamel,goodreads_dump,6693332,6888828,172393,9780385905169,47628,4.12
Some Girls Bite,Chloe Neill,Chicagoland Vampires,1,Chicagoland Vampires,goodreads_dump,4447622,4495840,167660,9780451226259,47549,4.01
Child 44,Tom Rob Smith,Leo Demidov,1,Leo Demidov,goodreads_dump,2161733,2167258,272659,9780446402392,47547,4.08
Cruel Beauty,Rosamund Hodge,Cruel Beauty Universe,1,Cruel Beauty Universe,goodreads_dump,15839984,21580669,752626,9780062224736,47543,3.74
Gorky Park,Martin Cruz Smith,Arkady Renko,1,Arkady Renko,goodreads_dump,762806,90322,145712,9780345298348,47526,4.04
The Republic of Thieves,Scott Lynch,Gentleman Bastard,3,Gentleman Bastard,goodreads_dump,2890090,2916344,164276,9780553804690,47445,4.23
The Lost Boy,Dave Pelzer,Dave Pelzer,2,Dave Pelzer,goodreads_dump,2743,23673,290381,9781558745155,47407,4.08
All That Remains,Patricia Cornwell,Kay Scarpetta,3,Kay Scarpetta,goodreads_dump,232123,1427152,157176,9780684193953,47401,4.05
Pop Goes the Weasel,James Patterson,Alex Cross,5,Alex Cross,goodreads_dump,13143,2471943,195582,9780446608817,47359,3.98
The Innocent,David Baldacci,Will Robie,1,Will Robie,goodreads_dump,12849385,17594837,475206,9780446572996,47328,4.11
Feet of Clay,Terry Pratchett,Discworld,19,Discworld,goodreads_dump,34527,3312754,166139,9780552153256,47272,4.26
Red Mars,Kim Stanley Robinson,Mars Trilogy,1,Mars Trilogy,goodreads_dump,77507,40712,144989,9780553560732,47269,3.84
Unbelievable,Sara Shepard,Pretty Little Liars,4,Pretty Little Liars,goodreads_dump,1537534,1205579,155716,9780060887391,47255,4.06
The Evolution of Mara Dyer,Michelle Hodkin,Mara Dyer,2,Mara Dyer,goodreads_dump,13643567,18107180,303102,,47241,4.33
Tiger's Curse,Colleen Houck,The Tiger Saga,1,The Tiger Saga,goodreads_dump,9284655,7156226,173173,9781402784033,47155,4.07
American Assassin,Vince Flynn,Mitch Rapp,1,Mitch Rapp,goodreads_dump,7959473,11771611,297966,9781416595182,47118,4.24
Awake at Dawn,C.C. Hunter,Shadow Falls,2,Shadow Falls,goodreads_dump,10800916,14442368,206027,9780312624682,47113,4.29
InuYasha: Turning Back Time,Rumiko Takahashi,InuYasha,1,InuYasha,goodreads_dump,330744,2297814,222468,9781569319475,47051,4.26
Julie of the Wolves,Jean Craighead George,Julie of the Wolves,1,Julie of the Wolves,goodreads_dump,386286,778444,152433,9780064400589,47047,3.79
Beauty from Pain,Georgia Cates,Beauty,1,Beauty,goodreads_dump,17156015,23577838,463224,9781482348736,47027,4.25
Persepolis 2: The Story of a Return,Marjane Satrapi,Persepolis,2,Persepolis,goodreads_dump,9517,6127168,168944,9780375714665,46987,4.23
Narcissus in Chains,Laurell K. Hamilton,"Anita Blake, Vampire Hunter",10,"Anita Blake, Vampire Hunter",goodreads_dump,30248,2644676,178765,9780515133875,46952,3.89
Wayside School Is Falling Down,Louis Sachar,Wayside School,2,Wayside School,goodreads_dump,10065,551030,302451,9780380731503,46885,4.17
The Third Wheel,Jeff Kinney,Diary of a Wimpy Kid,7,Diary of a Wimpy Kid,goodreads_dump,13563669,19140180,361577,9781419705847,46856,4.20
Forrest Gump,Winston Groom,Forrest Gump,1,Forrest Gump,goodreads_dump,186190,1500218,470480,9780743453257,46787,4.06
It Had to Be You,Susan Elizabeth Phillips,Chicago Stars,1,Chicago Stars,goodreads_dump,73070,2268839,161536,9780380776832,46776,4.04
The Dead Girls' Dance,Rachel Caine,The Morganville Vampires,2,The Morganville Vampires,goodreads_dump,261122,253091,147293,9780451220899,46717,4.06
The Ask and the Answer,Patrick Ness,Chaos Walking,2,Chaos Walking,goodreads_dump,6043849,6219422,169234,9781406310269,46629,4.20
This Side of the Grave,Jeaniene Frost,Night Huntress,5,Night Huntress,goodreads_dump,6871617,7087993,302359,9780061783180,46590,4.28
I Hope They Serve Beer in Hell,Tucker Max,Tucker Max,1,Tucker Max,goodreads_dump,9010,2970640,515397,9780806527284,46481,3.51
Dorothy Must Die,Danielle Paige,Dorothy Must Die,1,Dorothy Must Die,goodreads_dump,18053060,25337746,541636,9780062280671,46412,3.84
Anybody Out There?,Marian Keyes,Walsh Family,4,Walsh Family,goodreads_dump,165030,1568693,224611,9780061240850,46364,3.91
God Emperor of Dune,Frank Herbert,Dune,4,Dune,goodreads_dump,42432,3634588,166800,9780575075061,46358,3.81
Die for Me,Amy Plum,Revenants,1,Revenants,goodreads_dump,9462812,10280032,187461,9780062004017,46354,3.99
Trickster's Queen,Tamora Pierce,Daughter of the Lioness,2,Daughter of the Lioness,goodreads_dump,153780,1142872,155250,9780375828782,46326,4.28
The Angel's Game,Carlos Ruiz Zafon,El cementerio de los libros olvidados,2,El cementerio de los libros olvidados,goodreads_dump,4912857,3252824,333182,9780385528702,46326,3.86
Seduced in the Dark,C.J. Roberts,The Dark Duet,2,The Dark Duet,goodreads_dump,13612739,19212100,380927,,46264,4.32
Plainsong,Kent Haruf,Plainsong,1,Plainsong,goodreads_dump,77156,1402373,606165,9780375705854,46245,4.00
Lasher,Anne Rice,Lives of the Mayfair Witches,2,Lives of the Mayfair Witches,goodreads_dump,31340,2926033,164315,9780099471431,46221,3.84
An Ember in the Ashes,Sabaa Tahir,An Ember in the Ashes,1,An Ember in the Ashes,goodreads_dump,20560137,39113604,775550,9781595148032,46145,4.32
The Raven King,Maggie Stiefvater,The Raven Cycle,4,The Raven Cycle,goodreads_dump,17378527,24170172,472711,9780545424981,46114,4.31
Lover at Last,J.R. Ward,Black Dagger Brotherhood,11,Black Dagger Brotherhood,goodreads_dump,13570854,19151084,362580,9780451239358,46107,4.30
The Dragonbone Chair,Tad Williams,"Memory, Sorrow, and Thorn",1,"Memory, Sorrow, and Thorn",goodreads_dump,91981,840191,179503,9780756402693,46070,3.95
At Home in Mitford,Jan Karon,Mitford Years,1,Mitford Years,goodreads_dump,71776,1222486,155802,9781589190627,46062,4.11
Undead and Unwed,MaryJanice Davidson,Undead,1,Undead,goodreads_dump,421129,2523603,162610,9780425194850,45984,3.81
The Enemy,Lee Child,Jack Reacher,8,Jack Reacher,goodreads_dump,231562,224289,147073,9780440241010,45970,4.16
A Darkness At Sethanon,Raymond E. Feist,The Riftwar Saga,4,The Riftwar Saga,goodreads_dump,13813,15940,144612,9780586066881,45837,4.18
Cat and Mouse,James Patterson,Alex Cross,4,Alex Cross,goodreads_dump,21436,2983256,164569,9781570425776,45775,3.96
The Diviners,Libba Bray,The Diviners,1,The Diviners,goodreads_dump,7728889,10501517,204181,9780316126113,45773,3.96
Magic Slays,Ilona Andrews,Kate Daniels,5,Kate Daniels,goodreads_dump,8559047,13427398,178205,9780441020423,45760,4.43
The 5th Horseman,James Patterson,Women's Murder Club,5,Women's Murder Club,goodreads_dump,21445,3132603,165332,9781594831119,45701,4.04
Bed of Roses,Nora Roberts,Bride Quartet,2,Bride Quartet,goodreads_dump,6070950,6247416,169374,9780425230077,45646,4.11
Running Blind,Lee Child,Jack Reacher,4,Jack Reacher,goodreads_dump,455925,694428,151792,9780515130973,45626,4.08
These Broken Stars,Amie Kaufman,Starbound,1,Starbound,goodreads_dump,13138635,18315607,315339,9781423171027,45610,3.93
Pyramids,Terry Pratchett,Discworld,7,Discworld,goodreads_dump,64217,968512,153912,9780061020650,45608,3.88
If Tomorrow Comes,Sidney Sheldon,Tracy Whitney,1,Tracy Whitney,goodreads_dump,14554,1742291,833115,9780006479673,45465,4.02
The Mammoth Hunters,Jean M. Auel,Earth's Children,3,Earth's Children,goodreads_dump,49824,927520,153607,9780553381641,45452,3.88
Season of Mists,Neil Gaiman,The Sandman,4,The Sandman,goodreads_dump,25101,25854,144763,9781563890352,45448,4.54
The Blue Sword,Robin McKinley,Damar,1,Damar,goodreads_dump,407813,2321296,178919,9780441068807,45414,4.23
Pure,Jennifer L. Armentrout,Covenant,2,Covenant,goodreads_dump,9761771,14651123,212023,9780983157229,45398,4.34
Crocodile on the Sandbank,Elizabeth Peters,Amelia Peabody,1,Amelia Peabody,goodreads_dump,188230,2570338,162841,9780445406513,45380,4.02
Switched,Amanda Hocking,Trylle,1,Trylle,goodreads_dump,8564935,13433455,178218,9781453688939,45379,3.89
Thud!,Terry Pratchett,Discworld,34,Discworld,goodreads_dump,62530,819104,152836,9780552152679,45325,4.29
For a Few Demons More,Kim Harrison,The Hollows,5,The Hollows,goodreads_dump,30259,477836,149593,9780060788384,45309,4.33
Piercing the Darkness,Frank E. Peretti,Darkness,2,Darkness,goodreads_dump,17303,121335,146068,9781581345278,45281,4.30
Hunting Ground,Patricia Briggs,Alpha & Omega,2,Alpha & Omega,goodreads_dump,5292853,5360280,168423,9780441017386,45245,4.27
Blood Song,Anthony Ryan,Raven's Shadow,1,Raven's Shadow,goodreads_dump,13569581,19148922,386675,,45244,4.46
Knight,Kristen Ashley,Unfinished Hero,1,Unfinished Hero,goodreads_dump,13565914,19143978,364776,,45226,3.94
Acheron,Sherrilyn Kenyon,Dark-Hunterverse,14,Dark-Hunterverse,goodreads_dump,2299110,3202442,772543,9780312362157,45203,4.59
The Secret of the Old Clock,Carolyn Keene,Nancy Drew,1,Nancy Drew,goodreads_dump,32979,151480,146323,9781557091550,45197,3.98
Academ's Fury,Jim Butcher,Codex Alera,2,Codex Alera,goodreads_dump,133664,6614430,170796,9780441013401,45143,4.27
Faceless Killers,Henning Mankell,Kurt Wallander,1,Kurt Wallander,goodreads_dump,935308,2885250,198162,9781400031573,45112,3.77
The Affair,Lee Child,Jack Reacher,16,Jack Reacher,goodreads_dump,10428708,15333117,246261,9780593065709,45065,4.12
Slave to Sensation,Nalini Singh,Psy-Changeling,1,Psy-Changeling,goodreads_dump,178476,172416,146516,9780425212868,45058,4.12
One Week Girlfriend,Monica Murphy,One Week Girlfriend,1,One Week Girlfriend,goodreads_dump,17202452,23678657,467578,9780988369467,45017,3.94
Fool's Fate,Robin Hobb,Tawny Man,3,Tawny Man,goodreads_dump,45108,2960725,164446,9780553582468,44961,4.38
Kidnapped,Robert Louis Stevenson,David Balfour,1,David Balfour,goodreads_dump,325128,963266,238771,9780439295789,44944,3.78
Beneath This Man,Jodi Ellen Malpas,This Man,2,This Man,goodreads_dump,18149927,21996351,440473,,44941,4.30
Roses are Red,James Patterson,Alex Cross,6,Alex Cross,goodreads_dump,79378,22566,144717,9780446605489,44933,4.02
The Awakening,L.J. Smith,The Vampire Diaries,1,The Vampire Diaries,goodreads_dump,395922,1659113,158344,9780061020001,44932,3.41
The Goddess Test,Aimee Carter,Goddess Test,1,Goddess Test,goodreads_dump,9681214,14569146,223376,9780373210268,44897,3.83
"These Is My Words: The Diary of Sarah Agnes Prine, 1881-1901, Arizona Territories",Nancy E. Turner,Sarah Agnes Prine,1,Sarah Agnes Prine,goodreads_dump,348225,338512,302045,9780060987510,44889,4.34
Lords and Ladies,Terry Pratchett,Discworld,14,Discworld,goodreads_dump,34529,1185086,155559,9780552153157,44885,4.15
Once Burned,Jeaniene Frost,Night Prince,1,Night Prince,goodreads_dump,7039218,7288100,266153,9780061783203,44878,4.24
Mine Till Midnight,Lisa Kleypas,The Hathaways,1,The Hathaways,goodreads_dump,693016,679345,151653,9780312949808,44877,4.08
Mrs. Piggle-Wiggle,Betty MacDonald,Mrs. Piggle Wiggle,1,Mrs. Piggle Wiggle,goodreads_dump,25051,2208078,208416,9780064401487,44825,4.16
Golden Fool,Robin Hobb,Realms of the Elderlings,2,Realms of the Elderlings,goodreads_dump,45109,2960727,212869,9780553582451,44802,4.32
61 Hours,Lee Child,Jack Reacher,14,Jack Reacher,goodreads_dump,6977769,6932011,172549,9780385340588,44642,4.08
Emperor Mage,Tamora Pierce,The Immortals,3,The Immortals,goodreads_dump,13833,3094151,185091,9781416903376,44612,4.30
The Outlaw Demon Wails,Kim Harrison,The Hollows,6,The Hollows,goodreads_dump,1225621,1214135,155756,9780060788704,44604,4.38
Dreams of Joy,Lisa See,Shanghai Girls,2,Shanghai Girls,goodreads_dump,9500416,14385974,304557,9781400067121,44570,4.06
Monsters of Men,Patrick Ness,Chaos Walking,3,Chaos Walking,goodreads_dump,7540092,7160343,427861,9781406310276,44492,4.25
The Sum of All Fears,Tom Clancy,Jack Ryan Universe,7,Jack Ryan Universe,goodreads_dump,34993,5054706,869655,9780425184226,44470,3.99
Soul Music,Terry Pratchett,Discworld,16,Discworld,goodreads_dump,34502,1107935,154888,9780575066892,44454,4.02
Night Star,Alyson Noel,The Immortals,5,The Immortals,goodreads_dump,7739934,10545964,175841,9780312590987,44364,3.82
A Hat Full of Sky,Terry Pratchett,Discworld,32,Discworld,goodreads_dump,34501,2889659,164114,9780552552646,44318,4.30
The Blinding Knife,Brent Weeks,Lightbringer,2,Lightbringer,goodreads_dump,12499290,17484647,289040,9780316079914,44191,4.45
Map of Bones,James Rollins,Sigma Force,2,Sigma Force,goodreads_dump,92147,1467817,181364,9780060765248,44153,4.06
Ramona the Brave,Beverly Cleary,Ramona Quimby,3,Ramona Quimby,goodreads_dump,91248,632895,151242,9780192751072,44118,4.09
The Darkest Kiss,Gena Showalter,Lords of the Underworld,2,Lords of the Underworld,goodreads_dump,2498983,2506307,185004,9780373772322,44109,4.26
Plum Lovin',Janet Evanovich,Stephanie Plum,12.5,Stephanie Plum,goodreads_dump,6419,1087783,183288,9780312306342,44083,3.71
Shadow Puppets,Orson Scott Card,Ender's Shadow,3,Ender's Shadow,goodreads_dump,234724,2393951,162053,9780765340054,44076,3.88
The Face on the Milk Carton,Caroline B. Cooney,Janie Johnson,1,Janie Johnson,goodreads_dump,19469,816295,152812,9780385323284,44059,3.72
Firefight,Brandon Sanderson,The Reckoners,2,The Reckoners,goodreads_dump,15704459,21979689,448820,9780385743587,44023,4.29
The Pillars of Creation,Terry Goodkind,Sword of Truth,7,Sword of Truth,goodreads_dump,5038,2583229,162895,9780765340740,43996,3.67
Incarceron,Catherine Fisher,Incarceron,1,Incarceron,goodreads_dump,332775,323310,148034,9780340893609,43949,3.64
The Proposition,Katie Ashley,The Proposition,1,The Proposition,goodreads_dump,16062211,21850432,455659,9781480114487,43912,4.05
Unnatural Exposure,Patricia Cornwell,Kay Scarpetta,8,Kay Scarpetta,goodreads_dump,232145,2589885,162920,9780751530490,43906,4.05
Moving Pictures,Terry Pratchett,Discworld,10,Discworld,goodreads_dump,34510,1229354,155848,9780552152945,43891,3.92
Feast of Fools,Rachel Caine,The Morganville Vampires,4,The Morganville Vampires,goodreads_dump,2295829,2302138,161681,9780451224637,43848,4.17
Vampire Kisses,Ellen Schreiber,Vampire Kisses,1,Vampire Kisses,goodreads_dump,263147,255085,147312,9780060093365,43815,3.69
A Fistful of Charms,Kim Harrison,The Hollows,4,The Hollows,goodreads_dump,30260,2346717,161839,9780060788193,43805,4.28
Morrigan's Cross,Nora Roberts,Circle Trilogy,1,Circle Trilogy,goodreads_dump,26046,668492,191310,9780515141658,43790,4.14
The Queen of the Tearling,Erika Johansen,The Queen of the Tearling,1,The Queen of the Tearling,goodreads_dump,18712886,24267689,555558,9780062290366,43751,4.02
Succubus Blues,Richelle Mead,Georgina Kincaid,1,Georgina Kincaid,goodreads_dump,235718,228316,433353,9780758216410,43732,3.94
Princeps' Fury,Jim Butcher,Codex Alera,5,Codex Alera,goodreads_dump,2903736,2930878,164332,9780441016389,43711,4.35
Captain's Fury,Jim Butcher,Codex Alera,4,Codex Alera,goodreads_dump,346087,6614434,170797,9780441015276,43709,4.38
The Body Finder,Kimberly Derting,The Body Finder,1,The Body Finder,goodreads_dump,6261522,6196751,169208,9780061779817,43701,3.96
Rock Me,Cherrie Lynn,Ross Siblings,2,Ross Siblings,goodreads_dump,8135807,12932079,288157,,43681,4.09
Lord Brocktree,Brian Jacques,Redwall,13,Redwall,goodreads_dump,99085,810431,152759,9780142501108,43677,3.95
First Drop of Crimson,Jeaniene Frost,Night Huntress World,1,Night Huntress World,goodreads_dump,6547187,6579128,170618,9780061583223,43657,4.15
Falling into You,Jasinda Wilder,Falling,1,Falling,goodreads_dump,17448960,24333050,488559,2940016356938,43639,4.04
Adulthood Is a Myth,Sarah Andersen,Sarah's Scribbles,1,Sarah's Scribbles,goodreads_dump,25855506,45724425,974950,9781449474195,43628,4.15
The Warlord Wants Forever,Kresley Cole,Immortals After Dark,1,Immortals After Dark,goodreads_dump,6388558,6576853,170600,,43469,4.09
A Million Suns,Beth Revis,Across the Universe,2,Across the Universe,goodreads_dump,10345927,15248718,226758,9781595143983,43420,4.04
Beautiful Player,Christina Lauren,Beautiful Bastard,3,Beautiful Bastard,goodreads_dump,17831614,24948167,495358,,43375,4.38
Bad Luck and Trouble,Lee Child,Jack Reacher,11,Jack Reacher,goodreads_dump,108942,1053240,154538,9780385340557,43365,4.18
Physik,Angie Sage,Septimus Heap,3,Septimus Heap,goodreads_dump,355916,3192037,165562,9780060577377,43347,3.99
Eon: Dragoneye Reborn,Alison Goodman,Eon,1,Eon,goodreads_dump,2986865,3017319,205443,9780670062270,43346,3.98
Notorious Nineteen,Janet Evanovich,Stephanie Plum,19,Stephanie Plum,goodreads_dump,14740588,20387074,392474,,43209,3.90
Partials,Dan Wells,Partials Sequence,1,Partials Sequence,goodreads_dump,12476820,17461183,317445,9780062071040,43194,3.94
Trickster's Choice,Tamora Pierce,Daughter of the Lioness,1,Daughter of the Lioness,goodreads_dump,24431,952544,153803,9780439968089,43160,4.27
The Black Circle,Patrick Carman,The 39 Clues,5,The 39 Clues,goodreads_dump,6255144,6438210,169830,9780545060455,43087,4.01
Cross,James Patterson,Alex Cross,12,Alex Cross,goodreads_dump,13128,3295810,166064,9780316159791,43063,3.99
Fade,Lisa McMann,Wake,2,Wake,goodreads_dump,3657138,3700340,166860,9781416953586,43036,3.95
Bring Up the Bodies,Hilary Mantel,Thomas Cromwell Trilogy,2,Thomas Cromwell Trilogy,goodreads_dump,13507212,14512257,349934,9780805090031,43029,4.27
The Red Queen,Philippa Gregory,The Plantagenet and Tudor Novels,3,The Plantagenet and Tudor Novels,goodreads_dump,7148256,7413156,958553,9781416563723,43004,3.75
Blood Brothers,Nora Roberts,Sign of Seven,1,Sign of Seven,goodreads_dump,407234,3355824,166299,9780515143805,42981,4.15
The Gamble,Kristen Ashley,Colorado Mountain,1,Colorado Mountain,goodreads_dump,11227041,16152936,310836,,42977,4.29
Blindsighted,Karin Slaughter,Grant County,1,Grant County,goodreads_dump,21718,2590340,162923,9780380820887,42963,4.10
Finding Cinderella,Colleen Hoover,Hopeless,2.5,Hopeless,goodreads_dump,18593175,26338696,552816,9781476771434,42948,4.29
Silverthorn,Raymond E. Feist,The Riftwar Saga,3,The Riftwar Saga,goodreads_dump,149302,144096,146257,9780586064177,42943,4.06
The Devil and Miss Prym,Paulo Coelho,On the Seventh Day,3,On the Seventh Day,goodreads_dump,4008,3207183,932839,9780060527990,42922,3.59
A Kiss of Shadows,Laurell K. Hamilton,Merry Gentry,1,Merry Gentry,goodreads_dump,139417,3341459,166230,9780345490650,42786,4.01
Thief of Time,Terry Pratchett,Discworld,26,Discworld,goodreads_dump,48002,46982,145057,9780061031328,42783,4.25
Skin Game,Jim Butcher,The Dresden Files,15,The Dresden Files,goodreads_dump,19486421,23811929,460741,9780451464392,42711,4.56
First Lord's Fury,Jim Butcher,Codex Alera,6,Codex Alera,goodreads_dump,6316821,6502096,170119,9780441017690,42708,4.37
The Winds of War,Herman Wouk,The Henry Family,1,The Henry Family,goodreads_dump,21484,1936731,452748,9780316952668,42658,4.36
One False Note,Gordon Korman,The 39 Clues,2,The 39 Clues,goodreads_dump,3552023,3594131,166737,9780545060424,42632,3.88
The Fall of Five,Pittacus Lore,Lorien Legacies,4,Lorien Legacies,goodreads_dump,15861491,21611266,413662,9780061974618,42612,4.24
The Transfer,Veronica Roth,Divergent,.1,Divergent,goodreads_dump,18080920,25389330,514742,9780062285638,42576,4.19
Love Unrehearsed,Tina Reber,Love,2,Love,goodreads_dump,12647642,17760917,293377,,42535,4.26
Claim Me,J. Kenner,Stark Trilogy,2,Stark Trilogy,goodreads_dump,16099159,21908552,456489,9780345545831,42532,4.21
No Rest for the Wicked,Kresley Cole,Immortals After Dark,3,Immortals After Dark,goodreads_dump,14383,1097825,154816,9781416509882,42480,4.30
The High King,Lloyd Alexander,The Chronicles of Prydain,5,The Chronicles of Prydain,goodreads_dump,24781,1561725,157851,9780805080520,42459,4.26
The Eagle Has Landed,Jack Higgins,Liam Devlin,1,Liam Devlin,goodreads_dump,295961,2593744,201369,9780140273342,42409,4.15
Altered Carbon,Richard K. Morgan,Takeshi Kovacs,1,Takeshi Kovacs,goodreads_dump,40445,2095852,160652,9780345457691,42406,4.10
Motorcycle Man,Kristen Ashley,Dream Man,4,Dream Man,goodreads_dump,13448656,18968802,338862,9781476248950,42397,4.43
Cursor's Fury,Jim Butcher,Codex Alera,3,Codex Alera,goodreads_dump,29394,6614461,170799,9780441014347,42347,4.36
The Thief,Megan Whalen Turner,The Queen's Thief,1,The Queen's Thief,goodreads_dump,448873,1069505,154633,9780060824976,42338,3.91
Only Time Will Tell,Jeffrey Archer,The Clifton Chronicles,1,The Clifton Chronicles,goodreads_dump,10872085,14570985,293244,9780312539559,42324,4.04
The Magician's Land,Lev Grossman,The Magicians,3,The Magicians,goodreads_dump,19103097,24330801,482507,,42257,4.16
Night Play,Sherrilyn Kenyon,Dark-Hunterverse,1,Dark-Hunterverse,goodreads_dump,84151,2980277,772528,9780312992422,42225,4.36
Princess in the Spotlight,Meg Cabot,The Princess Diaries,2,The Princess Diaries,goodreads_dump,439275,3091320,165059,9780064472791,42216,3.67
The Hard Goodbye,Frank Miller,Sin City,1,Sin City,goodreads_dump,392297,3696736,166853,9781593072933,42206,4.15
The Hero and the Crown,Robin McKinley,Damar,2,Damar,goodreads_dump,77366,2321243,178920,9780441328093,42195,4.21
The 6th Target,James Patterson,Women's Murder Club,6,Women's Murder Club,goodreads_dump,13131,15302,144606,9780316014793,42077,4.02
Violets Are Blue,James Patterson,Alex Cross,7,Alex Cross,goodreads_dump,79379,1827952,159204,9780446611213,42036,3.94
Dance Dance Dance,Haruki Murakami,The Rat,4,The Rat,goodreads_dump,17800,2753173,644928,9780099448761,42021,4.03
Carpe Corpus,Rachel Caine,The Morganville Vampires,6,The Morganville Vampires,goodreads_dump,5212771,5280008,168369,9780451227195,42016,4.21
From Potter's Field,Patricia Cornwell,Kay Scarpetta,6,Kay Scarpetta,goodreads_dump,6537,1455041,157350,9780425204696,42004,4.02
Smokin' Seventeen,Janet Evanovich,Stephanie Plum,17,Stephanie Plum,goodreads_dump,9583508,14470450,227944,9780307932235,41993,3.94
Rock Chick,Kristen Ashley,Rock Chick,1,Rock Chick,goodreads_dump,6538757,6730978,310840,9781849231848,41916,4.20
A Beautiful Wedding,Jamie McGuire,Beautiful,2.5,Beautiful,goodreads_dump,18528454,26234107,563764,9781476759548,41866,4.07
Perdido Street Station,China Mieville,New Crobuzon,1,New Crobuzon,goodreads_dump,68494,3221410,264027,9780345459404,41866,3.96
Queste,Angie Sage,Septimus Heap,4,Septimus Heap,goodreads_dump,1375896,2080750,160574,9780060882075,41860,4.04
The Warlock,Michael Scott,The Secrets of the Immortal Nicholas Flamel,5,The Secrets of the Immortal Nicholas Flamel,goodreads_dump,8458018,13322179,188121,9780385735339,41849,4.17
Love Story,Erich Segal,Love Story,1,Love Story,goodreads_dump,73968,816372,228482,9780380017607,41820,3.61
You Are Special,Max Lucado,Wemmicksville,1,Wemmicksville,goodreads_dump,56728,900984,,9781859855423,41780,4.45
The Sparrow,Mary Doria Russell,The Sparrow,1,The Sparrow,goodreads_dump,334176,3349153,267413,9780449912553,41728,4.17
The Realms of the Gods,Tamora Pierce,The Immortals,4,The Immortals,goodreads_dump,13834,1112038,185092,9781416908173,41725,4.32
Driven,K. Bromberg,Driven,1,Driven,goodreads_dump,17798287,24897280,499431,,41688,4.31
The Sword Thief,Peter Lerangis,The 39 Clues,3,The 39 Clues,goodreads_dump,5861926,6034082,168843,9780545135702,41644,3.88
Wolfsbane,Andrea Cremer,Nightshade,2,Nightshade,goodreads_dump,7263429,8342392,174338,9780399254833,41577,4.11
The People of Sparks,Jeanne DuPrau,Book of Ember,2,Book of Ember,goodreads_dump,3467,2529035,162657,9780375828256,41508,3.65
Opposition,Jennifer L. Armentrout,Lux,5,Lux,goodreads_dump,13644055,19260000,880593,9781622662647,41468,4.43
Caliban's War,James S.A. Corey,The Expanse,2,The Expanse,goodreads_dump,12591698,17606541,291694,9781841499901,41459,4.29
Black House,Stephen King,The Talisman,2,The Talisman,goodreads_dump,10607,1738813,183596,9780345470638,41441,3.99
Pleasure Unbound,Larissa Ione,Demonica,1,Demonica,goodreads_dump,2679633,2704935,163390,9780446401036,41353,4.07
'Tis A Memoir,Frank McCourt,Frank McCourt,2,Frank McCourt,goodreads_dump,4912,1779262,158895,9780006551812,41250,3.66
Fire Study,Maria V. Snyder,Poison Study,3,Poison Study,goodreads_dump,1966969,1970128,159989,9780778325345,41191,3.95
Taltos,Anne Rice,Lives of the Mayfair Witches,3,Lives of the Mayfair Witches,goodreads_dump,119091,2926089,164318,9780679436546,41168,3.78
The Ghost Brigades,John Scalzi,Old Man's War,2,Old Man's War,goodreads_dump,239399,18279845,313401,9780765354068,41168,4.09
Taking Chances,Molly McAdams,Taking Chances,1,Taking Chances,goodreads_dump,15739018,21424080,458242,,41167,3.87
"Out of Sight, Out of Time",Ally Carter,Gallagher Girls,5,Gallagher Girls,goodreads_dump,10560331,15467094,235310,9781423147947,41154,4.34
The Vincent Brothers,Abbi Glines,The Vincent Boys,2,The Vincent Boys,goodreads_dump,13369678,18598990,329056,,41142,4.13
The Sorcerer in the North,John Flanagan,Ranger's Apprentice,5,Ranger's Apprentice,goodreads_dump,1524173,6627897,170905,9781741661286,41123,4.25
Heretics of Dune,Frank Herbert,Dune,5,Dune,goodreads_dump,117,3634575,166799,9780441328000,41119,3.84
Cerulean Sins,Laurell K. Hamilton,"Anita Blake, Vampire Hunter",11,"Anita Blake, Vampire Hunter",goodreads_dump,30245,2953328,178766,9780515136814,41076,3.84
The Warrior Heir,Cinda Williams Chima,The Heir Chronicles,1,The Heir Chronicles,goodreads_dump,213647,1072532,154656,9780786839179,40948,3.95
Petals on the Wind,V.C. Andrews,Dollanganger,2,Dollanganger,goodreads_dump,226709,3311862,166126,9780671729479,40934,3.82
This Is What Happy Looks Like,Jennifer E. Smith,This is What Happy Looks Like,1,This is What Happy Looks Like,goodreads_dump,15790873,18529702,763263,9780316212823,40926,3.69
The Fifth Elephant,Terry Pratchett,Discworld,24,Discworld,goodreads_dump,63720,819126,152837,9780552154222,40913,4.24
Hexed,Kevin Hearne,The Iron Druid Chronicles,2,The Iron Druid Chronicles,goodreads_dump,9595650,14482685,205952,9780345522498,40895,4.22
"Blue Exorcist, Vol. 1",Kazue Kato,Blue Exorcist,1,Blue Exorcist,goodreads_dump,9876989,8097252,238280,9781421540320,40889,4.36
Clash,Nicole Williams,Crash,2,Crash,goodreads_dump,15835685,21573427,410394,2940015136289,40813,4.17
Happy Ever After,Nora Roberts,Bride Quartet,4,Bride Quartet,goodreads_dump,7074000,7327847,192608,9781423368991,40781,4.17
King of the Murgos,David Eddings,The Malloreon,2,The Malloreon,goodreads_dump,189811,1458832,157365,9780552148030,40780,4.10
Ancillary Justice,Ann Leckie,Imperial Radch,1,Imperial Radch,goodreads_dump,17333324,24064628,550150,9780316246620,40736,3.97
The Bride,Julie Garwood,Lairds' Fiancees,1,Lairds' Fiancees,goodreads_dump,107779,2642843,163100,9780743452922,40665,4.26
Daughter of the Forest,Juliet Marillier,Sevenwaters,1,Sevenwaters,goodreads_dump,13928,1897725,159583,9780765343437,40647,4.28
First Test,Tamora Pierce,Protector of the Small,1,Protector of the Small,goodreads_dump,153784,1375705,156806,9780679889175,40627,4.24
The Dark Is Rising,Susan Cooper,The Dark is Rising,2,The Dark is Rising,goodreads_dump,210329,1530651,157719,9781416949657,40588,4.07
Mini Shopaholic,Sophie Kinsella,Shopaholic,6,Shopaholic,goodreads_dump,7415016,9351456,185017,9780385342049,40580,3.70
Panic,Lauren Oliver,Panic,1,Panic,goodreads_dump,17565845,24500875,671538,9780062014559,40521,3.56
Wicked Deeds on a Winter's Night,Kresley Cole,Immortals After Dark,4,Immortals After Dark,goodreads_dump,435045,423977,184425,9781416547037,40500,4.37
Farmer Boy,Laura Ingalls Wilder,Little House,3,Little House,goodreads_dump,8252,1366740,156750,9780060885380,40490,4.05
The Virgin's Lover,Philippa Gregory,The Plantagenet and Tudor Novels,14,The Plantagenet and Tudor Novels,goodreads_dump,16183,3459181,958563,9780743269261,40478,3.69
Nightfall,L.J. Smith,The Vampire Diaries: The Return,1,The Vampire Diaries: The Return,goodreads_dump,3934321,3979878,610568,9780061720772,40457,3.57
Angel,James Patterson,Maximum Ride,7,Maximum Ride,goodreads_dump,7201913,7889455,174154,9780446545242,40443,4.02
Dragons of Spring Dawning,Margaret Weis,Dragonlance Universe,3,Dragonlance Universe,goodreads_dump,68378,879061,180650,9780786930708,40311,4.12
The Name of This Book Is Secret,Pseudonymous Bosch,Secret,1,Secret,goodreads_dump,1099301,1086172,275960,9780316113663,40287,4.04
Plum Lucky,Janet Evanovich,Stephanie Plum,13.5,Stephanie Plum,goodreads_dump,1434105,3776367,183289,9780312377632,40279,3.72
When the Wind Blows,James Patterson,When the Wind Blows,1,When the Wind Blows,goodreads_dump,13162,22599,228794,9780446676434,40268,3.92
"Rabbit, Run",John Updike,Rabbit Angstrom,1,Rabbit Angstrom,goodreads_dump,85386,802269,237905,9780449911655,40260,3.57
Making Money,Terry Pratchett,Discworld,36,Discworld,goodreads_dump,116296,144656,146261,9780061161643,40254,4.23
The Atlantis Complex,Eoin Colfer,Artemis Fowl,7,Artemis Fowl,goodreads_dump,7005865,7250253,173446,9781423128199,40226,3.97
The Last Kingdom,Bernard Cornwell,The Saxon Stories,1,The Saxon Stories,goodreads_dump,68527,881821,153318,9780060887186,40225,4.23
Naked Empire,Terry Goodkind,Sword of Truth,8,Sword of Truth,goodreads_dump,43893,1443364,157287,9780765344304,40185,3.82
The Winter Sea,Susanna Kearsley,Slains,1,Slains,goodreads_dump,3392089,3723657,512146,9780749080976,40147,4.07
Out of Breath,Rebecca Donovan,Breathing,3,Breathing,goodreads_dump,13638570,19251641,375256,,40111,4.31
Killer,Sara Shepard,Pretty Little Liars,6,Pretty Little Liars,goodreads_dump,3047849,3078640,164984,9780061566127,40103,4.07
"Saga, Vol. 4",Brian K. Vaughan,Saga,4,Saga,goodreads_dump,23093367,42643523,736250,9781632150776,40071,4.46
Casino Royale,Ian Fleming,James Bond (Original Series),1,James Bond (Original Series),goodreads_dump,3758,2503304,183494,9780142002025,40049,3.73
Mine,Katy Evans,Real,2,Real,goodreads_dump,17792606,24886836,492615,,40031,4.29
Fight with Me,Kristen Proby,With Me in Seattle,2,With Me in Seattle,goodreads_dump,16090636,21894970,428653,,39973,4.25
Deity,Jennifer L. Armentrout,Covenant,3,Covenant,goodreads_dump,9761778,14651130,212024,9781937053147,39957,4.40
J is for Judgment,Sue Grafton,Kinsey Millhone,10,Kinsey Millhone,goodreads_dump,89165,1300421,156396,9780449000656,39937,4.01
Just for Now,Abbi Glines,Sea Breeze,4,Sea Breeze,goodreads_dump,15778138,21491232,403235,,39923,4.25
Storm Warning,Linda Sue Park,The 39 Clues,9,The 39 Clues,goodreads_dump,6697305,6892987,172406,9780545060493,39904,3.98
Certain Girls,Jennifer Weiner,Cannie Shapiro,2,Cannie Shapiro,goodreads_dump,421549,3361285,206759,9780743294256,39871,3.70
Dark Prince,Christine Feehan,Dark,1,Dark,goodreads_dump,28866,2609827,163003,9780843955286,39870,4.01
Eligible,Curtis Sittenfeld,The Austen Project,4,The Austen Project,goodreads_dump,25852870,26428236,551122,9781400068326,39852,3.62
Scary Stories to Tell in the Dark,Alvin Schwartz,Scary Stories,1,Scary Stories,goodreads_dump,1325218,145600,371302,9780590431972,39824,4.06
Foundation and Earth,Isaac Asimov,Foundation (Publication Order),5,Foundation (Publication Order),goodreads_dump,29582,532290,250811,9780553587579,39819,4.02
Feed,Mira Grant,Newsflesh,1,Newsflesh,goodreads_dump,7094569,7351419,173757,9780316081054,39799,3.86
The Lost World,Arthur Conan Doyle,Professor Challenger,1,Professor Challenger,goodreads_dump,10155,1098725,273959,9780812967258,39780,3.92
Sojourn,R.A. Salvatore,The Dark Elf Trilogy,3,The Dark Elf Trilogy,goodreads_dump,66695,231584,179007,9781560760474,39779,4.23
Princess in Love,Meg Cabot,The Princess Diaries,3,The Princess Diaries,goodreads_dump,93728,2728247,163477,9780064472807,39751,3.76
The Fairy-Tale Detectives,Michael Buckley,The Sisters Grimm,1,The Sisters Grimm,goodreads_dump,176327,1142385,155245,9780810959255,39649,4.01
"On the Bright Side, I'm Now the Girlfriend of a Sex God",Louise Rennison,Confessions of Georgia Nicolson,2,Confessions of Georgia Nicolson,goodreads_dump,402014,171330,146504,9780060288136,39568,3.96
Monstrous Regiment,Terry Pratchett,Discworld,31,Discworld,goodreads_dump,34511,2073281,532369,,39564,4.18
The Gashlycrumb Tinies,Edward Gorey,The Vinegar Works,1,The Vinegar Works,goodreads_dump,47558,3211551,356742,9780747541608,39534,4.21
Echo Burning,Lee Child,Jack Reacher,5,Jack Reacher,goodreads_dump,455930,22852,144723,9780515133318,39530,3.98
Incubus Dreams,Laurell K. Hamilton,"Anita Blake, Vampire Hunter",12,"Anita Blake, Vampire Hunter",goodreads_dump,30271,2963636,178767,9780515139754,39511,3.78
Zero Day,David Baldacci,John Puller,1,John Puller,goodreads_dump,11007587,15926531,420540,9780446573016,39498,3.99
Fever,Maya Banks,Breathless,2,Breathless,goodreads_dump,16033906,21805187,421831,9780425267066,39490,4.01
Wicked Appetite,Janet Evanovich,Lizzy & Diesel,1,Lizzy & Diesel,goodreads_dump,8205669,11083239,183263,9780312652913,39425,3.77
Plague,Michael Grant,Gone,4,Gone,goodreads_dump,6686101,6881431,172356,9780061449123,39402,4.18
The Merchant of Death,D.J. MacHale,Pendragon,1,Pendragon,goodreads_dump,833710,1726608,158649,9780743437318,39335,3.93
The Testing,Joelle Charbonneau,The Testing,1,The Testing,goodreads_dump,13326831,18534001,470355,9780547959108,39317,4.05
A Living Nightmare,Darren Shan,Cirque Du Freak,1,Cirque Du Freak,goodreads_dump,8962,724928,152000,9780316905718,39311,4.07
"I, Claudius",Robert Graves,Claudius,1,Claudius,goodreads_dump,18765,4232388,237039,9780679724773,39272,4.27
Lord of Misrule,Rachel Caine,The Morganville Vampires,5,The Morganville Vampires,goodreads_dump,3558003,3600162,166751,9780451225726,39246,4.18
Chainfire,Terry Goodkind,Sword of Truth,9,Sword of Truth,goodreads_dump,43887,3028732,164731,9780765344311,39218,3.95
Covet,J.R. Ward,Fallen Angels,1,Fallen Angels,goodreads_dump,6289920,6474277,184999,9780451228215,39214,3.89
Hidden,P.C. Cast,House of Night,10,House of Night,goodreads_dump,7933615,16003318,252003,9780312594428,39203,3.98
You Suck,Christopher Moore,A Love Story,2,A Love Story,goodreads_dump,33453,2015399,160230,9780060590291,39188,3.82
Own the Wind,Kristen Ashley,Chaos,1,Chaos,goodreads_dump,16163690,22006731,447522,,39183,4.22
Reaper's Property,Joanna Wylde,Reapers MC,1,Reapers MC,goodreads_dump,17375956,23743714,464246,,39137,4.13
Devil in Winter,Lisa Kleypas,Wallflowers,3,Wallflowers,goodreads_dump,114166,1823830,159176,9780060562519,39080,4.26
The Opportunist,Tarryn Fisher,Love Me with Lies,1,Love Me with Lies,goodreads_dump,13312527,18518411,407828,,39056,4.22
Hourglass,Claudia Gray,Evernight,3,Evernight,goodreads_dump,6421588,6610807,170770,9780061284472,39031,3.79
Split Second,David Baldacci,Sean King & Michelle Maxwell,1,Sean King & Michelle Maxwell,goodreads_dump,204276,15254937,242767,9780446614450,39022,3.98
7th Heaven,James Patterson,Women's Murder Club,7,Women's Murder Club,goodreads_dump,552894,2208374,161227,9780316017701,39010,4.06
American Pastoral,Philip Roth,The American Trilogy,1,The American Trilogy,goodreads_dump,11650,598119,302895,9780099771814,39004,3.91
Of Poseidon,Anna Banks,The Syrena Legacy,1,The Syrena Legacy,goodreads_dump,12425532,17375535,376775,9781250003324,39000,4.04
The Redemption of Callie & Kayden,Jessica Sorensen,The Coincidence,2,The Coincidence,goodreads_dump,16718083,22957415,449496,9780751552614,38992,4.11
Silver Shadows,Richelle Mead,Bloodlines,5,Bloodlines,goodreads_dump,8709524,18752278,337778,9781595143211,38984,4.36
Undeniable,Madeline Sheehan,Undeniable,1,Undeniable,goodreads_dump,16109563,21882391,433412,,38913,4.07
Sweet Peril,Wendy Higgins,Sweet,2,Sweet,goodreads_dump,15768191,21474080,401458,9780062265944,38912,4.27
Wicked,Sara Shepard,Pretty Little Liars,5,Pretty Little Liars,goodreads_dump,3047850,3821158,166984,9780061566080,38901,4.03
Twice Bitten,Chloe Neill,Chicagoland Vampires,3,Chicagoland Vampires,goodreads_dump,7060582,7312508,173622,9780451230645,38900,4.22
Memory Man,David Baldacci,Amos Decker,1,Amos Decker,goodreads_dump,23153154,42700811,756794,9781455559824,38894,4.05
Checkmate,R.L. Mathewson,Neighbor from Hell,3,Neighbor from Hell,goodreads_dump,13624367,19228205,371510,,38880,4.15
You,Caroline Kepnes,You,1,You,goodreads_dump,20821614,39913517,727083,9781476785592,38878,3.83
The Claiming of Sleeping Beauty,A.N. Roquelaure,Sleeping Beauty,1,Sleeping Beauty,goodreads_dump,26582,1049526,154513,9780452281424,38843,3.28
A Fire Upon the Deep,Vernor Vinge,Zones of Thought,1,Zones of Thought,goodreads_dump,77711,1253374,204527,9780812515282,38809,4.13
Eric,Terry Pratchett,Discworld,9,Discworld,goodreads_dump,64218,59951,145283,9780380821211,38751,3.72
"White Witch, Black Curse",Kim Harrison,The Hollows,7,The Hollows,goodreads_dump,3475268,3516587,166653,9780061138010,38736,4.35
Nine Princes in Amber,Roger Zelazny,The Chronicles of Amber,1,The Chronicles of Amber,goodreads_dump,92121,1383240,156889,9780380014309,38729,4.10
Paper Princess,Erin Watt,The Royals,1,The Royals,goodreads_dump,28678119,48870448,889528,,38727,4.06
Vanish,Tess Gerritsen,Rizzoli & Isles,5,Rizzoli & Isles,goodreads_dump,32255,2692184,163339,9780345476982,38725,4.12
Down London Road,Samantha Young,On Dublin Street,2,On Dublin Street,goodreads_dump,16140408,21971325,437165,9780451419712,38673,4.24
Girl Online,Zoe Sugg,Girl Online,1,Girl Online,goodreads_dump,22510983,41954714,712762,9780141357270,38609,3.77
Beyond the Grave,Jude Watson,The 39 Clues,4,The 39 Clues,goodreads_dump,5972040,6145101,168993,9780545060448,38585,3.92
Everlasting,Alyson Noel,The Immortals,6,The Immortals,goodreads_dump,9395215,14278985,194776,9781429981927,38585,3.92
The Siege of Macindaw,John Flanagan,Ranger's Apprentice,6,Ranger's Apprentice,goodreads_dump,1814843,6627899,170906,9781741661347,38554,4.33
Guardians of the West,David Eddings,The Malloreon,1,The Malloreon,goodreads_dump,673657,418832,149031,9780345352668,38550,4.09
The Last Coyote,Michael Connelly,Harry Bosch,4,Harry Bosch,goodreads_dump,49353,449477,149322,9780752809441,38526,4.21
The Viper's Nest,Peter Lerangis,The 39 Clues,7,The 39 Clues,goodreads_dump,6393047,6581527,170635,9780545060479,38493,3.97
The Mistake,Elle Kennedy,Off-Campus,2,Off-Campus,goodreads_dump,25564665,44707128,747783,9781511660662,38471,4.14
Exile,R.A. Salvatore,The Dark Elf Trilogy,2,The Dark Elf Trilogy,goodreads_dump,66678,282950,179006,9780786939831,38467,4.24
The Darkest Pleasure,Gena Showalter,Lords of the Underworld,3,Lords of the Underworld,goodreads_dump,2712967,2738513,185005,9780373773107,38447,4.28
Lost in a Good Book,Jasper Fforde,Thursday Next,2,Thursday Next,goodreads_dump,27000,1918119,159721,9780142004036,38439,4.14
Savvy,Ingrid Law,Savvy,1,Savvy,goodreads_dump,2133795,2596626,194741,9780803733060,38423,3.97
Savor the Moment,Nora Roberts,Bride Quartet,3,Bride Quartet,goodreads_dump,6781956,7332055,173679,9781423368885,38363,4.13
Persuader,Lee Child,Jack Reacher,7,Jack Reacher,goodreads_dump,455941,224290,147074,9780440241003,38359,4.09
Ship of Magic,Robin Hobb,Liveship Traders,1,Liveship Traders,goodreads_dump,45100,1476156,251734,9780006498858,38350,4.13
Knuffle Bunny: A Cautionary Tale,Mo Willems,Knuffle Bunny,1,Knuffle Bunny,goodreads_dump,490867,2318048,185105,9781844280599,38344,4.26
Confessor,Terry Goodkind,Sword of Truth,11,Sword of Truth,goodreads_dump,604803,1025414,154338,9780765315236,38315,4.08
Fixed on You,Laurelin Paige,Fixed,1,Fixed,goodreads_dump,17828418,24941747,510917,9781627040174,38314,4.16
The Fifth Witness,Michael Connelly,Mickey Haller,4,Mickey Haller,goodreads_dump,9681098,14183705,208089,9780316069359,38284,4.17
The Cardinal of the Kremlin,Tom Clancy,Jack Ryan Universe,5,Jack Ryan Universe,goodreads_dump,382549,17028815,869653,9780425116845,38228,4.01
The Bronze Horseman,Paullina Simons,The Bronze Horseman,1,The Bronze Horseman,goodreads_dump,83144,12615171,176881,9780006513223,38192,4.33
Fallen Crest High,Tijan,Fallen Crest High,1,Fallen Crest High,goodreads_dump,16134551,21961950,455579,,38099,4.13
Birthmarked,Caragh M. O'Brien,Birthmarked,1,Birthmarked,goodreads_dump,6909544,7134814,196622,9781596435698,38058,3.89
Caddie Woodlawn,Carol Ryrie Brink,Caddie Woodlawn,1,Caddie Woodlawn,goodreads_dump,205821,1231594,191179,9781416940289,38057,3.99
Splintered,A.G. Howard,Splintered,1,Splintered,goodreads_dump,12558285,17562095,476454,9781419704284,38032,3.96
Shadow of the Giant,Orson Scott Card,Ender's Shadow,4,Ender's Shadow,goodreads_dump,8647,4088,144516,9781841492056,37989,3.99
Wolf-Speaker,Tamora Pierce,The Immortals,2,The Immortals,goodreads_dump,24094,1090193,185090,9781416903444,37971,4.22
Lady Knight,Tamora Pierce,Protector of the Small,4,Protector of the Small,goodreads_dump,153800,1031900,154390,,37966,4.30
"Twilight: The Graphic Novel, Vol. 1",Stephenie Meyer,Twilight: The Graphic Novel,1,Twilight: The Graphic Novel,goodreads_dump,7619292,10090991,193192,9780759529434,37957,3.75
Fever,Lauren DeStefano,The Chemical Garden,2,The Chemical Garden,goodreads_dump,11112619,16035084,255347,9781442409071,37890,3.79
Fueled,K. Bromberg,Driven,2,Driven,goodreads_dump,17880708,25040765,499442,,37842,4.51
Dark Force Rising,Timothy Zahn,Star Wars: The Thrawn Trilogy,2,Star Wars: The Thrawn Trilogy,goodreads_dump,216442,463790,149459,9780553560718,37830,4.14
A Game of You,Neil Gaiman,The Sandman,5,The Sandman,goodreads_dump,25102,810826,152763,9781563890932,37822,4.43
Caraval,Stephanie Garber,Caraval,1,Caraval,goodreads_dump,27883214,45697227,855819,9781250095251,37802,3.96
The Truth,Terry Pratchett,Discworld,25,Discworld,goodreads_dump,34498,280092,147607,9780413771162,37766,4.25
Micah,Laurell K. Hamilton,"Anita Blake, Vampire Hunter",13,"Anita Blake, Vampire Hunter",goodreads_dump,30228,2722196,178768,9780515140873,37746,3.62
The Keeper of Lost Causes,Jussi Adler-Olsen,Afdeling Q,1,Afdeling Q,goodreads_dump,10822858,7211561,426458,9780525952480,37730,3.98
Frost Burned,Patricia Briggs,Mercy Thompson,7,Mercy Thompson,goodreads_dump,13413589,15955708,249636,9780441020010,37722,4.35
Broken Harbour,Tana French,Dublin Murder Squad,4,Dublin Murder Squad,goodreads_dump,10805160,15718578,245489,9781444705102,37659,3.92
Leaving Paradise,Simone Elkeles,Leaving Paradise,1,Leaving Paradise,goodreads_dump,544424,531712,150195,9780738710181,37656,4.02
The Black Ice,Michael Connelly,Harry Bosch,2,Harry Bosch,goodreads_dump,24244,457882,149405,9780446613446,37647,4.05
Squire,Tamora Pierce,Protector of the Small,3,Protector of the Small,goodreads_dump,153795,1142883,155251,,37647,4.27
The School for Good and Evil,Soman Chainani,The School for Good and Evil,1,The School for Good and Evil,goodreads_dump,16248113,21599439,488497,9780062104892,37632,4.00
2010: Odyssey Two,Arthur C. Clarke,Space Odyssey,2,Space Odyssey,goodreads_dump,70539,615175,178931,9780345413970,37618,3.89
Fragile Eternity,Melissa Marr,Wicked Lovely,3,Wicked Lovely,goodreads_dump,5152561,5219564,168338,9780061214714,37608,3.83
The Big Bad Wolf,James Patterson,Alex Cross,9,Alex Cross,goodreads_dump,6588,1877371,159482,9780446610223,37535,3.97
The Adoration of Jenna Fox,Mary E. Pearson,Jenna Fox Chronicles,1,Jenna Fox Chronicles,goodreads_dump,1902241,1903936,233801,9780805076684,37465,3.70
"Rurouni Kenshin, Vol. 1: Meiji Swordsman Romantic Story",Nobuhiro Watsuki,Rurouni Kenshin,1,Rurouni Kenshin,goodreads_dump,294963,286213,263835,9781591162209,37448,4.33
Griffin and Sabine,Nick Bantock,Griffin & Sabine,1,Griffin & Sabine,goodreads_dump,381102,981140,334205,9781551924014,37404,4.00
The Player of Games,Iain M. Banks,Culture,2,Culture,goodreads_dump,18630,1494157,592409,9780061053566,37375,4.26
"Mary, Mary",James Patterson,Alex Cross,11,Alex Cross,goodreads_dump,84736,3267280,165893,9780446619035,37373,3.93
The Three-Body Problem,Liu Cixin,Remembrance of Earth’s Past,1,Remembrance of Earth’s Past,goodreads_dump,20518872,25696480,969165,9780765377067,37332,4.01
The Brass Verdict,Michael Connelly,Mickey Haller,14,Mickey Haller,goodreads_dump,2761626,2787335,163675,9780316166294,37289,4.09
Brief Lives,Neil Gaiman,The Sandman,7,The Sandman,goodreads_dump,25105,40666827,604525,9781563891373,37239,4.54
Anne of Ingleside,L.M. Montgomery,Anne of Green Gables,6,Anne of Green Gables,goodreads_dump,77391,1404690,157046,9780553213157,37229,4.05
The Story of Doctor Dolittle,Hugh Lofting,Doctor Dolittle,1,Doctor Dolittle,goodreads_dump,325421,803204,196831,9780060775971,37222,3.98
Boundless,Cynthia Hand,Unearthly,3,Unearthly,goodreads_dump,13049981,18214662,309581,9780061996207,37214,4.14
The Body in the Library,Agatha Christie,Miss Marple,3,Miss Marple,goodreads_dump,16319,3038784,199038,9781579126261,37213,3.85
Taken at Dusk,C.C. Hunter,Shadow Falls,3,Shadow Falls,goodreads_dump,12866426,17575444,293064,9780312624699,37211,4.33
Little Men,Louisa May Alcott,Little Women,2,Little Women,goodreads_dump,78950,2180439,978090,9781406954364,37168,3.84
The Wishsong of Shannara,Terry Brooks,The Original Shannara Trilogy,3,The Original Shannara Trilogy,goodreads_dump,15567,1352033,182604,9781857231328,37167,3.97
The Oath of the Vayuputras,Amish Tripathi,Shiva Trilogy,3,Shiva Trilogy,goodreads_dump,12820793,17970410,299371,9789382618348,37165,3.67
The Plains of Passage,Jean M. Auel,Earth's Children,4,Earth's Children,goodreads_dump,74389,1377315,156819,9780553381658,37151,3.77
Danse Macabre,Laurell K. Hamilton,"Anita Blake, Vampire Hunter",14,"Anita Blake, Vampire Hunter",goodreads_dump,121927,7313984,178769,9780515142815,37145,3.81
"Tomorrow, When the War Began",John Marsden,Tomorrow,1,Tomorrow,goodreads_dump,71865,1253352,156102,9780439829106,37079,4.05
The Hard Way,Lee Child,Jack Reacher,10,Jack Reacher,goodreads_dump,383028,584889,150714,9780385336697,37063,4.15
Captivate,Carrie Jones,Need,2,Need,goodreads_dump,6600137,6793984,171884,9781599903422,37047,3.94
Alone,Lisa Gardner,Detective D.D. Warren,1,Detective D.D. Warren,goodreads_dump,32527,235306,147176,9780553584530,37041,3.97
Snow Like Ashes,Sara Raasch,Snow Like Ashes,1,Snow Like Ashes,goodreads_dump,17399160,24221752,484128,9780062286925,37025,3.98
End of Watch,Stephen King,Bill Hodges Trilogy,3,Bill Hodges Trilogy,goodreads_dump,25526965,45313982,773656,9781501129742,37011,4.09
The Retribution of Mara Dyer,Michelle Hodkin,Mara Dyer,3,Mara Dyer,goodreads_dump,15768409,21474467,401509,9781442484238,37007,4.13
Friday Night Bites,Chloe Neill,Chicagoland Vampires,2,Chicagoland Vampires,goodreads_dump,6319978,6505300,170139,9780451227935,37002,4.15
King's Cage,Victoria Aveyard,Red Queen,3,Red Queen,goodreads_dump,30226723,42721001,682707,9780062310712,36923,4.02
The Emperor's Code,Gordon Korman,The 39 Clues,8,The 39 Clues,goodreads_dump,6545536,6737901,171507,9780545060486,36874,4.04
Dark Needs at Night's Edge,Kresley Cole,Immortals After Dark,5,Immortals After Dark,goodreads_dump,1611656,1605350,158115,9781416547075,36865,4.32
The Short Drop,Matthew FitzSimmons,Gibson Vaughn,1,Gibson Vaughn,goodreads_dump,27239265,45640572,858900,,36788,4.16
Finders Keepers,Stephen King,Bill Hodges Trilogy,2,Bill Hodges Trilogy,goodreads_dump,22453035,41884478,687724,9781501100130,36765,4.03
Jingo,Terry Pratchett,Discworld,21,Discworld,goodreads_dump,47990,1128623,155132,9780552154161,36722,4.11
Labyrinth,Kate Mosse,Languedoc,1,Languedoc,goodreads_dump,14975,1225097,155817,9780425213971,36702,3.55
Takedown Twenty,Janet Evanovich,Stephanie Plum,20,Stephanie Plum,goodreads_dump,17908462,25092132,503378,9780345542885,36618,3.76
Archangel's Kiss,Nalini Singh,Guild Hunter,2,Guild Hunter,goodreads_dump,6582637,6579113,182156,9780425233368,36598,4.24
Black Magic Sanction,Kim Harrison,The Hollows,8,The Hollows,goodreads_dump,6547188,6739626,171516,9780061138034,36558,4.38
The Last Guardian,Eoin Colfer,Artemis Fowl,8,Artemis Fowl,goodreads_dump,9307674,14190669,189952,9781423161615,36555,4.15
Wanted,Sara Shepard,Pretty Little Liars,8,Pretty Little Liars,goodreads_dump,3047851,3078642,164985,9780061566172,36548,4.15
The Story of a New Name,Elena Ferrante,L'amica geniale,2,L'amica geniale,goodreads_dump,17465515,26129550,418941,9781609451349,36545,4.36
Everneath,Brodi Ashton,Everneath,1,Everneath,goodreads_dump,9413044,14297146,270744,9780062071132,36536,3.76
John Dies at the End,David Wong,John Dies at the End,1,John Dies at the End,goodreads_dump,1857440,1858059,349789,9780978970765,36529,3.91
The Templar Legacy,Steve Berry,Cotton Malone,1,Cotton Malone,goodreads_dump,75024,1703824,158530,9780345476166,36486,3.81
Fables and Reflections,Neil Gaiman,The Sandman,6,The Sandman,goodreads_dump,25106,181895,146623,9781563891069,36470,4.45
Fatal Voyage,Kathy Reichs,Temperance Brennan,4,Temperance Brennan,goodreads_dump,128759,1080365,154697,9781416510567,36466,4.04
In Too Deep,Jude Watson,The 39 Clues,6,The 39 Clues,goodreads_dump,6389704,6578095,170606,9780545060462,36463,4.02
Eyes Wide Open,Raine Miller,The Blackstone Affair,3,The Blackstone Affair,goodreads_dump,16122643,21943963,434312,,36391,4.14
Maid-sama! Vol. 01,Hiro Fujiwara,Maid-sama!,1,Maid-sama!,goodreads_dump,6081685,6258392,208314,9781427814036,36379,4.40
Simple Perfection,Abbi Glines,Rosemary Beach,6,Rosemary Beach,goodreads_dump,17449417,24333997,535081,,36366,4.25
A Touch of Dead,Charlaine Harris,Sookie Stackhouse,8.1,Sookie Stackhouse,goodreads_dump,6202318,6382800,182304,9780441017836,36324,3.82
Carpe Jugulum,Terry Pratchett,Discworld,23,Discworld,goodreads_dump,34541,1494234,157561,9780061051586,36291,4.13
The Viscount Who Loved Me,Julia Quinn,Bridgertons,2,Bridgertons,goodreads_dump,861326,3363,144491,9780380815579,36281,4.19
Ruin,Rachel Van Dyken,Ruin,1,Ruin,goodreads_dump,18134249,25473547,594307,,36246,4.19
Dragonsong,Anne McCaffrey,Harper Hall of Pern,1,Harper Hall of Pern,goodreads_dump,28541,1171182,155437,9781416924999,36174,4.24
Bully,Penelope Douglas,Fall Away,1,Fall Away,goodreads_dump,20803953,25420107,515015,,36156,4.14
Cause of Death,Patricia Cornwell,Kay Scarpetta,7,Kay Scarpetta,goodreads_dump,6541,2408,144429,9780425213384,36127,3.93
The Iron Trial,Holly Black,Magisterium,1,Magisterium,goodreads_dump,20578940,19205879,503829,9780545522250,36118,3.94
Divine Justice,David Baldacci,Camel Club,4,Camel Club,goodreads_dump,3410425,3450678,166533,9780446195508,36033,4.17
Ship of Destiny,Robin Hobb,Liveship Traders,3,Liveship Traders,goodreads_dump,45102,2501194,169093,9780553575651,36017,4.21
My Soul to Take,Rachel Vincent,Soul Screamers,1,Soul Screamers,goodreads_dump,6315602,6500841,170109,9780373210039,35987,3.88
The Harlequin,Laurell K. Hamilton,"Anita Blake, Vampire Hunter",15,"Anita Blake, Vampire Hunter",goodreads_dump,30225,1703667,178770,9780425217245,35945,3.91
Rock Hard,Olivia Cunning,Sinners on Tour,2,Sinners on Tour,goodreads_dump,9442157,14326785,205065,9781402245794,35943,4.11
Executive Orders,Tom Clancy,Jack Ryan Universe,9,Jack Ryan Universe,goodreads_dump,19675,5054711,869657,9780006479758,35910,4.05
"Sailor Moon, Vol. 1",Naoko Takeuchi,Mei Shao Nu Zhan Shi seramun / Bishojo Senshi Sailor Moon,1,Mei Shao Nu Zhan Shi seramun / Bishojo Senshi Sailor Moon,goodreads_dump,500503,488611,238747,9781892213013,35869,4.29
UnEnchanted,Chanda Hahn,An Unfortunate Fairy Tale,1,An Unfortunate Fairy Tale,goodreads_dump,13402447,18634320,384056,,35864,3.89
Glory in Death,J.D. Robb,In Death,2,In Death,goodreads_dump,268601,3241481,165751,9780425150986,35855,4.25
The Girl In The Ice,Robert Bryndza,Detective Erika Foster,1,Detective Erika Foster,goodreads_dump,28233082,48263544,869053,,35838,3.95
Tears of the Giraffe,Alexander McCall Smith,No. 1 Ladies' Detective Agency,2,No. 1 Ladies' Detective Agency,goodreads_dump,7039,1005422,154213,9780349116655,35821,3.95
Dark Desires After Dusk,Kresley Cole,Immortals After Dark,6,Immortals After Dark,goodreads_dump,2003625,2007518,160198,9781416576754,35786,4.38
Freak the Mighty,Rodman Philbrick,Freak The Mighty,1,Freak The Mighty,goodreads_dump,8953,2049173,553232,9780439286060,35775,3.98
Rainbow Six,Tom Clancy,Jack Ryan Universe (Publication Order),10,Jack Ryan Universe (Publication Order),goodreads_dump,5720,5054705,869677,9780425170342,35765,4.07
The Daylight War,Peter V. Brett,Demon Cycle,3,Demon Cycle,goodreads_dump,9268487,14150105,188909,9780345503824,35715,4.23
Uncommon Criminals,Ally Carter,Heist Society,2,Heist Society,goodreads_dump,10327303,14547795,208213,9781423147954,35710,4.14
The Reversal,Michael Connelly,Mickey Haller,16,Mickey Haller,goodreads_dump,7936809,14180015,189552,9780316069489,35649,4.13
Pale Demon,Kim Harrison,The Hollows,9,The Hollows,goodreads_dump,8138071,12934445,177241,9780061138065,35624,4.45
"Soul Eater, Vol. 01",Atsushi Ohkubo,Soul Eater,1,Soul Eater,goodreads_dump,6406018,6594903,231594,9780759530010,35560,4.30
Phantom,Terry Goodkind,Sword of Truth,10,Sword of Truth,goodreads_dump,43884,6745547,171536,9780765305244,35550,3.98
Searching for Dragons,Patricia C. Wrede,Enchanted Forest Chronicles,2,Enchanted Forest Chronicles,goodreads_dump,169875,1047579,154495,9780152045654,35528,4.25
The Darkest Whisper,Gena Showalter,Lords of the Underworld,4,Lords of the Underworld,goodreads_dump,5509920,5620959,168553,9780373773923,35511,4.33
Misty of Chincoteague,Marguerite Henry,Misty,1,Misty,goodreads_dump,17461,847402,183856,9781416927839,35503,4.04
Trunk Music,Michael Connelly,Harry Bosch,5,Harry Bosch,goodreads_dump,58962,449499,149323,9780312941918,35469,4.15
Debt of Honor,Tom Clancy,Jack Ryan Universe,8,Jack Ryan Universe,goodreads_dump,19670,17028842,869656,9780425147580,35455,4.03
Strange Angels,Lili St. Crow,Strange Angels,1,Strange Angels,goodreads_dump,6006518,6181610,169150,9781595142511,35455,3.78
Chapterhouse: Dune,Frank Herbert,Dune,6,Dune,goodreads_dump,105,3634569,166796,9780441102679,35448,3.89
Erak's Ransom,John Flanagan,Ranger's Apprentice,7,Ranger's Apprentice,goodreads_dump,2836109,2862215,163980,9781741662092,35438,4.31
Charade,Nyrae Dawn,Games,1,Games,goodreads_dump,15993374,21751013,433205,2940015495874,35428,3.98
Deadhouse Gates,Steven Erikson,Malazan Book of the Fallen,2,Malazan Book of the Fallen,goodreads_dump,55401,3898716,181590,9780765310026,35395,4.25
Pattern Recognition,William Gibson,Blue Ant,1,Blue Ant,goodreads_dump,22320,2455062,189749,9780425198681,35393,3.86
Sweet Dreams,Kristen Ashley,Colorado Mountain,2,Colorado Mountain,goodreads_dump,11227040,16152935,310837,,35301,4.42
Eve,Anna Carey,Eve,1,Eve,goodreads_dump,9297774,14180376,218718,9780062048509,35210,3.69
The Dream Hunter,Sherrilyn Kenyon,Dark-Hunterverse,1,Dark-Hunterverse,goodreads_dump,84132,81223,772538,9780312938819,35188,4.06
The Mummy,Anne Rice,Ramses the Damned,1,Ramses the Damned,goodreads_dump,43782,43191,1042086,9780099471370,35153,3.82
King of Thorns,Mark Lawrence,The Broken Empire,2,The Broken Empire,goodreads_dump,12891107,17382436,285460,9781937007478,35115,4.20
The Crystal Cave,Mary Stewart,Arthurian Saga,1,Arthurian Saga,goodreads_dump,82192,1864677,159421,9780060548254,35104,4.12
Martin the Warrior,Brian Jacques,Redwall,6,Redwall,goodreads_dump,201345,1193907,155607,9780441001866,35095,4.13
The Other Side of Midnight,Sidney Sheldon,Midnight,1,Midnight,goodreads_dump,136167,1030360,872177,9780440060673,35076,3.89
A Princess of Mars,Edgar Rice Burroughs,Barsoom,1,Barsoom,goodreads_dump,40395,1129624,155150,9780143104889,35070,3.80
One Grave at a Time,Jeaniene Frost,Night Huntress,6,Night Huntress,goodreads_dump,7954556,7087991,302360,9780061783197,35013,4.24
A Kingdom of Dreams,Judith McNaught,Westmoreland Saga,1,Westmoreland Saga,goodreads_dump,129619,1601384,158082,9780743474153,34972,4.25
The Looking Glass Wars,Frank Beddor,The Looking Glass Wars,1,The Looking Glass Wars,goodreads_dump,44170,918951,200798,9780803731530,34967,3.93
MaddAddam,Margaret Atwood,MaddAddam,3,MaddAddam,goodreads_dump,17262203,17613051,361685,9780385528788,34959,3.98
Wintersmith,Terry Pratchett,Discworld,35,Discworld,goodreads_dump,34492,583590,150706,9780060890315,34927,4.22
Pines,Blake Crouch,Wayward Pines,1,Wayward Pines,goodreads_dump,15034320,20688937,562453,9781469216003,34906,3.89
Frog and Toad Together,Arnold Lobel,Frog and Toad,2,Frog and Toad,goodreads_dump,94803,1231891,184157,9780694012985,34859,4.22
Demon from the Dark,Kresley Cole,Immortals After Dark,10,Immortals After Dark,goodreads_dump,7098304,7355830,173787,9781439123126,34824,4.47
Stolen,Kelley Armstrong,Women of the Otherworld,2,Women of the Otherworld,goodreads_dump,11922,14289,144600,9780452285934,34796,4.16
Seraphina,Rachel Hartman,Seraphina,1,Seraphina,goodreads_dump,19549841,17375239,390746,,34791,3.98
Hammered,Kevin Hearne,The Iron Druid Chronicles,3,The Iron Druid Chronicles,goodreads_dump,9595620,14482655,205953,9780345522481,34791,4.21
Into the Still Blue,Veronica Rossi,Under the Never Sky,3,Under the Never Sky,goodreads_dump,14288998,19928978,380891,9780062072092,34785,4.16
Blood Work,Michael Connelly,Terry McCaleb,8,Terry McCaleb,goodreads_dump,32504,1473598,289566,9780446690447,34780,4.11
Calling on Dragons,Patricia C. Wrede,Enchanted Forest Chronicles,3,Enchanted Forest Chronicles,goodreads_dump,169879,3178,144486,9780152046927,34766,4.19
Maskerade,Terry Pratchett,Discworld,18,Discworld,goodreads_dump,78876,968513,153913,9780575058088,34761,4.06
Midnight Awakening,Lara Adrian,Midnight Breed,3,Midnight Breed,goodreads_dump,1388813,1378890,179022,9780553589399,34748,4.25
Tai-Pan,James Clavell,Asian Saga: Chronological Order,2,Asian Saga: Chronological Order,goodreads_dump,42933,1755754,591618,9780440184621,34744,4.25
Act of Treason,Vince Flynn,Mitch Rapp,9,Mitch Rapp,goodreads_dump,26722,27405,297962,9780743270373,34695,4.28
The Coffin Dancer,Jeffery Deaver,Lincoln Rhyme,2,Lincoln Rhyme,goodreads_dump,227729,2495542,162484,9780671024093,34682,4.16
Spells,Aprilynne Pike,Wings,2,Wings,goodreads_dump,6801582,7008092,172741,9780061668067,34661,3.98
Sorceress of Darshiva,David Eddings,The Malloreon,4,The Malloreon,goodreads_dump,371787,968049,153910,9780345369352,34655,4.09
Big Stone Gap,Adriana Trigiani,Big Stone Gap,1,Big Stone Gap,goodreads_dump,58822,523148,211552,9780345459206,34620,3.86
Double Cross,James Patterson,Alex Cross,13,Alex Cross,goodreads_dump,552887,3357637,166304,9780316015059,34612,3.99
Halt's Peril,John Flanagan,Ranger's Apprentice,9,Ranger's Apprentice,goodreads_dump,6348045,6534539,170308,9781741663020,34602,4.38
Side Jobs: Stories from the Dresden Files,Jim Butcher,The Dresden Files,12.5,The Dresden Files,goodreads_dump,7779059,10351697,181789,9780451463654,34578,4.24
Ark Angel,Anthony Horowitz,Alex Rider,6,Alex Rider,goodreads_dump,94319,90923,145724,9780142407387,34543,4.12
The Stonekeeper,Kazu Kibuishi,Amulet,1,Amulet,goodreads_dump,1238684,1384641,200791,9780439846806,34542,4.15
"Over Sea, Under Stone",Susan Cooper,The Dark Is Rising,1,The Dark Is Rising,goodreads_dump,11312,742,182290,9780689871214,34540,3.85
UnWholly,Neal Shusterman,Unwind Dystology,2,Unwind Dystology,goodreads_dump,13545075,13096117,177425,9781442423688,34539,4.25
The Exiled Queen,Cinda Williams Chima,Seven Realms,2,Seven Realms,goodreads_dump,7801229,9842102,175230,9781423118244,34507,4.34
Fear,Michael Grant,Gone,5,Gone,goodreads_dump,8811134,13685368,178638,9780061449154,34481,4.25
A Suitable Boy,Vikram Seth,Suitables,1,Suitables,goodreads_dump,50365,1651078,628684,9780060786526,34468,4.10
Damned,Chuck Palahniuk,Damned,1,Damned,goodreads_dump,9912994,14805540,469609,9780385671101,34456,3.38
The Proposal,Katie Ashley,The Proposition,2,The Proposition,goodreads_dump,16117804,21936139,455660,,34445,4.04
Shadows of Self,Brandon Sanderson,Mistborn - Alloy Era,5,Mistborn - Alloy Era,goodreads_dump,16065004,21855448,598627,9780765378552,34399,4.30
Hard Luck,Jeff Kinney,Diary of a Wimpy Kid,8,Diary of a Wimpy Kid,goodreads_dump,17733898,21986528,438893,9781419711329,34393,4.28
The High Lord,Trudi Canavan,The Black Magician Trilogy,3,The Black Magician Trilogy,goodreads_dump,28251,2122285,160811,9781841493152,34382,4.15
Match Me If You Can,Susan Elizabeth Phillips,Chicago Stars,6,Chicago Stars,goodreads_dump,73089,2617385,163026,9780060734565,34340,4.13
The Last Templar,Raymond Khoury,Templar,1,Templar,goodreads_dump,46438,143448,210991,9780451219954,34242,3.58
The Wizard Heir,Cinda Williams Chima,The Heir Chronicles,2,The Heir Chronicles,goodreads_dump,500743,488848,149720,9781423104872,34241,4.14
Until November,Aurora Rose Reynolds,Until,1,Until,goodreads_dump,18341046,25808543,546029,,34229,4.15
Secrets of a Summer Night,Lisa Kleypas,Wallflowers,1,Wallflowers,goodreads_dump,114162,760678,152311,9780061259340,34215,4.05
The Score,Elle Kennedy,Off-Campus,3,Off-Campus,goodreads_dump,27252717,45217167,769130,,34158,4.27
Dust,Hugh Howey,Silo,3,Silo,goodreads_dump,17855756,24576986,569998,9781490904382,34155,4.26
The Crown of Embers,Rae Carson,Fire and Thorns,2,Fire and Thorns,goodreads_dump,10816908,15730581,261936,9780062026514,34152,4.19
The Weed That Strings the Hangman's Bag,Alan Bradley,Flavia de Luce,2,Flavia de Luce,goodreads_dump,6777616,6665121,171146,9780385342315,34152,3.99
Devoured,Emily Snow,Devoured,1,Devoured,goodreads_dump,15981894,21734801,426624,9781300160304,34135,3.94
Necessary Lies,Diane Chamberlain,Necessary Lies,1,Necessary Lies,goodreads_dump,17286747,23845712,886171,9781250010698,34119,4.21
Dark Witch,Nora Roberts,The Cousins O'Dwyer Trilogy,1,The Cousins O'Dwyer Trilogy,goodreads_dump,16158558,21998974,462154,9780425259856,34119,3.91
Four Blind Mice,James Patterson,Alex Cross,8,Alex Cross,goodreads_dump,53625,1831604,159227,9780747266921,34102,3.98
Predestined,Abbi Glines,Existence Trilogy,2,Existence Trilogy,goodreads_dump,13323842,18530561,326101,,34076,4.09
World After,Susan Ee,Penryn & the End of Days,2,Penryn & the End of Days,goodreads_dump,12983100,18142457,304421,9781444778533,34063,4.21
A Wanted Man,Lee Child,Jack Reacher,17,Jack Reacher,goodreads_dump,13359067,18587348,338342,9780307749604,34050,4.00
Emily of New Moon,L.M. Montgomery,Emily,1,Emily,goodreads_dump,3562,1223124,181807,9780553233704,34031,4.09
Falling Kingdoms,Morgan Rhodes,Falling Kingdoms,1,Falling Kingdoms,goodreads_dump,12954620,18111704,303223,9781595145840,34003,3.83
Al Capone Does My Shirts,Gennifer Choldenko,Al Capone at Alcatraz,1,Al Capone at Alcatraz,goodreads_dump,89716,2952174,315042,9780142403709,33977,3.83
Practical Demonkeeping,Christopher Moore,Pine Cove,1,Pine Cove,goodreads_dump,33457,2915038,467432,9780060735425,33959,3.81
Chains,Laurie Halse Anderson,Seeds of America,1,Seeds of America,goodreads_dump,3002300,3032794,189865,9781416905851,33921,4.09
Page,Tamora Pierce,Protector of the Small,2,Protector of the Small,goodreads_dump,153785,2665123,163162,,33871,4.23
Misguided Angel,Melissa de la Cruz,Blue Bloods,5,Blue Bloods,goodreads_dump,7747263,7204808,173320,9781423121282,33837,3.93
Gregor and the Code of Claw,Suzanne Collins,Underland Chronicles,5,Underland Chronicles,goodreads_dump,537070,2432390,162203,9780439791434,33820,4.26
The Last Command,Timothy Zahn,Star Wars: The Thrawn Trilogy,3,Star Wars: The Thrawn Trilogy,goodreads_dump,216422,397139,148820,9780553564921,33771,4.21
The Lady of the Rivers,Philippa Gregory,The Plantagenet and Tudor Novels,1,The Plantagenet and Tudor Novels,goodreads_dump,9542439,14428801,958551,9781847374592,33765,3.97
Doomsday Book,Connie Willis,Oxford Time Travel,1,Oxford Time Travel,goodreads_dump,24983,2439628,206618,9780553562736,33756,4.03
Radiant Shadows,Melissa Marr,Wicked Lovely,4,Wicked Lovely,goodreads_dump,6368610,6517530,170190,9780061659225,33747,3.97
Kiss of Death,Rachel Caine,The Morganville Vampires,8,The Morganville Vampires,goodreads_dump,7091713,7241833,173426,9780451229731,33741,4.22
Princess in Waiting,Meg Cabot,The Princess Diaries,4,The Princess Diaries,goodreads_dump,93729,1005489,154214,9780060096090,33737,3.66
Extreme Measures,Vince Flynn,Mitch Rapp,11,Mitch Rapp,goodreads_dump,3313418,3351033,297964,9781416599395,33723,4.32
Dandelion Wine,Ray Bradbury,Green Town,1,Green Town,goodreads_dump,50033,1627774,509443,9780671037703,33688,4.08
Law Man,Kristen Ashley,Dream Man,3,Dream Man,goodreads_dump,13412515,18682640,338861,,33681,4.33
The Novice,Trudi Canavan,The Black Magician Trilogy,2,The Black Magician Trilogy,goodreads_dump,28250,1293084,156347,9781841493145,33671,4.07
The Devil's Star,Jo Nesbo,Harry Hole,5,Harry Hole,goodreads_dump,498389,968931,193547,9780099478539,33670,4.03
Skulduggery Pleasant,Derek Landy,Skulduggery Pleasant,1,Skulduggery Pleasant,goodreads_dump,284440,909082,629181,9780061231155,33668,4.21
A Gathering of Shadows,V.E. Schwab,Shades of Magic,2,Shades of Magic,goodreads_dump,20764879,43242915,711362,9780765376473,33657,4.32
The White Dragon,Anne McCaffrey,Dragonriders of Pern,3,Dragonriders of Pern,goodreads_dump,127586,2886933,164107,9780345341679,33643,4.17
A Torch Against the Night,Sabaa Tahir,An Ember in the Ashes,2,An Ember in the Ashes,goodreads_dump,25558608,45355236,775551,9780008250447,33614,4.34
After,Anna Todd,After,1,After,goodreads_dump,22557520,26102134,697546,9781476792484,33573,3.74
If There Be Thorns,V.C. Andrews,Dollanganger,3,Dollanganger,goodreads_dump,226706,464419,149461,9780671729455,33557,3.75
Private,James Patterson,Private,1,Private,goodreads_dump,7134202,7397180,657681,9780316096157,33554,3.85
Many Waters,Madeleine L'Engle,Time Quintet,4,Time Quintet,goodreads_dump,151370,1575861,181637,9780312368579,33550,4.01
The Last Continent,Terry Pratchett,Discworld,22,Discworld,goodreads_dump,47994,583688,150710,9780552154185,33469,3.99
The Dark Divine,Bree Despain,The Dark Divine,1,The Dark Divine,goodreads_dump,6380822,6568723,170541,9781606840573,33469,3.81
Forever My Girl,Heidi McLaughlin,Beaumont,1,Beaumont,goodreads_dump,16119079,21938104,439949,9780988695108,33458,4.04
Step on a Crack,James Patterson,Michael Bennett,1,Michael Bennett,goodreads_dump,45169,1384747,195577,9780316013949,33452,3.99
B is for Burglar,Sue Grafton,Kinsey Millhone,2,Kinsey Millhone,goodreads_dump,64865,1963457,159948,9780312939007,33411,3.83
Supernaturally,Kiersten White,Paranormalcy,2,Paranormalcy,goodreads_dump,8581936,13451137,178265,9780061985867,33385,3.92
The Best Christmas Pageant Ever,Barbara Robinson,The Herdmans,1,The Herdmans,goodreads_dump,239810,1632383,252791,9780064402750,33383,4.18
The Winner's Crime,Marie Rutkoski,The Winner's Trilogy,2,The Winner's Trilogy,goodreads_dump,20443207,31174003,582305,9780374384715,33371,4.16
Midnight for Charlie Bone,Jenny Nimmo,The Children of the Red King,1,The Children of the Red King,goodreads_dump,9475,361223,179861,9780439474290,33345,3.80
Stone of Farewell,Tad Williams,"Memory, Sorrow, and Thorn",2,"Memory, Sorrow, and Thorn",goodreads_dump,28689,1000406,179504,9780756402976,33334,4.09
Odd Hours,Dean Koontz,Odd Thomas,4,Odd Thomas,goodreads_dump,2029927,2313023,161723,9780553807059,33330,3.93
Fade Out,Rachel Caine,The Morganville Vampires,7,The Morganville Vampires,goodreads_dump,6289938,6474295,169975,9780451228666,33277,4.20
The Guard,Kiera Cass,The Selection,2.5,The Selection,goodreads_dump,18170039,25538638,523478,9780062317148,33276,3.76
The Apprentice,Tess Gerritsen,Rizzoli & Isles,2,Rizzoli & Isles,goodreads_dump,715834,1238418,155900,9780345447869,33261,4.14
Plum Spooky,Janet Evanovich,Stephanie Plum,14.5,Stephanie Plum,goodreads_dump,3400816,3440839,183290,9780739328279,33249,3.78
The Wake,Neil Gaiman,The Sandman,10,The Sandman,goodreads_dump,25104,2021847,160282,9781563892875,33239,4.53
Nemesis,Jo Nesbo,Harry Hole,4,Harry Hole,goodreads_dump,3522419,3023538,193543,9780061655500,33217,3.97
Gone,Lisa Gardner,Quincy & Rainie,5,Quincy & Rainie,goodreads_dump,84839,734433,152069,9780553588071,33185,4.18
Kiss of the Highlander,Karen Marie Moning,Highlander,4,Highlander,goodreads_dump,112754,2746769,288257,9780440236559,33154,4.31
Jessica's Guide to Dating on the Dark Side,Beth Fantaskey,Jessica,1,Jessica,goodreads_dump,3389671,3429537,218798,9780152063849,33141,3.84
"The Penderwicks: A Summer Tale of Four Sisters, Two Rabbits, and a Very Interesting Boy",Jeanne Birdsall,The Penderwicks,1,The Penderwicks,goodreads_dump,266904,2564478,249655,9780440420477,33120,4.13
My Sister's Grave,Robert Dugoni,Tracy Crosswhite,1,Tracy Crosswhite,goodreads_dump,22744701,41739579,784044,,33116,4.00
Merrick,Anne Rice,The Vampire Chronicles,7,The Vampire Chronicles,goodreads_dump,43781,2925968,164313,9780345422408,33106,3.71
Seduction and Snacks,Tara Sivec,Chocolate Lovers,1,Chocolate Lovers,goodreads_dump,15704001,21365702,396692,,33098,4.14
The Silent Sister,Diane Chamberlain,Riley MacPherson,1,Riley MacPherson,goodreads_dump,19286669,27334868,868936,9781250010711,33079,3.93
Heartless,Sara Shepard,Pretty Little Liars,7,Pretty Little Liars,goodreads_dump,3047848,3078639,164983,9780061566158,33073,4.09
The Long Earth,Terry Pratchett,The Long Earth,1,The Long Earth,goodreads_dump,13147230,18164154,446443,9780062067753,33070,3.74
The Drop,Michael Connelly,Harry Bosch,17,Harry Bosch,goodreads_dump,11082037,15547563,289565,9780316069410,33020,4.14
Unleash the Night,Sherrilyn Kenyon,Dark-Hunterverse,8,Dark-Hunterverse,goodreads_dump,84139,613030,772534,9780312934330,33019,4.34
Dare You To,Katie McGarry,Pushing the Limits,2,Pushing the Limits,goodreads_dump,13561164,19135892,416971,9780373210633,33018,4.17
The Darkest Passion,Gena Showalter,Lords of the Underworld,5,Lords of the Underworld,goodreads_dump,6758331,6954915,172609,9780778303763,32998,4.37
The Kindly Ones,Neil Gaiman,The Sandman,9,The Sandman,goodreads_dump,71252,2647,144460,9781563892042,32994,4.59
Wild Man,Kristen Ashley,Dream Man,2,Dream Man,goodreads_dump,12881141,18034302,310853,,32979,4.20
Frigid,J. Lynn,Frigid,1,Frigid,goodreads_dump,16122034,21943079,511369,9781939392749,32959,3.79
An Echo in the Darkness,Francine Rivers,Mark of the Lion,2,Mark of the Lion,goodreads_dump,46601,522675,150105,9780842313070,32918,4.61
London Bridges,James Patterson,Alex Cross,10,Alex Cross,goodreads_dump,13151,3236105,165723,9780446613354,32883,3.92
The Crystal Shard,R.A. Salvatore,The Icewind Dale Trilogy,1,The Icewind Dale Trilogy,goodreads_dump,66693,66280,178996,9780786942466,32875,4.13
Count Zero,William Gibson,Sprawl,2,Sprawl,goodreads_dump,22200,879764,182201,9780441013678,32870,4.00
Twilight,Meg Cabot,The Mediator,6,The Mediator,goodreads_dump,93724,2349900,161864,9780060724696,32843,4.26
The Kill Artist,Daniel Silva,Gabriel Allon,1,Gabriel Allon,goodreads_dump,93794,2153394,160964,9780451209337,32842,4.00
Worlds' End,Neil Gaiman,The Sandman,8,The Sandman,goodreads_dump,25103,1009277,154246,9781563891700,32840,4.48
Pleasure of a Dark Prince,Kresley Cole,Immortals After Dark,9,Immortals After Dark,goodreads_dump,6337006,6522883,170224,9781416580959,32791,4.41
The Lying Game,Sara Shepard,The Lying Game,1,The Lying Game,goodreads_dump,8428069,13291270,202991,9780061869709,32760,3.96
Airhead,Meg Cabot,Airhead,1,Airhead,goodreads_dump,2213324,2219112,161282,9780545040525,32730,3.77
Jet,Jay Crownover,Marked Men,2,Marked Men,goodreads_dump,17204860,23682783,456242,,32701,4.09
Apollyon,Jennifer L. Armentrout,Covenant,4,Covenant,goodreads_dump,9897164,14789350,217444,9781937053161,32684,4.40
Tales from a Not-So-Fabulous Life,Rachel Renee Russell,Dork Diaries,1,Dork Diaries,goodreads_dump,6054449,6230260,175492,9781416980063,32663,4.16
Crashed,K. Bromberg,Driven,3,Driven,goodreads_dump,17880714,25040772,499443,,32661,4.56
Starters,Lissa Price,Starters,1,Starters,goodreads_dump,11861062,16484218,365558,9780385742375,32655,3.91
The Secret,Julie Garwood,Highlands' Lairds,1,Highlands' Lairds,goodreads_dump,107770,734169,152066,9780671744212,32628,4.26
Complete Me,J. Kenner,Stark Trilogy,3,Stark Trilogy,goodreads_dump,17411703,23680376,456490,9780345545855,32617,4.22
The Seeress of Kell,David Eddings,The Malloreon,5,The Malloreon,goodreads_dump,110694,418854,149032,9780552148061,32612,4.13
Father Mine,J.R. Ward,Black Dagger Brotherhood,6.5,Black Dagger Brotherhood,goodreads_dump,5153799,5220803,182725,,32587,4.51
Be with Me,J. Lynn,Wait for You,2,Wait for You,goodreads_dump,17558817,24486783,479992,,32577,4.15
Nothing to Lose,Lee Child,Jack Reacher,12,Jack Reacher,goodreads_dump,2211221,2217009,161267,9780385340564,32564,3.91
The Other Queen,Philippa Gregory,The Plantagenet and Tudor Novels,16,The Plantagenet and Tudor Novels,goodreads_dump,2241558,3134352,958564,9781416549123,32525,3.63
The Gray Wolf Throne,Cinda Williams Chima,Seven Realms,3,Seven Realms,goodreads_dump,9409469,14293500,195507,,32516,4.39
The Talismans of Shannara,Terry Brooks,Heritage of Shannara,4,Heritage of Shannara,goodreads_dump,34919,201738,146825,9781857239010,32504,4.01
Lord Foul's Bane,Stephen R. Donaldson,The Chronicles of Thomas Covenant the Unbeliever,1,The Chronicles of Thomas Covenant the Unbeliever,goodreads_dump,219205,958463,153844,9780345348654,32502,3.72
Kiss of Crimson,Lara Adrian,Midnight Breed,2,Midnight Breed,goodreads_dump,715791,702043,179021,9780553589382,32488,4.17
Blood Noir,Laurell K. Hamilton,"Anita Blake, Vampire Hunter",16,"Anita Blake, Vampire Hunter",goodreads_dump,2149535,2956823,178776,9780425222195,32445,3.85
Dragonquest,Anne McCaffrey,Dragonriders of Pern,2,Dragonriders of Pern,goodreads_dump,127584,2000164,181054,9780345335081,32445,4.09
The Matarese Circle,Robert Ludlum,Matarese Dynasty,1,Matarese Dynasty,goodreads_dump,31231,2254814,263891,9780752858555,32445,4.03
Otherwise Known as Sheila the Great,Judy Blume,Fudge,2,Fudge,goodreads_dump,80670,2908333,439466,9780142408797,32429,3.94
Ship Breaker,Paolo Bacigalupi,Ship Breaker,1,Ship Breaker,goodreads_dump,7095831,7352929,173769,9780316056212,32417,3.74
Gregor and the Curse of the Warmbloods,Suzanne Collins,Underland Chronicles,3,Underland Chronicles,goodreads_dump,385706,860418,153166,9780439656245,32414,4.20
Memorial Day,Vince Flynn,Mitch Rapp,7,Mitch Rapp,goodreads_dump,184657,2751330,297960,9781416548003,32410,4.30
Forward the Foundation,Isaac Asimov,Foundation (Publication Order),2,Foundation (Publication Order),goodreads_dump,76679,3046979,342472,9780553565072,32394,4.13
Play with Me,Kristen Proby,With Me in Seattle,3,With Me in Seattle,goodreads_dump,17201095,23676586,455596,2940016319506,32383,4.33
Romancing Mister Bridgerton,Julia Quinn,Bridgertons,4,Bridgertons,goodreads_dump,110384,659482,151495,9780380820849,32360,4.19
Eternal Kiss of Darkness,Jeaniene Frost,Night Huntress World,2,Night Huntress World,goodreads_dump,6871616,7096800,172914,9780061783166,32334,4.22
The Last Star,Rick Yancey,The 5th Wave,3,The 5th Wave,goodreads_dump,16131489,27238158,569752,9780399162435,32334,3.63
The Secret Place,Tana French,Dublin Murder Squad,5,Dublin Murder Squad,goodreads_dump,20821043,21598636,413103,9780670026326,32325,3.83
Dearly Devoted Dexter,Jeff Lindsay,Dexter,2,Dexter,goodreads_dump,136081,3888720,167045,9781400095926,32307,3.84
The Stupidest Angel: A Heartwarming Tale of Christmas Terror,Christopher Moore,Pine Cove,3,Pine Cove,goodreads_dump,74731,4116777,467434,9780060842352,32307,3.82
Dragonsinger,Anne McCaffrey,Harper Hall of Pern,2,Harper Hall of Pern,goodreads_dump,28547,2971170,164498,9780689860072,32292,4.26
The Mysterious Benedict Society and the Perilous Journey,Trenton Lee Stewart,The Mysterious Benedict Society,2,The Mysterious Benedict Society,goodreads_dump,2159225,2927650,164327,9780316057806,32280,4.20
Never Never: Part Two,Colleen Hoover,Never Never,2,Never Never,goodreads_dump,24422492,44022931,725980,9781311051158,32240,4.11
Night Broken,Patricia Briggs,Mercy Thompson,8,Mercy Thompson,goodreads_dump,17562900,24495112,479507,9780425256749,32204,4.42
Pulse,Gail McHugh,Collide,2,Collide,goodreads_dump,17267122,23876664,463220,,32199,4.29
Music of the Heart,Katie Ashley,Runaway Train,1,Runaway Train,goodreads_dump,16062210,21850431,487685,9781301786459,32198,4.00
The Chocolate War,Robert Cormier,Chocolate War,1,Chocolate War,goodreads_dump,17162,1122617,270982,9780375829871,32145,3.48
A Quick Bite,Lynsay Sands,Argeneau,1,Argeneau,goodreads_dump,38568,2621331,163036,9780060773755,32140,3.91
Just One Year,Gayle Forman,Just One Day,2,Just One Day,goodreads_dump,12842134,17992883,300022,,32112,3.90
Beautiful Bitch,Christina Lauren,Beautiful Bastard,1.5,Beautiful Bastard,goodreads_dump,17831616,24948170,495360,,32094,3.94
Sloppy Firsts,Megan McCafferty,Jessica Darling,1,Jessica Darling,goodreads_dump,138202,2975988,164523,9780609807903,32082,3.94
Infinity,Sherrilyn Kenyon,Nick Chronicles,1,Nick Chronicles,goodreads_dump,6696602,6892257,172402,9780312599072,32073,4.05
Enna Burning,Shannon Hale,The Books of Bayern,2,The Books of Bayern,goodreads_dump,248482,1139000,155230,9781582349060,32069,3.97
Lock In,John Scalzi,Lock In,1,Lock In,goodreads_dump,21418013,26115712,678826,9780765375865,32048,3.86
Sugar Daddy,Lisa Kleypas,The Travises,1,The Travises,goodreads_dump,306364,1823893,159181,9780312351625,31985,4.00
Top Secret Twenty-One,Janet Evanovich,Stephanie Plum,21,Stephanie Plum,goodreads_dump,19004663,27026852,567317,9780345542922,31936,3.80
Beauty from Surrender,Georgia Cates,Beauty,2,Beauty,goodreads_dump,17314410,23981204,467070,,31886,4.13
Master and Commander,Patrick O'Brian,Aubrey & Maturin,1,Aubrey & Maturin,goodreads_dump,77430,722040,151993,9780393307054,31858,4.11
Fire and Ice,Erin Hunter,Warriors,2,Warriors,goodreads_dump,275000,1245366,403227,9780060525590,31840,4.36
Winter Prey,John Sandford,Lucas Davenport,5,Lucas Davenport,goodreads_dump,37304,412645,148955,9780425141236,31820,4.25
The Perfect Play,Jaci Burton,Play by Play,1,Play by Play,goodreads_dump,8341567,13039143,199004,9780425238813,31816,3.93
The Kings of Clonmel,John Flanagan,Ranger's Apprentice,8,Ranger's Apprentice,goodreads_dump,5201089,6627900,170907,9781741663013,31812,4.29
Second Grave on the Left,Darynda Jones,Charley Davidson,2,Charley Davidson,goodreads_dump,9565045,14451765,204940,9780312360818,31809,4.28
Dragons of Winter Night,Margaret Weis,Dragonlance: Chronicles,2,Dragonlance: Chronicles,goodreads_dump,23454,1068574,154630,9781932796780,31772,4.13
The Shelters of Stone,Jean M. Auel,Earth's Children,5,Earth's Children,goodreads_dump,46544,2982200,164559,9780553382617,31727,3.80
A Woman of Substance,Barbara Taylor Bradford,Emma Harte Saga,1,Emma Harte Saga,goodreads_dump,8155,87,197834,9780312353261,31717,4.16
King Solomon's Mines,H. Rider Haggard,Allan Quatermain,1,Allan Quatermain,goodreads_dump,23814,575986,183129,9780812966299,31648,3.80
Shadow Souls,L.J. Smith,The Vampire Diaries: The Return,2,The Vampire Diaries: The Return,goodreads_dump,6441509,6631450,170939,9780061720819,31646,3.79
"Saga, Vol. 5",Brian K. Vaughan,Saga,5,Saga,goodreads_dump,25451555,45216378,776837,9781632154385,31639,4.43
Chocolate Chip Cookie Murder,Joanne Fluke,Hannah Swensen,1,Hannah Swensen,goodreads_dump,33443,1127060,155106,9780758213501,31615,3.72
Harry Potter and the Philosopher's Stone,J.K. Rowling,Harry Potter,1,Harry Potter,goodreads_dump,72193,4640799,167817,9780747532743,31614,4.45
It Happened One Autumn,Lisa Kleypas,Wallflowers,2,Wallflowers,goodreads_dump,827412,1823891,159179,9780060562496,31612,4.15
Stars Above,Marissa Meyer,The Lunar Chronicles,4.5,The Lunar Chronicles,goodreads_dump,25689074,45517469,784882,9781250091840,31573,4.27
Rumors,Anna Godbersen,Luxe,2,Luxe,goodreads_dump,2218252,3117158,165274,9780061345692,31565,3.85
I Shall Wear Midnight,Terry Pratchett,Discworld,38,Discworld,goodreads_dump,7576115,9934116,175290,9780385611077,31564,4.35
Ghost Town,Rachel Caine,The Morganville Vampires,9,The Morganville Vampires,goodreads_dump,7600922,10018961,175325,9780451231611,31553,4.27
Kiss of a Demon King,Kresley Cole,Immortals After Dark,7,Immortals After Dark,goodreads_dump,3585344,3627605,166789,9781416580942,31534,4.35
If You Stay,Courtney Cole,Beautifully Broken,1,Beautifully Broken,goodreads_dump,17032328,23348933,469797,2940016249308,31530,3.94
The Mad Ship,Robin Hobb,Liveship Traders,2,Liveship Traders,goodreads_dump,45101,2571145,251735,9780006498865,31522,4.21
Endymion,Dan Simmons,Hyperion Cantos,3,Hyperion Cantos,goodreads_dump,3977,1882574,159509,9780553572940,31503,4.15
Body Double,Tess Gerritsen,Rizzoli & Isles,4,Rizzoli & Isles,goodreads_dump,32258,1009035,154245,9780345458940,31478,4.17
Tricked,Kevin Hearne,The Iron Druid Chronicles,4,The Iron Druid Chronicles,goodreads_dump,12700306,16669362,267268,9780345533623,31468,4.25
The Alexandria Link,Steve Berry,Cotton Malone,2,Cotton Malone,goodreads_dump,74824,1407664,157069,9780345485755,31450,3.92
Leave Me Breathless,Cherrie Lynn,Ross Siblings,3,Ross Siblings,goodreads_dump,15748335,21440678,410007,,31401,4.26
The Program,Suzanne Young,The Program,1,The Program,goodreads_dump,11366397,16297209,266109,9781442445802,31398,4.07
Inside the Human Body,Joanna Cole,The Magic School Bus,3,The Magic School Bus,goodreads_dump,722864,709098,312555,9780590414272,31320,4.26
Consent to Kill,Vince Flynn,Mitch Rapp,8,Mitch Rapp,goodreads_dump,154424,2874081,297961,9781416505013,31317,4.37
Found,Margaret Peterson Haddix,The Missing,1,The Missing,goodreads_dump,1675216,3316094,166158,9781416954170,31302,3.98
Fallen in Love,Lauren Kate,Fallen,3.5,Fallen,goodreads_dump,12588363,17603066,307055,9780375990670,31295,3.77
Snuff,Terry Pratchett,Discworld,39,Discworld,goodreads_dump,8785374,13659124,178603,9780385619264,31238,4.15
Changeless,Gail Carriger,Parasol Protectorate,2,Parasol Protectorate,goodreads_dump,6933876,7165488,173204,9780316074148,31238,4.00
The Bands of Mourning,Brandon Sanderson,Mistborn,6,Mistborn,goodreads_dump,18739426,26616838,558590,,31236,4.45
Abandon,Meg Cabot,Abandon,1,Abandon,goodreads_dump,9397967,11351526,239927,9780545284103,31211,3.70
Plum Island,Nelson DeMille,John Corey,1,John Corey,goodreads_dump,33810,2309,202145,9780446679084,31197,4.03
Mad About the Boy,Helen Fielding,Bridget Jones,3,Bridget Jones,goodreads_dump,17262155,23858953,468357,9780345807953,31181,3.33
Neanderthal Seeks Human,Penny Reid,Knitting in the City,1,Knitting in the City,goodreads_dump,17673307,24673151,492156,,31161,3.96
Touch of Power,Maria V. Snyder,Healer,1,Healer,goodreads_dump,10445208,15349923,273776,9780778313076,31135,4.16
Honeymoon,James Patterson,Honeymoon,1,Honeymoon,goodreads_dump,13147,2172512,436196,9780446613378,31132,3.81
Demon Lord of Karanda,David Eddings,The Malloreon,3,The Malloreon,goodreads_dump,286507,2987777,164594,9780345363312,31123,4.05
Three Men in a Boat,Jerome K. Jerome,Three Men,1,Three Men,goodreads_dump,4921,4476508,738129,9780140621334,31122,3.90
Alice in Zombieland,Gena Showalter,White Rabbit Chronicles,1,White Rabbit Chronicles,goodreads_dump,11300302,16227953,323404,9780373210589,31117,4.05
Burn,Maya Banks,Breathless,3,Breathless,goodreads_dump,16033909,21805191,421832,9780425267080,31105,4.01
Take a Chance,Abbi Glines,Rosemary Beach,7,Rosemary Beach,goodreads_dump,18053782,25338951,535082,,31105,4.15
"Transmetropolitan, Vol. 1: Back on the Street",Warren Ellis,Transmetropolitan,1,Transmetropolitan,goodreads_dump,22416,23442,232762,9781563894459,31103,4.23
K is for Killer,Sue Grafton,Kinsey Millhone,11,Kinsey Millhone,goodreads_dump,380975,2696002,182094,9780449000663,31077,3.98
Rebel Belle,Rachel Hawkins,Rebel Belle,1,Rebel Belle,goodreads_dump,8475505,13340323,516858,9780399256936,31045,3.88
"Love, Stargirl",Jerry Spinelli,Stargirl,2,Stargirl,goodreads_dump,846984,23288,211531,9780375913754,31044,3.81
The Concrete Blonde,Michael Connelly,Harry Bosch,3,Harry Bosch,goodreads_dump,49350,449511,149324,9780446617581,31014,4.12
Tribulation Force,Tim LaHaye,Left Behind,2,Left Behind,goodreads_dump,228258,709793,186762,9780842329217,30994,3.94
Love That Dog,Sharon Creech,Jack,1,Jack,goodreads_dump,53498,984829,648834,9780064409599,30971,4.01
"Y: The Last Man, Vol. 2: Cycles",Brian K. Vaughan,Y: The Last Man,2,Y: The Last Man,goodreads_dump,332631,1584086,416600,9781401200763,30970,4.23
"Encyclopedia Brown, Boy Detective",Donald J. Sobol,Encyclopedia Brown,1,Encyclopedia Brown,goodreads_dump,789344,1998683,160135,9780553157246,30963,4.03
Unseen Academicals,Terry Pratchett,Discworld,37,Discworld,goodreads_dump,6250169,6432996,169818,9780061161704,30916,3.98
Dreamless,Josephine Angelini,Starcrossed,2,Starcrossed,goodreads_dump,12995284,10965443,176333,9780062012012,30912,4.20
Kick-Ass,Mark Millar,Kick-Ass,1,Kick-Ass,goodreads_dump,3918010,3963458,363192,9780785132615,30909,4.04
One with You,Sylvia Day,Crossfire,5,Crossfire,goodreads_dump,17876897,25032522,500675,9781250109309,30901,4.05
"Hana-Kimi, Vol. 1",Hisaya Nakajo,Hana-Kimi,1,Hana-Kimi,goodreads_dump,282356,273909,263377,9781591163299,30898,4.16
Revelation Space,Alastair Reynolds,Revelation Space,1,Revelation Space,goodreads_dump,89187,219037,228772,9780441009428,30882,3.97
The Rise of Endymion,Dan Simmons,Hyperion Cantos,4,Hyperion Cantos,goodreads_dump,11289,13799,144598,9780553572988,30866,4.16
Noble House,James Clavell,Asian Saga: Chronological Order,5,Asian Saga: Chronological Order,goodreads_dump,390711,1486259,591621,9780440164845,30816,4.23
Lothaire,Kresley Cole,Immortals After Dark,12,Immortals After Dark,goodreads_dump,10790516,15702803,242396,9781439136829,30790,4.42
Up to Me,M. Leighton,The Bad Boys,2,The Bad Boys,goodreads_dump,16093188,21899204,444192,,30774,4.12
Asylum,Madeleine Roux,Asylum,1,Asylum,goodreads_dump,13597728,19187769,564601,9780062220967,30773,3.64
The Ice Princess,Camilla Lackberg,Fjallbacka,1,Fjallbacka,goodreads_dump,7058405,1395190,156991,9781605980928,30770,3.70
The Carrie Diaries,Candace Bushnell,The Carrie Diaries,1,The Carrie Diaries,goodreads_dump,7091370,7347624,240392,9780061728914,30760,3.57
Echo Park,Michael Connelly,Harry Bosch,12,Harry Bosch,goodreads_dump,32501,1359182,156703,9780316734950,30663,4.08
Second Chance Boyfriend,Monica Murphy,One Week Girlfriend,2,One Week Girlfriend,goodreads_dump,17316075,23984106,467579,2940016487083,30654,4.06
Sandry's Book,Tamora Pierce,Circle of Magic,1,Circle of Magic,goodreads_dump,58889,1142894,155252,9780590554084,30651,3.99
Separation of Power,Vince Flynn,Mitch Rapp,5,Mitch Rapp,goodreads_dump,937249,978952,297958,9780671047344,30649,4.32
The Enchantress,Michael Scott,The Secrets of the Immortal Nicholas Flamel,6,The Secrets of the Immortal Nicholas Flamel,goodreads_dump,8519822,13386590,252369,9780385735353,30647,4.24
A Spell for Chameleon,Piers Anthony,Xanth,1,Xanth,goodreads_dump,76664,2501416,162515,9780345258557,30638,3.93
Memories of Ice,Steven Erikson,Malazan Book of the Fallen,3,Malazan Book of the Fallen,goodreads_dump,175983,836462,152968,9780765348807,30637,4.39
Night Pleasures,Sherrilyn Kenyon,Dark-Hunterverse,1,Dark-Hunterverse,goodreads_dump,84150,4112814,772522,9780312998363,30619,4.22
Behemoth,Scott Westerfeld,Leviathan,2,Leviathan,goodreads_dump,7826116,7245151,173433,9781416971757,30615,4.18
Dragon Bound,Thea Harrison,Elder Races,1,Elder Races,goodreads_dump,9637479,14524855,223454,9780425241509,30605,4.13
Virals,Kathy Reichs,Virals,1,Virals,goodreads_dump,7800188,10780344,222588,9781595143426,30597,3.94
The Lake House,James Patterson,When the Wind Blows,2,When the Wind Blows,goodreads_dump,110444,106431,228795,9780446696586,30559,3.79
Devil May Cry,Sherrilyn Kenyon,Dark-Hunterverse,11,Dark-Hunterverse,goodreads_dump,84133,81224,772540,9780312369507,30557,4.32
Written in Red,Anne Bishop,The Others,1,The Others,goodreads_dump,15711341,21378102,481375,9780451464965,30537,4.29
Etiquette & Espionage,Gail Carriger,Finishing School,1,Finishing School,goodreads_dump,10874177,15789500,245232,9780316190084,30528,3.79
Triptych,Karin Slaughter,Will Trent,1,Will Trent,goodreads_dump,21717,2479325,162426,9780385339469,30514,4.14
Prince of Wolves,Quinn Loftis,The Grey Wolves,1,The Grey Wolves,goodreads_dump,11947156,16908743,309733,,30498,4.06
The Last Town,Blake Crouch,Wayward Pines,3,Wayward Pines,goodreads_dump,20423680,29915182,609453,,30457,4.09
The 8th Confession,James Patterson,Women's Murder Club,8,Women's Murder Club,goodreads_dump,4110198,4157374,167371,9781846052583,30435,4.02
"Thirst No. 1: The Last Vampire, Black Blood, and Red Dice",Christopher Pike,The Last Vampire,1,The Last Vampire,goodreads_dump,5941233,6113733,300926,9781416983088,30376,3.82
The Emperor of Nihon-Ja,John Flanagan,Ranger's Apprentice,10,Ranger's Apprentice,goodreads_dump,7592279,9985502,177730,9781741664485,30369,4.42
Lost Light,Michael Connelly,Harry Bosch,9,Harry Bosch,goodreads_dump,126507,1805500,159000,9780446611633,30359,4.16
The Heist,Janet Evanovich,Fox and O'Hare,1,Fox and O'Hare,goodreads_dump,16169737,22016392,478588,9780345543066,30338,3.78
Sandstorm,James Rollins,Sigma Force,1,Sigma Force,goodreads_dump,183822,868206,181363,9780060580674,30322,3.94
Between the Lines,Jodi Picoult,Between the Lines,1,Between the Lines,goodreads_dump,12283261,17259372,766454,9781451635751,30303,3.58
Eona: The Last Dragoneye,Alison Goodman,Eon,2,Eon,goodreads_dump,7992995,14936811,221542,9780670063116,30301,4.12
A Caress of Twilight,Laurell K. Hamilton,Merry Gentry,2,Merry Gentry,goodreads_dump,30240,3341361,166226,9780345478160,30295,4.05
Gateway,Frederik Pohl,Heechee Saga,1,Heechee Saga,goodreads_dump,218427,1668837,185297,9780345475831,30282,4.07
Ninth Key,Meg Cabot,The Mediator,2,The Mediator,goodreads_dump,199786,227520,147109,9780060725129,30279,4.07
Gregor and the Prophecy of Bane,Suzanne Collins,Underland Chronicles,2,Underland Chronicles,goodreads_dump,385742,860408,153165,9780439650762,30278,4.17
My Favorite Mistake,Chelsea M. Cameron,My Favorite Mistake,1,My Favorite Mistake,goodreads_dump,15748898,21441527,463822,9781478322306,30231,4.00
The Hundred Thousand Kingdoms,N.K. Jemisin,Inheritance Trilogy,1,Inheritance Trilogy,goodreads_dump,6437061,6626657,170895,9780316043915,30194,3.81
Taran Wanderer,Lloyd Alexander,The Chronicles of Prydain,4,The Chronicles of Prydain,goodreads_dump,24782,2628,144459,9780805080513,30194,4.14
Consequences,Aleatha Romig,Consequences,1,Consequences,goodreads_dump,12368985,17349258,426292,9781465341884,30176,3.96
Torn,Amanda Hocking,Trylle,2,Trylle,goodreads_dump,11966216,13476717,178361,9781250006325,30092,4.04
The Collectors,David Baldacci,Camel Club,2,Camel Club,goodreads_dump,15154,867691,153215,9780446531092,30072,4.01
Morality for Beautiful Girls,Alexander McCall Smith,No. 1 Ladies' Detective Agency,3,No. 1 Ladies' Detective Agency,goodreads_dump,7035,5913092,168740,9781400031368,29995,3.97
Finnikin of the Rock,Melina Marchetta,Lumatere Chronicles,1,Lumatere Chronicles,goodreads_dump,4932435,4998084,234665,9780670072811,29984,3.93
The Last Colony,John Scalzi,Old Man's War,3,Old Man's War,goodreads_dump,88071,18279847,313402,9780765316974,29967,4.03
Forest of Secrets,Erin Hunter,Warriors,3,Warriors,goodreads_dump,831194,1462398,403228,9780060525613,29947,4.41
White Cat,Holly Black,Curse Workers,1,Curse Workers,goodreads_dump,6087756,6264661,169453,9781416963967,29944,3.81
The Ruby Circle,Richelle Mead,Bloodlines,6,Bloodlines,goodreads_dump,8709528,18752344,337779,9781595143228,29938,4.22
Peter and the Shadow Thieves,Dave Barry,Peter and the Starcatchers,2,Peter and the Starcatchers,goodreads_dump,9531,3204657,165600,9780786837878,29930,4.15
Amphigorey,Edward Gorey,Amphigorey,1,Amphigorey,goodreads_dump,47559,2375439,355982,9780399504334,29927,4.07
Immortal in Death,J.D. Robb,In Death,3,In Death,goodreads_dump,238126,3093699,165072,9780749934088,29918,4.26
Abaddon's Gate,James S.A. Corey,The Expanse,3,The Expanse,goodreads_dump,16131032,17606564,291695,9780316129077,29863,4.18
On a Pale Horse,Piers Anthony,Incarnations of Immortality,1,Incarnations of Immortality,goodreads_dump,76658,900764,153449,9780345338587,29860,4.14
Ender in Exile,Orson Scott Card,Enderverse: Publication Order,1.2,Enderverse: Publication Order,goodreads_dump,3220405,3465687,288280,9780765304964,29859,3.89
Haunted,Meg Cabot,The Mediator,5,The Mediator,goodreads_dump,23225,3239545,165747,9780060751647,29858,4.15
Lead,Kylie Scott,Stage Dive,3,Stage Dive,goodreads_dump,19286623,26116272,546543,9781250052384,29856,4.32
Bloodhound,Tamora Pierce,Beka Cooper,2,Beka Cooper,goodreads_dump,153779,1624976,158219,9780375814693,29845,4.26
Kill Shot,Vince Flynn,Mitch Rapp,2,Mitch Rapp,goodreads_dump,10816297,15729967,344257,9781416595205,29814,4.30
Magic Rises,Ilona Andrews,Kate Daniels,6,Kate Daniels,goodreads_dump,11544421,16484134,265279,9781937007584,29810,4.49
Rilla of Ingleside,L.M. Montgomery,Anne of Green Gables,8,Anne of Green Gables,goodreads_dump,433533,1791604,158933,9780553269222,29739,4.16
C is for Corpse,Sue Grafton,Kinsey Millhone,3,Kinsey Millhone,goodreads_dump,89656,2513787,162574,9780312939014,29738,3.87
The Seeing Stone,Holly Black,The Spiderwick Chronicles,2,The Spiderwick Chronicles,goodreads_dump,519048,2210660,161235,9780689859373,29735,3.88
The Sixth Man,David Baldacci,Sean King & Michelle Maxwell,5,Sean King & Michelle Maxwell,goodreads_dump,9509287,14395005,251216,9780446573108,29724,4.13
Ironside,Holly Black,Modern Faerie Tales,3,Modern Faerie Tales,goodreads_dump,283494,275023,147560,9780689868207,29722,4.05
Night Embrace,Sherrilyn Kenyon,Dark-Hunterverse,2,Dark-Hunterverse,goodreads_dump,84140,81269,772523,9780312984823,29715,4.25
Stillhouse Lake,Rachel Caine,Stillhouse Lake,1,Stillhouse Lake,goodreads_dump,33128934,53802245,1031372,,29671,4.12
A Thousand Pieces of You,Claudia Gray,Firebird,1,Firebird,goodreads_dump,17234658,23752694,459902,9780062278968,29643,3.93
Blow Fly,Patricia Cornwell,Kay Scarpetta,12,Kay Scarpetta,goodreads_dump,31623,1454733,157347,9780425198735,29604,3.75
The Dragon Heir,Cinda Williams Chima,The Heir Chronicles,3,The Heir Chronicles,goodreads_dump,2866413,2529437,162658,9781423110705,29578,4.15
Skin Trade,Laurell K. Hamilton,"Anita Blake, Vampire Hunter",17,"Anita Blake, Vampire Hunter",goodreads_dump,5215879,5283119,178820,9780425227725,29560,3.91
Earth Unaware,Orson Scott Card,The First Formic War,1,The First Formic War,goodreads_dump,13151129,18329141,334315,9780765329042,29543,3.92
The Thousand-Dollar Tan Line,Rob Thomas,Veronica Mars,1,Veronica Mars,goodreads_dump,18209454,25630244,588306,9780804170703,29539,3.99
The Cabinet of Curiosities,Douglas Preston,Pendergast,3,Pendergast,goodreads_dump,39031,817317,152816,9780446611237,29529,4.26
The Rose Society,Marie Lu,The Young Elites,2,The Young Elites,goodreads_dump,23846013,42990051,697951,9780399167843,29522,4.10
Frog and Toad All Year,Arnold Lobel,Frog and Toad,3,Frog and Toad,goodreads_dump,833549,1451198,184158,9780064440592,29518,4.34
Deal Breaker,Harlan Coben,Myron Bolitar,1,Myron Bolitar,goodreads_dump,43928,14597342,212894,9780385340601,29508,3.95
Red Lily,Nora Roberts,In the Garden,3,In the Garden,goodreads_dump,59821,1612557,197855,9780515139402,29501,4.07
Seize the Night,Sherrilyn Kenyon,Dark-Hunter,6,Dark-Hunter,goodreads_dump,84144,81234,832194,9780749935870,29500,4.36
On Basilisk Station,David Weber,Honor Harrington,1,Honor Harrington,goodreads_dump,35921,965345,153877,9781416509370,29497,4.11
Return to Paradise,Simone Elkeles,Leaving Paradise,2,Leaving Paradise,goodreads_dump,7797874,10770784,176134,9780738718682,29495,4.05
The Christmas Shoes,Donna VanLiere,Christmas Hope,1,Christmas Hope,goodreads_dump,42172,1085294,154723,9780312289515,29489,4.22
Beautiful Redemption,Jamie McGuire,The Maddox Brothers,2,The Maddox Brothers,goodreads_dump,22717015,42244477,668636,9781502541857,29463,4.14
Iced,Karen Marie Moning,Fever,6,Fever,goodreads_dump,12444166,17427104,527083,9780385344401,29449,4.12
Evil Under the Sun,Agatha Christie,Hercule Poirot,23,Hercule Poirot,goodreads_dump,16305,907837,227089,9781579126285,29441,3.94
Darkest Mercy,Melissa Marr,Wicked Lovely,5,Wicked Lovely,goodreads_dump,6368611,6556073,170438,9780061659256,29420,4.11
"The Secret Diary of Adrian Mole, Aged 13 3/4",Sue Townsend,Adrian Mole,1,Adrian Mole,goodreads_dump,51070,2866062,249320,9780060533991,29416,3.85
Transfer of Power,Vince Flynn,Mitch Rapp,3,Mitch Rapp,goodreads_dump,184655,2127844,160827,9781416516354,29414,4.31
Reunion,Meg Cabot,The Mediator,3,The Mediator,goodreads_dump,199785,2013729,160223,9780060725136,29414,4.09
Stray,Rachel Vincent,Shifters,1,Shifters,goodreads_dump,793399,779381,152458,9780778324218,29398,3.79
Black Rose,Nora Roberts,In the Garden,2,In the Garden,goodreads_dump,86321,1587685,197854,9780739453827,29393,4.04
Dear Mr. Henshaw,Beverly Cleary,Leigh Botts,1,Leigh Botts,goodreads_dump,105999,1174365,155458,9780380709588,29366,3.70
Undead and Unemployed,MaryJanice Davidson,Undead,2,Undead,goodreads_dump,153193,602355,150937,9780425197486,29355,3.93
Lord of Shadows,Cassandra Clare,The Dark Artifices,2,The Dark Artifices,goodreads_dump,30312891,19104295,355541,9781442468405,29333,4.55
Live Wire,Harlan Coben,Myron Bolitar,10,Myron Bolitar,goodreads_dump,8437667,14598314,215243,9780525952060,29311,4.07
The Demigod Diaries,Rick Riordan,The Heroes of Olympus,2.5,The Heroes of Olympus,goodreads_dump,12959086,18116462,440338,9781423163008,29303,4.19
The Dead and the Gone,Susan Beth Pfeffer,Last Survivors,2,Last Survivors,goodreads_dump,2169506,1785549,158917,9780152063115,29297,3.84
Sweet Home,Tillie Cole,Sweet Home,1,Sweet Home,goodreads_dump,18105011,25423841,561850,,29295,4.04
Captain Underpants and the Attack of the Talking Toilets,Dav Pilkey,Captain Underpants,2,Captain Underpants,goodreads_dump,153865,1368691,186239,9780439995443,29287,4.00
Smooth Talking Stranger,Lisa Kleypas,The Travises,3,The Travises,goodreads_dump,4066312,4113404,167314,9780312351663,29286,4.17
A Fatal Grace,Louise Penny,Chief Inspector Armand Gamache,2,Chief Inspector Armand Gamache,goodreads_dump,352921,343141,148246,9780312352561,29255,4.11
"Nana, Vol. 1",Ai Yazawa,Nana,1,Nana,goodreads_dump,98413,2346477,238344,9781421501086,29255,4.21
The Broken Eye,Brent Weeks,Lightbringer,3,Lightbringer,goodreads_dump,12652457,17766175,293478,,29241,4.46
Fear Nothing,Dean Koontz,Moonlight Bay,1,Moonlight Bay,goodreads_dump,32432,2880211,184833,9780553579758,29218,3.99
Love Comes Softly,Janette Oke,Love Comes Softly,1,Love Comes Softly,goodreads_dump,65497,63547,240927,9780553805598,29214,4.22
Queen of Babble Gets Hitched,Meg Cabot,Queen of Babble,3,Queen of Babble,goodreads_dump,2068676,2073911,160553,9780060852023,29170,3.82
Lord John and the Private Matter,Diana Gabaldon,Lord John Grey,1,Lord John Grey,goodreads_dump,10990,2489807,162463,9780770429454,29157,3.66
Edenbrooke,Julianne Donaldson,Edenbrooke,1,Edenbrooke,goodreads_dump,12820360,17969941,571641,9781609089467,29140,4.34
Half Magic,Edward Eager,Tales of Magic,1,Tales of Magic,goodreads_dump,225038,1441544,334840,9780152020682,29135,3.94
Thief,Tarryn Fisher,Love Me with Lies,3,Love Me with Lies,goodreads_dump,16090981,21895518,428763,,29126,4.40
Hard Bitten,Chloe Neill,Chicagoland Vampires,4,Chicagoland Vampires,goodreads_dump,9581001,12773071,176989,9780451233325,29113,4.17
Calamity,Brandon Sanderson,The Reckoners,3,The Reckoners,goodreads_dump,15704486,21366542,448821,9780385743600,29106,4.19
Lady Luck,Kristen Ashley,Colorado Mountain,3,Colorado Mountain,goodreads_dump,12958487,18115826,310838,,29096,4.43
Tricks,Ellen Hopkins,Tricks,1,Tricks,goodreads_dump,5510384,5625827,677268,9781416950073,29078,4.29
On the Island,Tracey Garvis-Graves,On the Island,1,On the Island,goodreads_dump,15505346,18151286,514956,9781405910217,29074,4.13
Born Free: A Lioness of Two Worlds,Joy Adamson,Story of Elsa,1,Story of Elsa,goodreads_dump,758153,1492360,293385,9780375714382,29025,4.17
The 9th Judgment,James Patterson,Women's Murder Club,9,Women's Murder Club,goodreads_dump,7156505,7162888,185670,9780316036276,29010,4.08
Whispers at Moonrise,C.C. Hunter,Shadow Falls,4,Shadow Falls,goodreads_dump,13416236,18731533,333552,9781250011916,29006,4.37
Rock the Heart,Michelle A. Valentine,Black Falcon,1,Black Falcon,goodreads_dump,16047244,21826887,439064,,28975,4.01
Kushiel's Chosen,Jacqueline Carey,Phedre's Trilogy,2,Phedre's Trilogy,goodreads_dump,395962,848910,216137,9780765345042,28972,4.31
Fair Game,Patricia Briggs,Alpha & Omega,3,Alpha & Omega,goodreads_dump,7942786,6527880,170263,9781841497969,28953,4.34
Dark Triumph,Robin LaFevers,His Fair Assassin,2,His Fair Assassin,goodreads_dump,9943270,14836636,239883,9780547628387,28948,4.14
Passion Unleashed,Larissa Ione,Demonica,3,Demonica,goodreads_dump,4701550,4765865,167931,9780446401050,28943,4.32
Rock with Me,Kristen Proby,With Me in Seattle,4,With Me in Seattle,goodreads_dump,17201104,23676597,455597,2940016554327,28932,4.30
Executive Power,Vince Flynn,Mitch Rapp,6,Mitch Rapp,goodreads_dump,777211,2751321,297959,9780743453967,28909,4.33
Entice,Carrie Jones,Need,3,Need,goodreads_dump,8069535,12769820,176981,9781408810446,28870,4.03
Vespers Rising,Rick Riordan,The 39 Clues,11,The 39 Clues,goodreads_dump,9465845,14279652,251057,9780545290593,28842,4.12
The Rose & the Dagger,Renee Ahdieh,The Wrath & the Dawn,2,The Wrath & the Dawn,goodreads_dump,23308084,42862750,691038,9780399171628,28839,4.19
Mister Monday,Garth Nix,The Keys to the Kingdom,1,The Keys to the Kingdom,goodreads_dump,47613,1243291,155940,9780439856263,28827,3.77
The Sinner,Tess Gerritsen,Rizzoli & Isles,3,Rizzoli & Isles,goodreads_dump,32257,2130353,160839,9780553815023,28814,4.13
Tiger's Quest,Colleen Houck,The Tiger Saga,2,The Tiger Saga,goodreads_dump,9662386,8003906,174204,9781402784040,28810,4.34
Whose Body?,Dorothy L. Sayers,Lord Peter Wimsey,1,Lord Peter Wimsey,goodreads_dump,192893,1090544,154768,9780061043574,28804,3.91
The Hook Up,Kristen Callihan,Game On,1,Game On,goodreads_dump,22611920,42102987,656108,,28773,4.03
The Prisoner of Heaven,Carlos Ruiz Zafon,El cementerio de los libros olvidados,3,El cementerio de los libros olvidados,goodreads_dump,13623012,18067409,333183,9780062206282,28759,3.96
The Well of Lost Plots,Jasper Fforde,Thursday Next,3,Thursday Next,goodreads_dump,27001,1116054,154938,9780143034353,28744,4.09
What She Knew,Gilly Macmillan,Jim Clemo,1,Jim Clemo,goodreads_dump,25817531,41344566,1041835,9780062413864,28740,3.89
The Forgotten,David Baldacci,John Puller,2,John Puller,goodreads_dump,15842230,21412154,420541,9780446573054,28703,4.07
Witch & Wizard,James Patterson,Witch & Wizard,1,Witch & Wizard,goodreads_dump,6387565,6575836,204712,,28698,3.57
Dreams of a Dark Warrior,Kresley Cole,Immortals After Dark,11,Immortals After Dark,goodreads_dump,8534799,13402106,178153,9781439136805,28680,4.39
Gabriel's Redemption,Sylvain Reynard,Gabriel's Inferno,3,Gabriel's Inferno,goodreads_dump,16247792,22276283,458290,9780425266519,28670,4.22
Nevermore,James Patterson,Maximum Ride,8,Maximum Ride,goodreads_dump,11946245,15380149,250671,9780316101844,28666,3.88
Sins of the Night,Sherrilyn Kenyon,Dark-Hunterverse,7,Dark-Hunterverse,goodreads_dump,84135,1329428,772532,9780312934323,28659,4.18
White Hot Kiss,Jennifer L. Armentrout,The Dark Elements,1,The Dark Elements,goodreads_dump,17455585,24346290,478005,,28613,4.27
The Rook,Daniel O'Malley,The Checquy Files,1,The Checquy Files,goodreads_dump,10836728,15750881,432100,9780316098793,28588,4.12
Forever Princess,Meg Cabot,The Princess Diaries,10,The Princess Diaries,goodreads_dump,3474186,3515492,166643,9780061232923,28569,4.08
The Wrath of Mulgarath,Holly Black,The Spiderwick Chronicles,5,The Spiderwick Chronicles,goodreads_dump,277190,1322254,156543,9780689859403,28548,3.93
Avoiding Commitment,K.A. Linde,Avoiding,1,Avoiding,goodreads_dump,13345975,18562276,375778,9781476271415,28494,3.85
Reaper's Legacy,Joanna Wylde,Reapers MC,2,Reapers MC,goodreads_dump,18076876,25382416,514225,,28487,4.27
Eighth Grade Bites,Heather Brewer,The Chronicles of Vladimir Tod,1,The Chronicles of Vladimir Tod,goodreads_dump,530848,518471,150068,9780525478119,28485,3.92
The Grey King,Susan Cooper,The Dark Is Rising,4,The Dark Is Rising,goodreads_dump,222576,2887072,164109,9781416949671,28479,4.18
The Bone Season,Samantha Shannon,The Bone Season,1,The Bone Season,goodreads_dump,17199504,19248070,553998,9781620401392,28463,3.75
Noughts & Crosses,Malorie Blackman,Noughts & Crosses,1,Noughts & Crosses,goodreads_dump,714902,853421,153112,9780552555708,28462,4.23
Darkest Hour,Meg Cabot,The Mediator,4,The Mediator,goodreads_dump,23224,2013708,160221,9780060725143,28451,4.16
A Great Deliverance,Elizabeth George,Inspector Lynley,1,Inspector Lynley,goodreads_dump,31374,1567538,188045,9780553278026,28444,4.06
Heaven and Earth,Nora Roberts,Three Sisters Island,2,Three Sisters Island,goodreads_dump,59830,3153342,165421,9780749932824,28433,4.14
Never Go Back,Lee Child,Jack Reacher,18,Jack Reacher,goodreads_dump,17262159,23756807,486827,9780385344340,28397,4.02
The Rosie Effect,Graeme Simsion,Don Tillman,2,Don Tillman,goodreads_dump,23492671,41326408,620571,9781476767321,28389,3.56
End of Days,Susan Ee,Penryn & the End of Days,3,Penryn & the End of Days,goodreads_dump,18500665,19250719,374742,,28386,4.10
Heartsick,Chelsea Cain,Archie Sheridan & Gretchen Lowell,1,Archie Sheridan & Gretchen Lowell,goodreads_dump,657034,643122,151337,9780312368463,28352,3.92
Talking to Dragons,Patricia C. Wrede,Enchanted Forest Chronicles,4,Enchanted Forest Chronicles,goodreads_dump,169871,1045176,154478,9780152046910,28336,4.19
"Paper Girls, Vol. 1",Brian K. Vaughan,Paper Girls,1,Paper Girls,goodreads_dump,28204534,49449510,919507,9781632156747,28332,3.86
Trapped,Kevin Hearne,The Iron Druid Chronicles,5,The Iron Druid Chronicles,goodreads_dump,13536649,16669363,267269,9780345533647,28320,4.28
The Sins of the Father,Jeffrey Archer,The Clifton Chronicles,2,The Clifton Chronicles,goodreads_dump,12160906,17131961,300067,9781250000972,28285,4.02
Grave Surprise,Charlaine Harris,Harper Connelly,2,Harper Connelly,goodreads_dump,140078,3159799,165445,9780425212035,28231,3.88
How to Marry a Millionaire Vampire,Kerrelyn Sparks,Love at Stake,1,Love at Stake,goodreads_dump,263179,255117,147318,9780060751968,28219,3.85
The Ripper,L.J. Smith,The Vampire Diaries: Stefan's Diaries,4,The Vampire Diaries: Stefan's Diaries,goodreads_dump,11401915,16334474,267634,9780062113931,28203,4.23
Eight Cousins,Louisa May Alcott,Eight Cousins,1,Eight Cousins,goodreads_dump,14570,2905864,183854,9780486455594,28193,4.02
The Eternity Cure,Julie Kagawa,Blood of Eden,2,Blood of Eden,goodreads_dump,13581990,19167673,364375,9780373210695,28180,4.25
Love You More,Lisa Gardner,Tessa Leoni,1,Tessa Leoni,goodreads_dump,8701129,11557753,645531,9780553807257,28179,4.15
Faking It,Cora Carmack,Losing It,2,Losing It,goodreads_dump,16172634,22020637,443048,9780062273260,28178,3.96
The Black Company,Glen Cook,The Chronicles of the Black Company,1,The Chronicles of the Black Company,goodreads_dump,140671,390334,214273,9780812521399,28167,3.96
Rising Storm,Erin Hunter,Warriors,4,Warriors,goodreads_dump,295086,286335,403229,9780060525637,28164,4.38
The Crimson Crown,Cinda Williams Chima,Seven Realms,4,Seven Realms,goodreads_dump,8069828,12770588,176983,9781423144335,28133,4.48
Death du Jour,Kathy Reichs,Temperance Brennan,2,Temperance Brennan,goodreads_dump,128756,1048701,154503,9780671011376,28120,3.96
Quicksilver,Neal Stephenson,The Baroque Cycle,1,The Baroque Cycle,goodreads_dump,823,1610031,180608,9780060593087,28102,3.92
Tarzan of the Apes,Edgar Rice Burroughs,Tarzan,1,Tarzan,goodreads_dump,40425,1774048,158860,9780809599813,28096,3.88
Just Ella,Margaret Peterson Haddix,The Palace Chronicles,1,The Palace Chronicles,goodreads_dump,162719,2979854,580490,9781416936497,28095,3.75
Ceaseless,Abbi Glines,Existence Trilogy,3,Existence Trilogy,goodreads_dump,13573795,19154849,363164,,28079,4.20
Trust in Me,J. Lynn,Wait for You,1.5,Wait for You,goodreads_dump,17860217,25003611,500938,,28030,4.27
The 101 Dalmatians,Dodie Smith,The Hundred and One Dalmatians,1,The Hundred and One Dalmatians,goodreads_dump,511614,1703703,193380,9780760704066,28028,4.11
The Dark Highlander,Karen Marie Moning,Highlander,5,Highlander,goodreads_dump,112755,2203425,288258,9780440237556,28007,4.31
The Clique,Lisi Harrison,The Clique,1,The Clique,goodreads_dump,890143,541421,150264,9780689872990,28006,3.60
Hades,Alexandra Adornetto,Halo,2,Halo,goodreads_dump,9666812,13306097,177837,9780312656270,27999,3.97
A World Without Heroes,Brandon Mull,Beyonders,1,Beyonders,goodreads_dump,8306745,13155786,188605,9781416997924,27995,4.07
Stone Cold,David Baldacci,Camel Club,3,Camel Club,goodreads_dump,627984,614327,151086,9780446577397,27989,4.11
Unleashed,Cherrie Lynn,Ross Siblings,1,Ross Siblings,goodreads_dump,7202825,7897939,288156,9781605045535,27989,3.89
A Long Way from Chicago,Richard Peck,A Long Way from Chicago,1,A Long Way from Chicago,goodreads_dump,39963,1207111,352751,9780142401101,27963,3.92
River Secrets,Shannon Hale,The Books of Bayern,3,The Books of Bayern,goodreads_dump,248470,240752,147210,9781582349015,27952,4.03
Rainbow Valley,L.M. Montgomery,Anne of Green Gables,7,Anne of Green Gables,goodreads_dump,77395,7071165,172866,9780553269215,27948,4.01
"Dragon Ball, Vol. 1: The Monkey King",Akira Toriyama,Dragon Ball,1,Dragon Ball,goodreads_dump,969275,954172,236634,9780575077355,27947,4.42
Angelfire,Courtney Allison Moulton,Angelfire,1,Angelfire,goodreads_dump,7285498,8520753,174435,9780062002327,27939,3.93
Fly Away,Kristin Hannah,Firefly Lane,2,Firefly Lane,goodreads_dump,16044981,21823194,436948,9780312577216,27859,3.94
The Darkest Hour,Erin Hunter,Warriors,6,Warriors,goodreads_dump,49006,1245365,403231,9780060525859,27856,4.52
Nine Rules to Break When Romancing a Rake,Sarah MacLean,Love By Numbers,1,Love By Numbers,goodreads_dump,6584134,6777627,210890,9780061852053,27847,4.08
The Ironwood Tree,Holly Black,The Spiderwick Chronicles,4,The Spiderwick Chronicles,goodreads_dump,277191,1603405,158107,9780689859397,27833,3.92
The 100,Kass Morgan,The 100,1,The 100,goodreads_dump,17332969,24065011,501638,9780316234474,27824,3.56
Black Notice,Patricia Cornwell,Kay Scarpetta,10,Kay Scarpetta,goodreads_dump,123598,1454722,157346,9780425175408,27820,3.85
Industrial Magic,Kelley Armstrong,Women of the Otherworld,4,Women of the Otherworld,goodreads_dump,125925,121282,146066,9780553590166,27814,4.12
Revenge of the Witch,Joseph Delaney,The Last Apprentice / Wardstone Chronicles,1,The Last Apprentice / Wardstone Chronicles,goodreads_dump,298567,3496896,268771,9780060766207,27813,3.97
Reliquary,Douglas Preston,Pendergast,2,Pendergast,goodreads_dump,39030,65004,145368,9780765354952,27799,4.01
Bad Things,R.K. Lilley,Tristan & Danika,1,Tristan & Danika,goodreads_dump,17377032,24167516,512412,,27799,4.32
The Castle of Llyr,Lloyd Alexander,The Chronicles of Prydain,3,The Chronicles of Prydain,goodreads_dump,24779,3007213,164673,9780805080506,27790,4.07
"Black Bird, Vol. 01",Kanoko Sakurakouji,Black Bird,1,Black Bird,goodreads_dump,6236809,6419529,207523,9781421527642,27774,4.08
Never Never: Part Three,Colleen Hoover,Never Never,3,Never Never,goodreads_dump,25454883,45221017,769286,,27765,3.48
Burning Chrome,William Gibson,Sprawl,0,Sprawl,goodreads_dump,22323,2457086,725959,9780060539825,27745,4.05
Pursuit of Honor,Vince Flynn,Mitch Rapp,12,Mitch Rapp,goodreads_dump,6339304,6525245,297965,9781416595168,27724,4.35
Seeds of Yesterday,V.C. Andrews,Dollanganger,4,Dollanganger,goodreads_dump,659612,3311896,166129,9780671729486,27715,3.81
Half Bad,Sally Green,The Half Bad Trilogy,1,The Half Bad Trilogy,goodreads_dump,18079804,24802827,493993,9780670016785,27669,3.80
The Darkest Lie,Gena Showalter,Lords of the Underworld,6,Lords of the Underworld,goodreads_dump,7519472,6954933,172610,9780778303824,27667,4.32
Dark Side of the Moon,Sherrilyn Kenyon,Dark-Hunterverse,3,Dark-Hunterverse,goodreads_dump,84146,81236,772535,9780312934347,27659,4.15
One Tiny Lie,K.A. Tucker,Ten Tiny Breaths,2,Ten Tiny Breaths,goodreads_dump,17302495,22603415,451493,9781476740485,27657,4.29
Mistress of the Art of Death,Ariana Franklin,Mistress of the Art of Death,1,Mistress of the Art of Death,goodreads_dump,86643,2443651,162242,9780399154140,27643,3.95
The Halfling's Gem,R.A. Salvatore,The Icewind Dale Trilogy,3,The Icewind Dale Trilogy,goodreads_dump,68396,66291,178998,9780786938254,27597,4.16
Simply Irresistible,Jill Shalvis,Lucky Harbor,1,Lucky Harbor,goodreads_dump,7863423,11018887,188954,9780446571616,27562,3.92
Key of Valor,Nora Roberts,Key Trilogy,3,Key Trilogy,goodreads_dump,114206,348392,148285,9780515136531,27531,4.10
Face the Fire,Nora Roberts,Three Sisters Island,3,Three Sisters Island,goodreads_dump,59822,1820060,159141,9780749932985,27530,4.15
10th Anniversary,James Patterson,Women's Murder Club,10,Women's Murder Club,goodreads_dump,9436746,14321334,256054,9780316036269,27490,4.06
Nicolae,Tim LaHaye,Left Behind,3,Left Behind,goodreads_dump,27528,534981,186763,9780786224692,27489,3.95
Found in You,Laurelin Paige,Fixed,2,Fixed,goodreads_dump,17930773,25133915,510918,9781627040204,27468,4.26
"I, Alex Cross",James Patterson,Alex Cross,16,Alex Cross,goodreads_dump,6405929,6594813,170708,9780316018784,27446,3.99
Magic Kingdom For Sale/Sold,Terry Brooks,Magic Kingdom of Landover,1,Magic Kingdom of Landover,goodreads_dump,15547,287715,147755,9781857232561,27440,3.87
Interesting Times,Terry Pratchett,Discworld,17,Discworld,goodreads_dump,884288,22431183,448178,9780061056901,27423,4.17
Touch the Dark,Karen Chance,Cassandra Palmer,1,Cassandra Palmer,goodreads_dump,67513,65477,180032,9780451460936,27417,3.70
Welcome to Temptation,Jennifer Crusie,Dempseys,1,Dempseys,goodreads_dump,33727,2563621,202549,9780312932800,27389,3.94
Rock Chick Revenge,Kristen Ashley,Rock Chick,5,Rock Chick,goodreads_dump,11227043,16152938,310844,,27381,4.50
Blameless,Gail Carriger,Parasol Protectorate,3,Parasol Protectorate,goodreads_dump,7719355,10463674,175768,9780316074155,27378,4.01
The Immortal Highlander,Karen Marie Moning,Highlander,6,Highlander,goodreads_dump,112752,1281288,288259,9780440237563,27376,4.34
Desire Unchained,Larissa Ione,Demonica,2,Demonica,goodreads_dump,4497978,4546955,167719,9780446400985,27371,4.25
Metro Girl,Janet Evanovich,Alex Barnaby,1,Alex Barnaby,goodreads_dump,40329,1685766,158440,9780060584023,27354,3.60
Princess in Pink,Meg Cabot,The Princess Diaries,5,The Princess Diaries,goodreads_dump,93731,1075200,154668,9780060096120,27352,3.69
Perelandra,C.S. Lewis,Space Trilogy,2,Space Trilogy,goodreads_dump,100924,3148586,179993,9780007157167,27330,3.97
Carter Reed,Tijan,Carter Reed,1,Carter Reed,goodreads_dump,18221931,25655088,721311,,27320,4.03
Dirty Red,Tarryn Fisher,Love Me with Lies,2,Love Me with Lies,goodreads_dump,15832316,21568137,409972,,27318,4.21
Wethering the Storm,Samantha Towle,The Storm,2,The Storm,goodreads_dump,16053316,21837591,430547,,27306,4.32
One Second After,William R. Forstchen,After,1,After,goodreads_dump,4922079,4987669,784442,9780765317582,27302,3.93
Arrows of the Queen,Mercedes Lackey,Valdemar: Arrows of the Queen,1,Valdemar: Arrows of the Queen,goodreads_dump,13986,834071,226339,9780886773786,27290,4.16
Those Who Leave and Those Who Stay,Elena Ferrante,L'amica geniale,3,L'amica geniale,goodreads_dump,23156040,26579483,557313,9781609452230,27288,4.29
Forever Black,Sandi Lynn,Forever,1,Forever,goodreads_dump,17286162,23905943,487022,,27283,3.99
The Last Boyfriend,Nora Roberts,Inn BoonsBoro Trilogy,2,Inn BoonsBoro Trilogy,goodreads_dump,12099007,17067735,280835,9781455806935,27280,4.06
Rome,Jay Crownover,Marked Men,3,Marked Men,goodreads_dump,17798233,24897193,493662,,27235,4.22
The Kalahari Typing School for Men,Alexander McCall Smith,No. 1 Ladies' Detective Agency,4,No. 1 Ladies' Detective Agency,goodreads_dump,7036,2647331,163116,9780349117041,27213,3.99
Princess of the Midnight Ball,Jessica Day George,The Princesses of Westfalin Trilogy,1,The Princesses of Westfalin Trilogy,goodreads_dump,3697927,3741438,231041,9781599903224,27166,3.92
Twice Tempted,Jeaniene Frost,Night Prince,2,Night Prince,goodreads_dump,13125234,18301054,314720,9780062076106,27151,4.29
The Naked Sun,Isaac Asimov,Robot,2,Robot,goodreads_dump,30016,1583154,179174,9780586010167,27137,4.12
The Egypt Game,Zilpha Keatley Snyder,Game,1,Game,goodreads_dump,903,1731888,279420,9780808553038,27106,3.81
The Perfect Husband,Lisa Gardner,Quincy & Rainie,1,Quincy & Rainie,goodreads_dump,65910,553563,150370,9780553587692,27101,4.01
Shadows,Jennifer L. Armentrout,Lux,.5,Lux,goodreads_dump,13183957,18364495,319073,9781620610084,27077,4.16
Rock Chick Rescue,Kristen Ashley,Rock Chick,2,Rock Chick,goodreads_dump,7405450,9315103,310841,9781849234757,27075,4.31
A Stroke of Midnight,Laurell K. Hamilton,Merry Gentry,4,Merry Gentry,goodreads_dump,30226,3341382,166227,9780345443601,27062,4.06
Creed,Kristen Ashley,Unfinished Hero,2,Unfinished Hero,goodreads_dump,13640229,19254508,375733,9781301160822,27047,4.17
The Revenge of Seven,Pittacus Lore,Lorien Legacies,5,Lorien Legacies,goodreads_dump,19346451,26378005,548909,9780062194725,27035,4.28
Breathe,Kristen Ashley,Colorado Mountain,4,Colorado Mountain,goodreads_dump,15742039,21429192,395753,9781476145389,27030,4.38
War and Remembrance,Herman Wouk,The Henry Family,2,The Henry Family,goodreads_dump,42986,376293,452747,9780316954990,27030,4.38
Rock Chick Renegade,Kristen Ashley,Rock Chick,4,Rock Chick,goodreads_dump,10813469,15727084,310843,,27015,4.46
Use of Weapons,Iain M. Banks,Culture,3,Culture,goodreads_dump,12007,1494156,178912,9781857231359,26989,4.18
Nobody's Baby But Mine,Susan Elizabeth Phillips,Chicago Stars,3,Chicago Stars,goodreads_dump,73080,776136,152414,9780380782345,26983,4.06
Unbeautifully,Madeline Sheehan,Undeniable,2,Undeniable,goodreads_dump,16114861,21932118,433413,9781301345670,26983,4.37
Tales from a Not-So-Popular Party Girl,Rachel Renee Russell,Dork Diaries,2,Dork Diaries,goodreads_dump,8274537,13122821,177493,9781416986560,26981,4.28
A Dangerous Path,Erin Hunter,Warriors,5,Warriors,goodreads_dump,336245,995220,403230,9780060525651,26980,4.42
Seventh Son,Orson Scott Card,Tales of Alvin Maker,1,Tales of Alvin Maker,goodreads_dump,40290,2771466,163641,9780765347756,26976,3.86
Ramona Forever,Beverly Cleary,Ramona Quimby,7,Ramona Quimby,goodreads_dump,91249,2494398,162481,9780380728015,26967,4.05
Mona Lisa Overdrive,William Gibson,Sprawl,3,Sprawl,goodreads_dump,154091,1263322,156151,9780553281743,26941,3.97
The Paper Magician,Charlie N. Holmberg,The Paper Magician Trilogy,1,The Paper Magician Trilogy,goodreads_dump,20727654,40051132,667345,9781477823835,26937,3.63
Maybe Not,Colleen Hoover,Maybe,1.5,Maybe,goodreads_dump,23587984,43191048,708961,,26935,4.13
Parable of the Sower,Octavia E. Butler,Earthseed,1,Earthseed,goodreads_dump,52397,59258,239886,9780446675505,26932,4.14
Midnight Rising,Lara Adrian,Midnight Breed,4,Midnight Breed,goodreads_dump,1928873,1931181,179023,9780440244448,26905,4.23
The Narrows,Michael Connelly,Harry Bosch,10,Harry Bosch,goodreads_dump,409918,2661517,163149,9780446699549,26870,4.10
Bare Bones,Kathy Reichs,Temperance Brennan,6,Temperance Brennan,goodreads_dump,128752,1389389,156951,9780743453004,26863,3.96
Ascend,Amanda Hocking,Trylle,3,Trylle,goodreads_dump,11947829,17385456,178377,9781250006332,26863,4.08
The Mysterious Island,Jules Verne,Captain Nemo,12,Captain Nemo,goodreads_dump,32831,1167706,621673,9780812972122,26862,4.08
The Magic Faraway Tree,Enid Blyton,The Faraway Tree,2,The Faraway Tree,goodreads_dump,74998,1359249,246674,9780749748012,26854,4.29
Buffy the Vampire Slayer: The Long Way Home,Joss Whedon,Buffy the Vampire Slayer: Season 8,1,Buffy the Vampire Slayer: Season 8,goodreads_dump,1270615,1259542,181088,9781593078225,26827,3.96
In The Afterlight,Alexandra Bracken,The Darkest Minds,3,The Darkest Minds,goodreads_dump,16150831,21986944,851625,9781423157526,26797,4.36
Miss Nelson Is Back,Harry Allard,Miss Nelson,2,Miss Nelson,goodreads_dump,279692,3350842,253241,9780395416686,26789,4.33
Mattimeo,Brian Jacques,Redwall,3,Redwall,goodreads_dump,201342,1178215,155499,9780441006106,26784,4.02
A Perfect Blood,Kim Harrison,The Hollows,10,The Hollows,goodreads_dump,10599805,15507485,236370,9780061957895,26760,4.38
Key of Knowledge,Nora Roberts,Key Trilogy,2,Key Trilogy,goodreads_dump,248682,348381,148284,9780739439067,26749,4.09
Knots and Crosses,Ian Rankin,Inspector Rebus,1,Inspector Rebus,goodreads_dump,634407,3127921,165319,9780312956738,26747,3.83
A Red Herring Without Mustard,Alan Bradley,Flavia de Luce,3,Flavia de Luce,goodreads_dump,8517008,8586372,174450,9780385342322,26709,4.07
Dime Store Magic,Kelley Armstrong,Women of the Otherworld,3,Women of the Otherworld,goodreads_dump,125926,2492799,162476,9780553590159,26700,4.07
Rapture in Death,J.D. Robb,In Death,4,In Death,goodreads_dump,201175,87373,145646,9781423301851,26694,4.26
The Bet,Rachel Van Dyken,The Bet,1,The Bet,goodreads_dump,17560674,24490654,532301,,26689,3.84
Streams of Silver,R.A. Salvatore,The Icewind Dale Trilogy,2,The Icewind Dale Trilogy,goodreads_dump,66692,215324,178997,9780880386722,26686,4.14
On the Edge,Ilona Andrews,The Edge,1,The Edge,goodreads_dump,6329547,6515186,170183,9780441017805,26652,4.03
Seduced by Moonlight,Laurell K. Hamilton,Merry Gentry,3,Merry Gentry,goodreads_dump,30243,3341458,166229,9780553816327,26648,4.05
Goddess Interrupted,Aimee Carter,Goddess Test,2,Goddess Test,goodreads_dump,12637490,15011943,223377,9780373210459,26645,4.02
The Robots of Dawn,Isaac Asimov,Robot,3,Robot,goodreads_dump,41810,905286,179175,9780553299496,26638,4.13
"Maximum Ride, Vol. 1",James Patterson,Maximum Ride: The Manga,1,Maximum Ride: The Manga,goodreads_dump,3173558,3206010,241182,9780759529519,26627,4.24
Flirt,Laurell K. Hamilton,"Anita Blake, Vampire Hunter",18,"Anita Blake, Vampire Hunter",goodreads_dump,6726595,6922779,178821,9780425235676,26606,3.70
Valiant,Holly Black,Modern Faerie Tales,2,Modern Faerie Tales,goodreads_dump,266607,588218,150739,9780689868238,26602,3.92
The Dead-Tossed Waves,Carrie Ryan,The Forest of Hands and Teeth,2,The Forest of Hands and Teeth,goodreads_dump,6555517,6549320,170402,9780385736848,26597,3.91
The Lust Lizard of Melancholy Cove,Christopher Moore,Pine Cove,2,Pine Cove,goodreads_dump,33458,1573176,467433,9780060735456,26577,3.85
The Diamond Throne,David Eddings,The Elenium,1,The Elenium,goodreads_dump,616678,968062,153911,9780345367693,26575,3.93
Born in Ice,Nora Roberts,Born In Trilogy,2,Born In Trilogy,goodreads_dump,114129,1615804,179065,9780515116755,26573,4.13
Illusions,Aprilynne Pike,Wings,3,Wings,goodreads_dump,6918909,7146544,173130,9780061668098,26573,4.12
Crush,Nicole Williams,Crash,3,Crash,goodreads_dump,16096514,21904550,429992,9780062267177,26568,4.24
D is for Deadbeat,Sue Grafton,Kinsey Millhone,4,Kinsey Millhone,goodreads_dump,64857,2552496,162765,9780312939021,26523,3.85
Spin,Robert Charles Wilson,Spin Saga,1,Spin Saga,goodreads_dump,910863,47562,202546,9780765348258,26520,4.01
My Father's Dragon,Ruth Stiles Gannett,My Father's Dragon,1,My Father's Dragon,goodreads_dump,34898,3217669,387466,9780440421214,26511,4.09
Boneshaker,Cherie Priest,The Clockwork Century,1,The Clockwork Century,goodreads_dump,1137215,1124460,155077,9780765318411,26510,3.50
An Ice Cold Grave,Charlaine Harris,Harper Connelly,3,Harper Connelly,goodreads_dump,140097,3159808,165447,9780425217290,26506,3.95
Ballet Shoes,Noel Streatfeild,Shoes,1,Shoes,goodreads_dump,10444,1505465,463393,9780679847595,26503,4.06
The Last Precinct,Patricia Cornwell,Kay Scarpetta,11,Kay Scarpetta,goodreads_dump,320167,865958,153208,9780751525359,26502,3.83
A Murder Is Announced,Agatha Christie,Miss Marple,5,Miss Marple,goodreads_dump,16298,2288775,199039,9781579126292,26502,3.96
The Hammer of Thor,Rick Riordan,Magnus Chase and the Gods of Asgard,2,Magnus Chase and the Gods of Asgard,goodreads_dump,27904311,46919813,830283,9781423160922,26454,4.37
To Green Angel Tower,Tad Williams,"Memory, Sorrow, and Thorn",3,"Memory, Sorrow, and Thorn",goodreads_dump,28691,2242650,179506,9780756402983,26412,4.16
Cross Country,James Patterson,Alex Cross,14,Alex Cross,goodreads_dump,1713912,6634474,170962,9780316024648,26394,3.84
Lament: The Faerie Queen's Deception,Maggie Stiefvater,Books of Faerie,1,Books of Faerie,goodreads_dump,3112850,3144132,165384,9780738713700,26391,3.69
Reasonable Doubt: Volume 1,Whitney G.,Reasonable Doubt,1,Reasonable Doubt,goodreads_dump,20761374,40094032,608805,2940149543335,26363,4.13
"Thirst No. 2: Phantom, Evil Thirst, and Creatures of Forever",Christopher Pike,The Last Vampire,2,The Last Vampire,goodreads_dump,6424184,6613427,300927,9781416983095,26362,4.06
The Cay,Theodore Taylor,The Cay,1,The Cay,goodreads_dump,18553,2351167,251652,9780440229124,26352,3.74
Angels Flight,Michael Connelly,Harry Bosch,6,Harry Bosch,goodreads_dump,32502,2449470,162269,9780446607278,26339,4.13
Dragonsdawn,Anne McCaffrey,Pern (Chronological Order),9,Pern (Chronological Order),goodreads_dump,465904,3310352,185478,9780893662134,26298,4.18
Robopocalypse,Daniel H. Wilson,Robopocalypse,1,Robopocalypse,goodreads_dump,9634967,14247828,604167,9780385533850,26297,3.67
The Calling,Kelley Armstrong,Darkness Rising,2,Darkness Rising,goodreads_dump,11765920,13535869,178457,9780061797057,26296,4.10
Night Watch,Sergei Lukyanenko,Dozory,1,Dozory,goodreads_dump,359375,349497,148293,9781401359799,26295,3.97
A Drink Before the War,Dennis Lehane,Kenzie & Gennaro,1,Kenzie & Gennaro,goodreads_dump,21685,22786,144722,9780156029025,26269,3.96
Vanish,Sophie Jordan,Firelight,2,Firelight,goodreads_dump,9436632,14321219,197049,9780061935107,26248,3.95
Prodigal Son,Dean Koontz,Dean Koontz's Frankenstein,1,Dean Koontz's Frankenstein,goodreads_dump,21337,4809336,167964,9781415915615,26247,4.01
A Shade of Vampire,Bella Forrest,A Shade of Vampire,1,A Shade of Vampire,goodreads_dump,17255435,23581869,490708,9781481280761,26234,3.83
I Hunt Killers,Barry Lyga,Jasper Dent,1,Jasper Dent,goodreads_dump,7766027,10644152,365196,9780316125840,26227,4.02
A Darkness More Than Night,Michael Connelly,Harry Bosch,7,Harry Bosch,goodreads_dump,76867,3094994,165077,9780446667906,26223,4.12
Deep,Kylie Scott,Stage Dive,4,Stage Dive,goodreads_dump,18461986,26116275,546544,,26194,4.09
Damaged,H.M. Ward,Damaged,1,Damaged,goodreads_dump,17231976,23748095,758416,9780615796154,26188,3.93
The Fifth Season,N.K. Jemisin,The Broken Earth,1,The Broken Earth,goodreads_dump,19161852,26115977,543203,9780316229296,26166,4.31
Between the Lines,Tammara Webber,Between the Lines,1,Between the Lines,goodreads_dump,11262424,16189235,277767,,26155,3.71
Rock Chick Redemption,Kristen Ashley,Rock Chick,3,Rock Chick,goodreads_dump,9799572,14689744,310842,9781453720691,26153,4.43
The Girl Who Circumnavigated Fairyland in a Ship of Her Own Making,Catherynne M. Valente,Fairyland,1,Fairyland,goodreads_dump,9591398,6749837,250387,9780312649616,26152,3.97
The Fall,Guillermo del Toro,The Strain Trilogy,2,The Strain Trilogy,goodreads_dump,6723348,6919505,172491,9780061558221,26146,3.80
The Dry,Jane Harper,Aaron Falk,1,Aaron Falk,goodreads_dump,27824826,47804789,1010025,,26138,4.06
Kushiel's Avatar,Jacqueline Carey,Phedre's Trilogy,3,Phedre's Trilogy,goodreads_dump,40223,598481,216138,9781405034142,26137,4.37
Full Moon Rising,Keri Arthur,Riley Jenson Guardian,1,Riley Jenson Guardian,goodreads_dump,172764,907142,153501,9780553588453,26125,3.89
Angels,Marian Keyes,Walsh Family,3,Walsh Family,goodreads_dump,82747,3241063,224610,9780060512149,26118,3.74
Sisterhood Everlasting,Ann Brashares,Sisterhood,5,Sisterhood,goodreads_dump,9461872,14346762,241778,9780385521222,26117,3.90
Outpost,Ann Aguirre,Razorland,2,Razorland,goodreads_dump,10193062,15092213,223378,9780312650094,26084,4.12
Blood And Gold,Anne Rice,The Vampire Chronicles,8,The Vampire Chronicles,goodreads_dump,31341,2926067,164316,9780099271499,26084,3.88
Price of a Kiss,Linda Kage,Forbidden Men,1,Forbidden Men,goodreads_dump,17833099,24951197,584317,,26064,4.09
The Prisoner of Cell 25,Richard Paul Evans,Michael Vey,1,Michael Vey,goodreads_dump,11337912,16266538,289575,9781451656503,26047,4.20
Silver on the Tree,Susan Cooper,The Dark is Rising,5,The Dark is Rising,goodreads_dump,11313,1358831,182292,9780689840333,26045,4.16
Rot & Ruin,Jonathan Maberry,Rot & Ruin,1,Rot & Ruin,goodreads_dump,7157310,7443037,193430,9781442402324,26042,4.10
Young Zaphod Plays It Safe,Douglas Adams,Hitchhiker's Guide to the Galaxy,.5,Hitchhiker's Guide to the Galaxy,goodreads_dump,15847717,21592731,853306,9785511976877,26036,3.69
Fallout,Ellen Hopkins,Crank,3,Crank,goodreads_dump,7171876,6738352,171511,9781416950097,26011,4.29
Gods and Generals,Jeff Shaara,The Civil War Trilogy,1,The Civil War Trilogy,goodreads_dump,29925,30342,182098,9781841580654,26003,4.05
Blue-Eyed Devil,Lisa Kleypas,The Travises,2,The Travises,goodreads_dump,1756703,2323791,161763,9780312351649,26001,4.21
Soul Harvest: The World Takes Sides,Tim LaHaye,Left Behind,4,Left Behind,goodreads_dump,228261,122831,186764,9780842329255,25994,3.95
How the Light Gets In,Louise Penny,Chief Inspector Armand Gamache,9,Chief Inspector Armand Gamache,goodreads_dump,17167084,23594240,475894,9780312655471,25956,4.41
The Secret Diaries of Miss Miranda Cheever,Julia Quinn,Bevelstoke,1,Bevelstoke,goodreads_dump,110387,1790570,158930,9780061230837,25949,3.93
Natural Born Charmer,Susan Elizabeth Phillips,Chicago Stars,7,Chicago Stars,goodreads_dump,73064,1615880,158154,9780060734572,25924,4.15
The Prodigal Daughter,Jeffrey Archer,Kane & Abel,2,Kane & Abel,goodreads_dump,78987,1839081,159272,9780312997144,25920,3.92
The Black Box,Michael Connelly,Harry Bosch,18,Harry Bosch,goodreads_dump,13495034,19042633,378998,9780316069434,25901,4.09
Into the Wilderness,Sara Donati,Wilderness,1,Wilderness,goodreads_dump,72854,3098033,165091,9780553578522,25882,4.10
Daughter of the Blood,Anne Bishop,The Black Jewels,1,The Black Jewels,goodreads_dump,47956,353853,148434,9780451456717,25878,4.12
The Hit,David Baldacci,Will Robie,2,Will Robie,goodreads_dump,15791154,21512735,475207,9781455521210,25846,4.05
The Heroes,Joe Abercrombie,First Law World,5,First Law World,goodreads_dump,9300768,12879765,756831,9780316123358,25838,4.27
Rush Too Far,Abbi Glines,Rosemary Beach,4,Rosemary Beach,goodreads_dump,18211536,25633433,535077,,25828,4.24
Dragondrums,Anne McCaffrey,Harper Hall of Pern,3,Harper Hall of Pern,goodreads_dump,28553,1592020,158010,9780689860065,25825,4.05
Syren,Angie Sage,Septimus Heap,5,Septimus Heap,goodreads_dump,4935682,5001343,168141,9780747594154,25824,4.10
Remy,Katy Evans,Real,3,Real,goodreads_dump,17830559,24946137,495197,,25823,4.31
Sweet Filthy Boy,Christina Lauren,Wild Seasons,1,Wild Seasons,goodreads_dump,18775297,26751379,565380,9781476751801,25808,4.16
The Invasion of the Tearling,Erika Johansen,The Queen of the Tearling,2,The Queen of the Tearling,goodreads_dump,22698568,42216232,660613,9780062290397,25798,4.14
Scandal in Spring,Lisa Kleypas,Wallflowers,4,Wallflowers,goodreads_dump,105574,101766,145851,9780060562533,25797,4.02
The Lost City of Faar,D.J. MacHale,Pendragon,2,Pendragon,goodreads_dump,215543,1946197,159873,9780743437325,25777,4.16
Poison Princess,Kresley Cole,The Arcana Chronicles,1,The Arcana Chronicles,goodreads_dump,13450339,18972016,339734,9781442436640,25769,4.14
Truth,Aleatha Romig,Consequences,2,Consequences,goodreads_dump,16070018,21863110,426293,9780988489110,25744,4.37
City of Bones,Michael Connelly,Harry Bosch,8,Harry Bosch,goodreads_dump,84777,1128039,155124,9780446699532,25742,4.05
When Will There Be Good News?,Kate Atkinson,Jackson Brodie,3,Jackson Brodie,goodreads_dump,3289281,3325741,209695,9780316154857,25729,3.97
Being Nikki,Meg Cabot,Airhead,2,Airhead,goodreads_dump,5135798,3989884,167155,9780545040563,25717,3.86
The Heart of Betrayal,Mary E. Pearson,The Remnant Chronicles,2,The Remnant Chronicles,goodreads_dump,21569527,40901894,646385,9780805099249,25659,4.32
