[net] IPv4-pinned live.metahub.space -> 92.223.116.254
[net] IPv4-pinned images.metahub.space -> 92.223.116.254
[net] IPv4-pinned v3-cinemeta.strem.io -> 104.17.89.107
[net] IPv4-pinned cinemeta-catalogs.strem.io -> 104.17.89.107
[net] IPv4-pinned graphql.anilist.co -> 104.26.15.71
[net] IPv4-pinned s4.anilist.co -> 172.67.71.232
[net] IPv4-pinned kitsu.io -> 104.21.41.106
[net] IPv4-pinned media.kitsu.app -> 104.26.8.99
[net] IPv4-pinned upload.wikimedia.org -> 103.102.166.240
[net] IPv4-pinned getcomics.org -> 172.67.213.233
[net] IPv4-pinned leagueofcomicgeeks.com -> 104.26.7.170
[net] IPv4-pinned apibay.org -> 172.67.137.143
[net] IPv4-pinned extto.org -> 104.21.38.81
[net] IPv4-pinned torrents-csv.com -> 51.15.62.20
[net] IPv4-pinned api.jikan.moe -> 135.181.39.91
[net] IPv4-pinned uploads.mangadex.org -> 45.129.229.2
[net] IPv4-pinned api.mangadex.org -> 45.129.229.1
[net] IPv4-pinned itunes.apple.com -> 184.28.108.34
[net] IPv4-pinned openlibrary.org -> 207.241.234.205
[net] IPv4-pinned wsrv.nl -> 104.21.91.126
[net] connection concierge on 127.0.0.1:11621 (metahub -> HTTP/2)
[img] webp decoder present
[downloads] loaded index: 2 chapters
[comics-catalog] no db at data/comics_catalog.db — catalogue lane dormant
[download] loaded video index: 13 files
No QSGTexture provided from updateSampledImage(). This is wrong.
No QSGTexture provided from updateSampledImage(). This is wrong.
qml: FACADE PROBE: opening C:\Users\Suprabha\Desktop\Brotherhood\Colosseum\.worktrees\player2-task1-isolation\native\build-player2\player2-fixtures\tracks-long.mkv
No QSGTexture provided from updateSampledImage(). This is wrong.
No QSGTexture provided from updateSampledImage(). This is wrong.
qml: FACADE PROBE: signal fileStarted state=1 pos=0.00 dur=0.00 pause=false seeking=false
No QSGTexture provided from updateSampledImage(). This is wrong.
No QSGTexture provided from updateSampledImage(). This is wrong.
No QSGTexture provided from updateSampledImage(). This is wrong.
No QSGTexture provided from updateSampledImage(). This is wrong.
No QSGTexture provided from updateSampledImage(). This is wrong.
qml: FACADE PROBE: signal fileLoaded state=3 pos=0.00 dur=60.02 pause=false seeking=false
No QSGTexture provided from updateSampledImage(). This is wrong.
No QSGTexture provided from updateSampledImage(). This is wrong.
No QSGTexture provided from updateSampledImage(). This is wrong.
No QSGTexture provided from updateSampledImage(). This is wrong.
No QSGTexture provided from updateSampledImage(). This is wrong.
No QSGTexture provided from updateSampledImage(). This is wrong.
No QSGTexture provided from updateSampledImage(). This is wrong.
No QSGTexture provided from updateSampledImage(). This is wrong.
No QSGTexture provided from updateSampledImage(). This is wrong.
No QSGTexture provided from updateSampledImage(). This is wrong.
No QSGTexture provided from updateSampledImage(). This is wrong.
No QSGTexture provided from updateSampledImage(). This is wrong.
No QSGTexture provided from updateSampledImage(). This is wrong.
No QSGTexture provided from updateSampledImage(). This is wrong.
No QSGTexture provided from updateSampledImage(). This is wrong.
No QSGTexture provided from updateSampledImage(). This is wrong.
No QSGTexture provided from updateSampledImage(). This is wrong.
No QSGTexture provided from updateSampledImage(). This is wrong.
No QSGTexture provided from updateSampledImage(). This is wrong.
No QSGTexture provided from updateSampledImage(). This is wrong.
qml: FACADE PROBE: sequence=tracks
qml: FACADE PROBE: PlayerPage's own automation left subtitleTrack="3"
qml: FACADE PROBE: switching audio to 2
No QSGTexture provided from updateSampledImage(). This is wrong.
No QSGTexture provided from updateSampledImage(). This is wrong.
No QSGTexture provided from updateSampledImage(). This is wrong.
No QSGTexture provided from updateSampledImage(). This is wrong.
No QSGTexture provided from updateSampledImage(). This is wrong.
No QSGTexture provided from updateSampledImage(). This is wrong.
No QSGTexture provided from updateSampledImage(). This is wrong.
No QSGTexture provided from updateSampledImage(). This is wrong.
No QSGTexture provided from updateSampledImage(). This is wrong.
No QSGTexture provided from updateSampledImage(). This is wrong.
No QSGTexture provided from updateSampledImage(). This is wrong.
No QSGTexture provided from updateSampledImage(). This is wrong.
No QSGTexture provided from updateSampledImage(). This is wrong.
No QSGTexture provided from updateSampledImage(). This is wrong.
No QSGTexture provided from updateSampledImage(). This is wrong.
No QSGTexture provided from updateSampledImage(). This is wrong.
qml: FACADE PROBE: enabling subtitle track 3
No QSGTexture provided from updateSampledImage(). This is wrong.
No QSGTexture provided from updateSampledImage(). This is wrong.
No QSGTexture provided from updateSampledImage(). This is wrong.
No QSGTexture provided from updateSampledImage(). This is wrong.
No QSGTexture provided from updateSampledImage(). This is wrong.
No QSGTexture provided from updateSampledImage(). This is wrong.
No QSGTexture provided from updateSampledImage(). This is wrong.
No QSGTexture provided from updateSampledImage(). This is wrong.
No QSGTexture provided from updateSampledImage(). This is wrong.
No QSGTexture provided from updateSampledImage(). This is wrong.
No QSGTexture provided from updateSampledImage(). This is wrong.
No QSGTexture provided from updateSampledImage(). This is wrong.
No QSGTexture provided from updateSampledImage(). This is wrong.
No QSGTexture provided from updateSampledImage(). This is wrong.
No QSGTexture provided from updateSampledImage(). This is wrong.
No QSGTexture provided from updateSampledImage(). This is wrong.
No QSGTexture provided from updateSampledImage(). This is wrong.
No QSGTexture provided from updateSampledImage(). This is wrong.
No QSGTexture provided from updateSampledImage(). This is wrong.
No QSGTexture provided from updateSampledImage(). This is wrong.
No QSGTexture provided from updateSampledImage(). This is wrong.
No QSGTexture provided from updateSampledImage(). This is wrong.
No QSGTexture provided from updateSampledImage(). This is wrong.
No QSGTexture provided from updateSampledImage(). This is wrong.
No QSGTexture provided from updateSampledImage(). This is wrong.
No QSGTexture provided from updateSampledImage(). This is wrong.
No QSGTexture provided from updateSampledImage(). This is wrong.
No QSGTexture provided from updateSampledImage(). This is wrong.
No QSGTexture provided from updateSampledImage(). This is wrong.
No QSGTexture provided from updateSampledImage(). This is wrong.
No QSGTexture provided from updateSampledImage(). This is wrong.
No QSGTexture provided from updateSampledImage(). This is wrong.
No QSGTexture provided from updateSampledImage(). This is wrong.
No QSGTexture provided from updateSampledImage(). This is wrong.
No QSGTexture provided from updateSampledImage(). This is wrong.
No QSGTexture provided from updateSampledImage(). This is wrong.
No QSGTexture provided from updateSampledImage(). This is wrong.
No QSGTexture provided from updateSampledImage(). This is wrong.
No QSGTexture provided from updateSampledImage(). This is wrong.
No QSGTexture provided from updateSampledImage(). This is wrong.
No QSGTexture provided from updateSampledImage(). This is wrong.
No QSGTexture provided from updateSampledImage(). This is wrong.
No QSGTexture provided from updateSampledImage(). This is wrong.
No QSGTexture provided from updateSampledImage(). This is wrong.
No QSGTexture provided from updateSampledImage(). This is wrong.
No QSGTexture provided from updateSampledImage(). This is wrong.
No QSGTexture provided from updateSampledImage(). This is wrong.
No QSGTexture provided from updateSampledImage(). This is wrong.
No QSGTexture provided from updateSampledImage(). This is wrong.
No QSGTexture provided from updateSampledImage(). This is wrong.
No QSGTexture provided from updateSampledImage(). This is wrong.
No QSGTexture provided from updateSampledImage(). This is wrong.
No QSGTexture provided from updateSampledImage(). This is wrong.
No QSGTexture provided from updateSampledImage(). This is wrong.
No QSGTexture provided from updateSampledImage(). This is wrong.
No QSGTexture provided from updateSampledImage(). This is wrong.
No QSGTexture provided from updateSampledImage(). This is wrong.
No QSGTexture provided from updateSampledImage(). This is wrong.
No QSGTexture provided from updateSampledImage(). This is wrong.
No QSGTexture provided from updateSampledImage(). This is wrong.
No QSGTexture provided from updateSampledImage(). This is wrong.
No QSGTexture provided from updateSampledImage(). This is wrong.
No QSGTexture provided from updateSampledImage(). This is wrong.
No QSGTexture provided from updateSampledImage(). This is wrong.
No QSGTexture provided from updateSampledImage(). This is wrong.
No QSGTexture provided from updateSampledImage(). This is wrong.
No QSGTexture provided from updateSampledImage(). This is wrong.
No QSGTexture provided from updateSampledImage(). This is wrong.
No QSGTexture provided from updateSampledImage(). This is wrong.
No QSGTexture provided from updateSampledImage(). This is wrong.
No QSGTexture provided from updateSampledImage(). This is wrong.
No QSGTexture provided from updateSampledImage(). This is wrong.
No QSGTexture provided from updateSampledImage(). This is wrong.
qml: FACADE PROBE: tick=8 phase=subs-watch state=3 pos=9.47 dur=60.02 pause=false seeking=false
No QSGTexture provided from updateSampledImage(). This is wrong.
No QSGTexture provided from updateSampledImage(). This is wrong.
No QSGTexture provided from updateSampledImage(). This is wrong.
No QSGTexture provided from updateSampledImage(). This is wrong.
No QSGTexture provided from updateSampledImage(). This is wrong.
No QSGTexture provided from updateSampledImage(). This is wrong.
No QSGTexture provided from updateSampledImage(). This is wrong.
No QSGTexture provided from updateSampledImage(). This is wrong.
No QSGTexture provided from updateSampledImage(). This is wrong.
No QSGTexture provided from updateSampledImage(). This is wrong.
No QSGTexture provided from updateSampledImage(). This is wrong.
No QSGTexture provided from updateSampledImage(). This is wrong.
No QSGTexture provided from updateSampledImage(). This is wrong.
No QSGTexture provided from updateSampledImage(). This is wrong.
No QSGTexture provided from updateSampledImage(). This is wrong.
No QSGTexture provided from updateSampledImage(). This is wrong.
No QSGTexture provided from updateSampledImage(). This is wrong.
No QSGTexture provided from updateSampledImage(). This is wrong.
No QSGTexture provided from updateSampledImage(). This is wrong.
No QSGTexture provided from updateSampledImage(). This is wrong.
No QSGTexture provided from updateSampledImage(). This is wrong.
No QSGTexture provided from updateSampledImage(). This is wrong.
No QSGTexture provided from updateSampledImage(). This is wrong.
No QSGTexture provided from updateSampledImage(). This is wrong.
No QSGTexture provided from updateSampledImage(). This is wrong.
No QSGTexture provided from updateSampledImage(). This is wrong.
No QSGTexture provided from updateSampledImage(). This is wrong.
No QSGTexture provided from updateSampledImage(). This is wrong.
No QSGTexture provided from updateSampledImage(). This is wrong.
No QSGTexture provided from updateSampledImage(). This is wrong.
No QSGTexture provided from updateSampledImage(). This is wrong.
No QSGTexture provided from updateSampledImage(). This is wrong.
No QSGTexture provided from updateSampledImage(). This is wrong.
No QSGTexture provided from updateSampledImage(). This is wrong.
No QSGTexture provided from updateSampledImage(). This is wrong.
No QSGTexture provided from updateSampledImage(). This is wrong.
No QSGTexture provided from updateSampledImage(). This is wrong.
No QSGTexture provided from updateSampledImage(). This is wrong.
No QSGTexture provided from updateSampledImage(). This is wrong.
No QSGTexture provided from updateSampledImage(). This is wrong.
No QSGTexture provided from updateSampledImage(). This is wrong.
No QSGTexture provided from updateSampledImage(). This is wrong.
No QSGTexture provided from updateSampledImage(). This is wrong.
No QSGTexture provided from updateSampledImage(). This is wrong.
No QSGTexture provided from updateSampledImage(). This is wrong.
No QSGTexture provided from updateSampledImage(). This is wrong.
No QSGTexture provided from updateSampledImage(). This is wrong.
No QSGTexture provided from updateSampledImage(). This is wrong.
No QSGTexture provided from updateSampledImage(). This is wrong.
No QSGTexture provided from updateSampledImage(). This is wrong.
No QSGTexture provided from updateSampledImage(). This is wrong.
No QSGTexture provided from updateSampledImage(). This is wrong.
No QSGTexture provided from updateSampledImage(). This is wrong.
No QSGTexture provided from updateSampledImage(). This is wrong.
No QSGTexture provided from updateSampledImage(). This is wrong.
No QSGTexture provided from updateSampledImage(). This is wrong.
No QSGTexture provided from updateSampledImage(). This is wrong.
No QSGTexture provided from updateSampledImage(). This is wrong.
No QSGTexture provided from updateSampledImage(). This is wrong.
No QSGTexture provided from updateSampledImage(). This is wrong.
No QSGTexture provided from updateSampledImage(). This is wrong.
No QSGTexture provided from updateSampledImage(). This is wrong.
No QSGTexture provided from updateSampledImage(). This is wrong.
No QSGTexture provided from updateSampledImage(). This is wrong.
No QSGTexture provided from updateSampledImage(). This is wrong.
No QSGTexture provided from updateSampledImage(). This is wrong.
No QSGTexture provided from updateSampledImage(). This is wrong.
No QSGTexture provided from updateSampledImage(). This is wrong.
No QSGTexture provided from updateSampledImage(). This is wrong.
No QSGTexture provided from updateSampledImage(). This is wrong.
No QSGTexture provided from updateSampledImage(). This is wrong.
No QSGTexture provided from updateSampledImage(). This is wrong.
No QSGTexture provided from updateSampledImage(). This is wrong.
No QSGTexture provided from updateSampledImage(). This is wrong.
No QSGTexture provided from updateSampledImage(). This is wrong.
No QSGTexture provided from updateSampledImage(). This is wrong.
No QSGTexture provided from updateSampledImage(). This is wrong.
No QSGTexture provided from updateSampledImage(). This is wrong.
No QSGTexture provided from updateSampledImage(). This is wrong.
No QSGTexture provided from updateSampledImage(). This is wrong.
No QSGTexture provided from updateSampledImage(). This is wrong.
No QSGTexture provided from updateSampledImage(). This is wrong.
No QSGTexture provided from updateSampledImage(). This is wrong.
No QSGTexture provided from updateSampledImage(). This is wrong.
No QSGTexture provided from updateSampledImage(). This is wrong.
No QSGTexture provided from updateSampledImage(). This is wrong.
No QSGTexture provided from updateSampledImage(). This is wrong.
No QSGTexture provided from updateSampledImage(). This is wrong.
No QSGTexture provided from updateSampledImage(). This is wrong.
No QSGTexture provided from updateSampledImage(). This is wrong.
No QSGTexture provided from updateSampledImage(). This is wrong.
No QSGTexture provided from updateSampledImage(). This is wrong.
No QSGTexture provided from updateSampledImage(). This is wrong.
No QSGTexture provided from updateSampledImage(). This is wrong.
No QSGTexture provided from updateSampledImage(). This is wrong.
No QSGTexture provided from updateSampledImage(). This is wrong.
No QSGTexture provided from updateSampledImage(). This is wrong.
No QSGTexture provided from updateSampledImage(). This is wrong.
No QSGTexture provided from updateSampledImage(). This is wrong.
No QSGTexture provided from updateSampledImage(). This is wrong.
No QSGTexture provided from updateSampledImage(). This is wrong.
No QSGTexture provided from updateSampledImage(). This is wrong.
No QSGTexture provided from updateSampledImage(). This is wrong.
No QSGTexture provided from updateSampledImage(). This is wrong.
No QSGTexture provided from updateSampledImage(). This is wrong.
No QSGTexture provided from updateSampledImage(). This is wrong.
No QSGTexture provided from updateSampledImage(). This is wrong.
No QSGTexture provided from updateSampledImage(). This is wrong.
No QSGTexture provided from updateSampledImage(). This is wrong.
No QSGTexture provided from updateSampledImage(). This is wrong.
No QSGTexture provided from updateSampledImage(). This is wrong.
No QSGTexture provided from updateSampledImage(). This is wrong.
No QSGTexture provided from updateSampledImage(). This is wrong.
No QSGTexture provided from updateSampledImage(). This is wrong.
No QSGTexture provided from updateSampledImage(). This is wrong.
No QSGTexture provided from updateSampledImage(). This is wrong.
No QSGTexture provided from updateSampledImage(). This is wrong.
No QSGTexture provided from updateSampledImage(). This is wrong.
No QSGTexture provided from updateSampledImage(). This is wrong.
No QSGTexture provided from updateSampledImage(). This is wrong.
No QSGTexture provided from updateSampledImage(). This is wrong.
No QSGTexture provided from updateSampledImage(). This is wrong.
No QSGTexture provided from updateSampledImage(). This is wrong.
No QSGTexture provided from updateSampledImage(). This is wrong.
No QSGTexture provided from updateSampledImage(). This is wrong.
No QSGTexture provided from updateSampledImage(). This is wrong.
No QSGTexture provided from updateSampledImage(). This is wrong.
No QSGTexture provided from updateSampledImage(). This is wrong.
No QSGTexture provided from updateSampledImage(). This is wrong.
No QSGTexture provided from updateSampledImage(). This is wrong.
No QSGTexture provided from updateSampledImage(). This is wrong.
No QSGTexture provided from updateSampledImage(). This is wrong.
No QSGTexture provided from updateSampledImage(). This is wrong.
No QSGTexture provided from updateSampledImage(). This is wrong.
No QSGTexture provided from updateSampledImage(). This is wrong.
No QSGTexture provided from updateSampledImage(). This is wrong.
No QSGTexture provided from updateSampledImage(). This is wrong.
No QSGTexture provided from updateSampledImage(). This is wrong.
No QSGTexture provided from updateSampledImage(). This is wrong.
No QSGTexture provided from updateSampledImage(). This is wrong.
No QSGTexture provided from updateSampledImage(). This is wrong.
No QSGTexture provided from updateSampledImage(). This is wrong.
No QSGTexture provided from updateSampledImage(). This is wrong.
No QSGTexture provided from updateSampledImage(). This is wrong.
No QSGTexture provided from updateSampledImage(). This is wrong.
No QSGTexture provided from updateSampledImage(). This is wrong.
No QSGTexture provided from updateSampledImage(). This is wrong.
No QSGTexture provided from updateSampledImage(). This is wrong.
No QSGTexture provided from updateSampledImage(). This is wrong.
qml: FACADE PROBE: tick=16 phase=subs-watch state=3 pos=11.48 dur=60.02 pause=false seeking=false
No QSGTexture provided from updateSampledImage(). This is wrong.
No QSGTexture provided from updateSampledImage(). This is wrong.
No QSGTexture provided from updateSampledImage(). This is wrong.
No QSGTexture provided from updateSampledImage(). This is wrong.
No QSGTexture provided from updateSampledImage(). This is wrong.
No QSGTexture provided from updateSampledImage(). This is wrong.
No QSGTexture provided from updateSampledImage(). This is wrong.
No QSGTexture provided from updateSampledImage(). This is wrong.
No QSGTexture provided from updateSampledImage(). This is wrong.
No QSGTexture provided from updateSampledImage(). This is wrong.
No QSGTexture provided from updateSampledImage(). This is wrong.
No QSGTexture provided from updateSampledImage(). This is wrong.
No QSGTexture provided from updateSampledImage(). This is wrong.
No QSGTexture provided from updateSampledImage(). This is wrong.
No QSGTexture provided from updateSampledImage(). This is wrong.
No QSGTexture provided from updateSampledImage(). This is wrong.
No QSGTexture provided from updateSampledImage(). This is wrong.
No QSGTexture provided from updateSampledImage(). This is wrong.
No QSGTexture provided from updateSampledImage(). This is wrong.
No QSGTexture provided from updateSampledImage(). This is wrong.
No QSGTexture provided from updateSampledImage(). This is wrong.
No QSGTexture provided from updateSampledImage(). This is wrong.
No QSGTexture provided from updateSampledImage(). This is wrong.
No QSGTexture provided from updateSampledImage(). This is wrong.
No QSGTexture provided from updateSampledImage(). This is wrong.
No QSGTexture provided from updateSampledImage(). This is wrong.
No QSGTexture provided from updateSampledImage(). This is wrong.
No QSGTexture provided from updateSampledImage(). This is wrong.
No QSGTexture provided from updateSampledImage(). This is wrong.
No QSGTexture provided from updateSampledImage(). This is wrong.
No QSGTexture provided from updateSampledImage(). This is wrong.
No QSGTexture provided from updateSampledImage(). This is wrong.
No QSGTexture provided from updateSampledImage(). This is wrong.
No QSGTexture provided from updateSampledImage(). This is wrong.
No QSGTexture provided from updateSampledImage(). This is wrong.
No QSGTexture provided from updateSampledImage(). This is wrong.
No QSGTexture provided from updateSampledImage(). This is wrong.
No QSGTexture provided from updateSampledImage(). This is wrong.
No QSGTexture provided from updateSampledImage(). This is wrong.
No QSGTexture provided from updateSampledImage(). This is wrong.
No QSGTexture provided from updateSampledImage(). This is wrong.
No QSGTexture provided from updateSampledImage(). This is wrong.
No QSGTexture provided from updateSampledImage(). This is wrong.
No QSGTexture provided from updateSampledImage(). This is wrong.
No QSGTexture provided from updateSampledImage(). This is wrong.
No QSGTexture provided from updateSampledImage(). This is wrong.
No QSGTexture provided from updateSampledImage(). This is wrong.
No QSGTexture provided from updateSampledImage(). This is wrong.
No QSGTexture provided from updateSampledImage(). This is wrong.
No QSGTexture provided from updateSampledImage(). This is wrong.
No QSGTexture provided from updateSampledImage(). This is wrong.
No QSGTexture provided from updateSampledImage(). This is wrong.
No QSGTexture provided from updateSampledImage(). This is wrong.
No QSGTexture provided from updateSampledImage(). This is wrong.
No QSGTexture provided from updateSampledImage(). This is wrong.
No QSGTexture provided from updateSampledImage(). This is wrong.
No QSGTexture provided from updateSampledImage(). This is wrong.
No QSGTexture provided from updateSampledImage(). This is wrong.
No QSGTexture provided from updateSampledImage(). This is wrong.
No QSGTexture provided from updateSampledImage(). This is wrong.
No QSGTexture provided from updateSampledImage(). This is wrong.
No QSGTexture provided from updateSampledImage(). This is wrong.
No QSGTexture provided from updateSampledImage(). This is wrong.
No QSGTexture provided from updateSampledImage(). This is wrong.
No QSGTexture provided from updateSampledImage(). This is wrong.
No QSGTexture provided from updateSampledImage(). This is wrong.
No QSGTexture provided from updateSampledImage(). This is wrong.
No QSGTexture provided from updateSampledImage(). This is wrong.
No QSGTexture provided from updateSampledImage(). This is wrong.
No QSGTexture provided from updateSampledImage(). This is wrong.
No QSGTexture provided from updateSampledImage(). This is wrong.
No QSGTexture provided from updateSampledImage(). This is wrong.
No QSGTexture provided from updateSampledImage(). This is wrong.
No QSGTexture provided from updateSampledImage(). This is wrong.
No QSGTexture provided from updateSampledImage(). This is wrong.
No QSGTexture provided from updateSampledImage(). This is wrong.
No QSGTexture provided from updateSampledImage(). This is wrong.
No QSGTexture provided from updateSampledImage(). This is wrong.
No QSGTexture provided from updateSampledImage(). This is wrong.
No QSGTexture provided from updateSampledImage(). This is wrong.
No QSGTexture provided from updateSampledImage(). This is wrong.
No QSGTexture provided from updateSampledImage(). This is wrong.
No QSGTexture provided from updateSampledImage(). This is wrong.
No QSGTexture provided from updateSampledImage(). This is wrong.
No QSGTexture provided from updateSampledImage(). This is wrong.
No QSGTexture provided from updateSampledImage(). This is wrong.
No QSGTexture provided from updateSampledImage(). This is wrong.
No QSGTexture provided from updateSampledImage(). This is wrong.
No QSGTexture provided from updateSampledImage(). This is wrong.
No QSGTexture provided from updateSampledImage(). This is wrong.
No QSGTexture provided from updateSampledImage(). This is wrong.
No QSGTexture provided from updateSampledImage(). This is wrong.
No QSGTexture provided from updateSampledImage(). This is wrong.
No QSGTexture provided from updateSampledImage(). This is wrong.
No QSGTexture provided from updateSampledImage(). This is wrong.
No QSGTexture provided from updateSampledImage(). This is wrong.
No QSGTexture provided from updateSampledImage(). This is wrong.
No QSGTexture provided from updateSampledImage(). This is wrong.
No QSGTexture provided from updateSampledImage(). This is wrong.
No QSGTexture provided from updateSampledImage(). This is wrong.
No QSGTexture provided from updateSampledImage(). This is wrong.
No QSGTexture provided from updateSampledImage(). This is wrong.
No QSGTexture provided from updateSampledImage(). This is wrong.
No QSGTexture provided from updateSampledImage(). This is wrong.
No QSGTexture provided from updateSampledImage(). This is wrong.
No QSGTexture provided from updateSampledImage(). This is wrong.
No QSGTexture provided from updateSampledImage(). This is wrong.
No QSGTexture provided from updateSampledImage(). This is wrong.
No QSGTexture provided from updateSampledImage(). This is wrong.
No QSGTexture provided from updateSampledImage(). This is wrong.
No QSGTexture provided from updateSampledImage(). This is wrong.
No QSGTexture provided from updateSampledImage(). This is wrong.
No QSGTexture provided from updateSampledImage(). This is wrong.
No QSGTexture provided from updateSampledImage(). This is wrong.
No QSGTexture provided from updateSampledImage(). This is wrong.
No QSGTexture provided from updateSampledImage(). This is wrong.
No QSGTexture provided from updateSampledImage(). This is wrong.
No QSGTexture provided from updateSampledImage(). This is wrong.
No QSGTexture provided from updateSampledImage(). This is wrong.
No QSGTexture provided from updateSampledImage(). This is wrong.
No QSGTexture provided from updateSampledImage(). This is wrong.
No QSGTexture provided from updateSampledImage(). This is wrong.
No QSGTexture provided from updateSampledImage(). This is wrong.
No QSGTexture provided from updateSampledImage(). This is wrong.
No QSGTexture provided from updateSampledImage(). This is wrong.
No QSGTexture provided from updateSampledImage(). This is wrong.
No QSGTexture provided from updateSampledImage(). This is wrong.
No QSGTexture provided from updateSampledImage(). This is wrong.
No QSGTexture provided from updateSampledImage(). This is wrong.
No QSGTexture provided from updateSampledImage(). This is wrong.
No QSGTexture provided from updateSampledImage(). This is wrong.
No QSGTexture provided from updateSampledImage(). This is wrong.
No QSGTexture provided from updateSampledImage(). This is wrong.
No QSGTexture provided from updateSampledImage(). This is wrong.
No QSGTexture provided from updateSampledImage(). This is wrong.
No QSGTexture provided from updateSampledImage(). This is wrong.
No QSGTexture provided from updateSampledImage(). This is wrong.
No QSGTexture provided from updateSampledImage(). This is wrong.
No QSGTexture provided from updateSampledImage(). This is wrong.
No QSGTexture provided from updateSampledImage(). This is wrong.
No QSGTexture provided from updateSampledImage(). This is wrong.
No QSGTexture provided from updateSampledImage(). This is wrong.
No QSGTexture provided from updateSampledImage(). This is wrong.
No QSGTexture provided from updateSampledImage(). This is wrong.
No QSGTexture provided from updateSampledImage(). This is wrong.
No QSGTexture provided from updateSampledImage(). This is wrong.
qml: FACADE PROBE: tick=24 phase=subs-watch state=3 pos=13.46 dur=60.02 pause=false seeking=false
No QSGTexture provided from updateSampledImage(). This is wrong.
No QSGTexture provided from updateSampledImage(). This is wrong.
No QSGTexture provided from updateSampledImage(). This is wrong.
No QSGTexture provided from updateSampledImage(). This is wrong.
No QSGTexture provided from updateSampledImage(). This is wrong.
No QSGTexture provided from updateSampledImage(). This is wrong.
No QSGTexture provided from updateSampledImage(). This is wrong.
No QSGTexture provided from updateSampledImage(). This is wrong.
No QSGTexture provided from updateSampledImage(). This is wrong.
No QSGTexture provided from updateSampledImage(). This is wrong.
No QSGTexture provided from updateSampledImage(). This is wrong.
No QSGTexture provided from updateSampledImage(). This is wrong.
No QSGTexture provided from updateSampledImage(). This is wrong.
No QSGTexture provided from updateSampledImage(). This is wrong.
No QSGTexture provided from updateSampledImage(). This is wrong.
No QSGTexture provided from updateSampledImage(). This is wrong.
No QSGTexture provided from updateSampledImage(). This is wrong.
No QSGTexture provided from updateSampledImage(). This is wrong.
No QSGTexture provided from updateSampledImage(). This is wrong.
No QSGTexture provided from updateSampledImage(). This is wrong.
No QSGTexture provided from updateSampledImage(). This is wrong.
No QSGTexture provided from updateSampledImage(). This is wrong.
No QSGTexture provided from updateSampledImage(). This is wrong.
No QSGTexture provided from updateSampledImage(). This is wrong.
No QSGTexture provided from updateSampledImage(). This is wrong.
No QSGTexture provided from updateSampledImage(). This is wrong.
No QSGTexture provided from updateSampledImage(). This is wrong.
No QSGTexture provided from updateSampledImage(). This is wrong.
No QSGTexture provided from updateSampledImage(). This is wrong.
No QSGTexture provided from updateSampledImage(). This is wrong.
No QSGTexture provided from updateSampledImage(). This is wrong.
No QSGTexture provided from updateSampledImage(). This is wrong.
No QSGTexture provided from updateSampledImage(). This is wrong.
No QSGTexture provided from updateSampledImage(). This is wrong.
No QSGTexture provided from updateSampledImage(). This is wrong.
No QSGTexture provided from updateSampledImage(). This is wrong.
No QSGTexture provided from updateSampledImage(). This is wrong.
No QSGTexture provided from updateSampledImage(). This is wrong.
No QSGTexture provided from updateSampledImage(). This is wrong.
No QSGTexture provided from updateSampledImage(). This is wrong.
No QSGTexture provided from updateSampledImage(). This is wrong.
No QSGTexture provided from updateSampledImage(). This is wrong.
No QSGTexture provided from updateSampledImage(). This is wrong.
No QSGTexture provided from updateSampledImage(). This is wrong.
No QSGTexture provided from updateSampledImage(). This is wrong.
No QSGTexture provided from updateSampledImage(). This is wrong.
No QSGTexture provided from updateSampledImage(). This is wrong.
No QSGTexture provided from updateSampledImage(). This is wrong.
No QSGTexture provided from updateSampledImage(). This is wrong.
No QSGTexture provided from updateSampledImage(). This is wrong.
No QSGTexture provided from updateSampledImage(). This is wrong.
No QSGTexture provided from updateSampledImage(). This is wrong.
No QSGTexture provided from updateSampledImage(). This is wrong.
No QSGTexture provided from updateSampledImage(). This is wrong.
No QSGTexture provided from updateSampledImage(). This is wrong.
qml: FACADE PROBE: subtitle SHOW "Player 2 subtitle fixture" pos=14.21
No QSGTexture provided from updateSampledImage(). This is wrong.
No QSGTexture provided from updateSampledImage(). This is wrong.
No QSGTexture provided from updateSampledImage(). This is wrong.
No QSGTexture provided from updateSampledImage(). This is wrong.
No QSGTexture provided from updateSampledImage(). This is wrong.
No QSGTexture provided from updateSampledImage(). This is wrong.
No QSGTexture provided from updateSampledImage(). This is wrong.
No QSGTexture provided from updateSampledImage(). This is wrong.
No QSGTexture provided from updateSampledImage(). This is wrong.
No QSGTexture provided from updateSampledImage(). This is wrong.
No QSGTexture provided from updateSampledImage(). This is wrong.
No QSGTexture provided from updateSampledImage(). This is wrong.
No QSGTexture provided from updateSampledImage(). This is wrong.
No QSGTexture provided from updateSampledImage(). This is wrong.
No QSGTexture provided from updateSampledImage(). This is wrong.
No QSGTexture provided from updateSampledImage(). This is wrong.
No QSGTexture provided from updateSampledImage(). This is wrong.
No QSGTexture provided from updateSampledImage(). This is wrong.
No QSGTexture provided from updateSampledImage(). This is wrong.
No QSGTexture provided from updateSampledImage(). This is wrong.
No QSGTexture provided from updateSampledImage(). This is wrong.
No QSGTexture provided from updateSampledImage(). This is wrong.
No QSGTexture provided from updateSampledImage(). This is wrong.
No QSGTexture provided from updateSampledImage(). This is wrong.
No QSGTexture provided from updateSampledImage(). This is wrong.
No QSGTexture provided from updateSampledImage(). This is wrong.
No QSGTexture provided from updateSampledImage(). This is wrong.
No QSGTexture provided from updateSampledImage(). This is wrong.
No QSGTexture provided from updateSampledImage(). This is wrong.
No QSGTexture provided from updateSampledImage(). This is wrong.
No QSGTexture provided from updateSampledImage(). This is wrong.
No QSGTexture provided from updateSampledImage(). This is wrong.
No QSGTexture provided from updateSampledImage(). This is wrong.
No QSGTexture provided from updateSampledImage(). This is wrong.
No QSGTexture provided from updateSampledImage(). This is wrong.
No QSGTexture provided from updateSampledImage(). This is wrong.
No QSGTexture provided from updateSampledImage(). This is wrong.
No QSGTexture provided from updateSampledImage(). This is wrong.
No QSGTexture provided from updateSampledImage(). This is wrong.
No QSGTexture provided from updateSampledImage(). This is wrong.
No QSGTexture provided from updateSampledImage(). This is wrong.
No QSGTexture provided from updateSampledImage(). This is wrong.
No QSGTexture provided from updateSampledImage(). This is wrong.
No QSGTexture provided from updateSampledImage(). This is wrong.
No QSGTexture provided from updateSampledImage(). This is wrong.
No QSGTexture provided from updateSampledImage(). This is wrong.
No QSGTexture provided from updateSampledImage(). This is wrong.
No QSGTexture provided from updateSampledImage(). This is wrong.
No QSGTexture provided from updateSampledImage(). This is wrong.
No QSGTexture provided from updateSampledImage(). This is wrong.
No QSGTexture provided from updateSampledImage(). This is wrong.
No QSGTexture provided from updateSampledImage(). This is wrong.
No QSGTexture provided from updateSampledImage(). This is wrong.
No QSGTexture provided from updateSampledImage(). This is wrong.
No QSGTexture provided from updateSampledImage(). This is wrong.
No QSGTexture provided from updateSampledImage(). This is wrong.
No QSGTexture provided from updateSampledImage(). This is wrong.
No QSGTexture provided from updateSampledImage(). This is wrong.
No QSGTexture provided from updateSampledImage(). This is wrong.
No QSGTexture provided from updateSampledImage(). This is wrong.
No QSGTexture provided from updateSampledImage(). This is wrong.
No QSGTexture provided from updateSampledImage(). This is wrong.
No QSGTexture provided from updateSampledImage(). This is wrong.
No QSGTexture provided from updateSampledImage(). This is wrong.
No QSGTexture provided from updateSampledImage(). This is wrong.
No QSGTexture provided from updateSampledImage(). This is wrong.
No QSGTexture provided from updateSampledImage(). This is wrong.
No QSGTexture provided from updateSampledImage(). This is wrong.
No QSGTexture provided from updateSampledImage(). This is wrong.
No QSGTexture provided from updateSampledImage(). This is wrong.
No QSGTexture provided from updateSampledImage(). This is wrong.
No QSGTexture provided from updateSampledImage(). This is wrong.
No QSGTexture provided from updateSampledImage(). This is wrong.
No QSGTexture provided from updateSampledImage(). This is wrong.
No QSGTexture provided from updateSampledImage(). This is wrong.
No QSGTexture provided from updateSampledImage(). This is wrong.
No QSGTexture provided from updateSampledImage(). This is wrong.
No QSGTexture provided from updateSampledImage(). This is wrong.
No QSGTexture provided from updateSampledImage(). This is wrong.
No QSGTexture provided from updateSampledImage(). This is wrong.
No QSGTexture provided from updateSampledImage(). This is wrong.
No QSGTexture provided from updateSampledImage(). This is wrong.
No QSGTexture provided from updateSampledImage(). This is wrong.
No QSGTexture provided from updateSampledImage(). This is wrong.
No QSGTexture provided from updateSampledImage(). This is wrong.
No QSGTexture provided from updateSampledImage(). This is wrong.
No QSGTexture provided from updateSampledImage(). This is wrong.
No QSGTexture provided from updateSampledImage(). This is wrong.
No QSGTexture provided from updateSampledImage(). This is wrong.
No QSGTexture provided from updateSampledImage(). This is wrong.
No QSGTexture provided from updateSampledImage(). This is wrong.
No QSGTexture provided from updateSampledImage(). This is wrong.
qml: FACADE PROBE: tick=32 phase=subs-watch state=3 pos=15.47 dur=60.02 pause=false seeking=false
No QSGTexture provided from updateSampledImage(). This is wrong.
No QSGTexture provided from updateSampledImage(). This is wrong.
No QSGTexture provided from updateSampledImage(). This is wrong.
No QSGTexture provided from updateSampledImage(). This is wrong.
No QSGTexture provided from updateSampledImage(). This is wrong.
No QSGTexture provided from updateSampledImage(). This is wrong.
No QSGTexture provided from updateSampledImage(). This is wrong.
No QSGTexture provided from updateSampledImage(). This is wrong.
No QSGTexture provided from updateSampledImage(). This is wrong.
No QSGTexture provided from updateSampledImage(). This is wrong.
No QSGTexture provided from updateSampledImage(). This is wrong.
No QSGTexture provided from updateSampledImage(). This is wrong.
No QSGTexture provided from updateSampledImage(). This is wrong.
No QSGTexture provided from updateSampledImage(). This is wrong.
No QSGTexture provided from updateSampledImage(). This is wrong.
No QSGTexture provided from updateSampledImage(). This is wrong.
No QSGTexture provided from updateSampledImage(). This is wrong.
No QSGTexture provided from updateSampledImage(). This is wrong.
No QSGTexture provided from updateSampledImage(). This is wrong.
No QSGTexture provided from updateSampledImage(). This is wrong.
No QSGTexture provided from updateSampledImage(). This is wrong.
No QSGTexture provided from updateSampledImage(). This is wrong.
No QSGTexture provided from updateSampledImage(). This is wrong.
No QSGTexture provided from updateSampledImage(). This is wrong.
No QSGTexture provided from updateSampledImage(). This is wrong.
No QSGTexture provided from updateSampledImage(). This is wrong.
No QSGTexture provided from updateSampledImage(). This is wrong.
No QSGTexture provided from updateSampledImage(). This is wrong.
No QSGTexture provided from updateSampledImage(). This is wrong.
No QSGTexture provided from updateSampledImage(). This is wrong.
No QSGTexture provided from updateSampledImage(). This is wrong.
No QSGTexture provided from updateSampledImage(). This is wrong.
No QSGTexture provided from updateSampledImage(). This is wrong.
No QSGTexture provided from updateSampledImage(). This is wrong.
No QSGTexture provided from updateSampledImage(). This is wrong.
No QSGTexture provided from updateSampledImage(). This is wrong.
No QSGTexture provided from updateSampledImage(). This is wrong.
No QSGTexture provided from updateSampledImage(). This is wrong.
No QSGTexture provided from updateSampledImage(). This is wrong.
No QSGTexture provided from updateSampledImage(). This is wrong.
No QSGTexture provided from updateSampledImage(). This is wrong.
No QSGTexture provided from updateSampledImage(). This is wrong.
No QSGTexture provided from updateSampledImage(). This is wrong.
No QSGTexture provided from updateSampledImage(). This is wrong.
No QSGTexture provided from updateSampledImage(). This is wrong.
No QSGTexture provided from updateSampledImage(). This is wrong.
No QSGTexture provided from updateSampledImage(). This is wrong.
No QSGTexture provided from updateSampledImage(). This is wrong.
No QSGTexture provided from updateSampledImage(). This is wrong.
No QSGTexture provided from updateSampledImage(). This is wrong.
No QSGTexture provided from updateSampledImage(). This is wrong.
No QSGTexture provided from updateSampledImage(). This is wrong.
No QSGTexture provided from updateSampledImage(). This is wrong.
No QSGTexture provided from updateSampledImage(). This is wrong.
No QSGTexture provided from updateSampledImage(). This is wrong.
No QSGTexture provided from updateSampledImage(). This is wrong.
No QSGTexture provided from updateSampledImage(). This is wrong.
No QSGTexture provided from updateSampledImage(). This is wrong.
No QSGTexture provided from updateSampledImage(). This is wrong.
No QSGTexture provided from updateSampledImage(). This is wrong.
No QSGTexture provided from updateSampledImage(). This is wrong.
No QSGTexture provided from updateSampledImage(). This is wrong.
No QSGTexture provided from updateSampledImage(). This is wrong.
No QSGTexture provided from updateSampledImage(). This is wrong.
No QSGTexture provided from updateSampledImage(). This is wrong.
No QSGTexture provided from updateSampledImage(). This is wrong.
No QSGTexture provided from updateSampledImage(). This is wrong.
No QSGTexture provided from updateSampledImage(). This is wrong.
No QSGTexture provided from updateSampledImage(). This is wrong.
No QSGTexture provided from updateSampledImage(). This is wrong.
No QSGTexture provided from updateSampledImage(). This is wrong.
No QSGTexture provided from updateSampledImage(). This is wrong.
No QSGTexture provided from updateSampledImage(). This is wrong.
No QSGTexture provided from updateSampledImage(). This is wrong.
No QSGTexture provided from updateSampledImage(). This is wrong.
No QSGTexture provided from updateSampledImage(). This is wrong.
No QSGTexture provided from updateSampledImage(). This is wrong.
No QSGTexture provided from updateSampledImage(). This is wrong.
No QSGTexture provided from updateSampledImage(). This is wrong.
No QSGTexture provided from updateSampledImage(). This is wrong.
No QSGTexture provided from updateSampledImage(). This is wrong.
No QSGTexture provided from updateSampledImage(). This is wrong.
No QSGTexture provided from updateSampledImage(). This is wrong.
No QSGTexture provided from updateSampledImage(). This is wrong.
No QSGTexture provided from updateSampledImage(). This is wrong.
No QSGTexture provided from updateSampledImage(). This is wrong.
No QSGTexture provided from updateSampledImage(). This is wrong.
No QSGTexture provided from updateSampledImage(). This is wrong.
No QSGTexture provided from updateSampledImage(). This is wrong.
No QSGTexture provided from updateSampledImage(). This is wrong.
No QSGTexture provided from updateSampledImage(). This is wrong.
No QSGTexture provided from updateSampledImage(). This is wrong.
No QSGTexture provided from updateSampledImage(). This is wrong.
No QSGTexture provided from updateSampledImage(). This is wrong.
No QSGTexture provided from updateSampledImage(). This is wrong.
No QSGTexture provided from updateSampledImage(). This is wrong.
No QSGTexture provided from updateSampledImage(). This is wrong.
No QSGTexture provided from updateSampledImage(). This is wrong.
No QSGTexture provided from updateSampledImage(). This is wrong.
No QSGTexture provided from updateSampledImage(). This is wrong.
No QSGTexture provided from updateSampledImage(). This is wrong.
No QSGTexture provided from updateSampledImage(). This is wrong.
No QSGTexture provided from updateSampledImage(). This is wrong.
No QSGTexture provided from updateSampledImage(). This is wrong.
No QSGTexture provided from updateSampledImage(). This is wrong.
No QSGTexture provided from updateSampledImage(). This is wrong.
No QSGTexture provided from updateSampledImage(). This is wrong.
No QSGTexture provided from updateSampledImage(). This is wrong.
No QSGTexture provided from updateSampledImage(). This is wrong.
No QSGTexture provided from updateSampledImage(). This is wrong.
No QSGTexture provided from updateSampledImage(). This is wrong.
No QSGTexture provided from updateSampledImage(). This is wrong.
No QSGTexture provided from updateSampledImage(). This is wrong.
No QSGTexture provided from updateSampledImage(). This is wrong.
No QSGTexture provided from updateSampledImage(). This is wrong.
No QSGTexture provided from updateSampledImage(). This is wrong.
No QSGTexture provided from updateSampledImage(). This is wrong.
No QSGTexture provided from updateSampledImage(). This is wrong.
No QSGTexture provided from updateSampledImage(). This is wrong.
No QSGTexture provided from updateSampledImage(). This is wrong.
No QSGTexture provided from updateSampledImage(). This is wrong.
No QSGTexture provided from updateSampledImage(). This is wrong.
No QSGTexture provided from updateSampledImage(). This is wrong.
No QSGTexture provided from updateSampledImage(). This is wrong.
No QSGTexture provided from updateSampledImage(). This is wrong.
No QSGTexture provided from updateSampledImage(). This is wrong.
No QSGTexture provided from updateSampledImage(). This is wrong.
No QSGTexture provided from updateSampledImage(). This is wrong.
No QSGTexture provided from updateSampledImage(). This is wrong.
No QSGTexture provided from updateSampledImage(). This is wrong.
No QSGTexture provided from updateSampledImage(). This is wrong.
qml: FACADE PROBE: subtitle CLEAR pos=17.22
qml: FACADE PROBE: turning subtitles OFF at pos=17.22
No QSGTexture provided from updateSampledImage(). This is wrong.
No QSGTexture provided from updateSampledImage(). This is wrong.
No QSGTexture provided from updateSampledImage(). This is wrong.
No QSGTexture provided from updateSampledImage(). This is wrong.
No QSGTexture provided from updateSampledImage(). This is wrong.
No QSGTexture provided from updateSampledImage(). This is wrong.
No QSGTexture provided from updateSampledImage(). This is wrong.
No QSGTexture provided from updateSampledImage(). This is wrong.
No QSGTexture provided from updateSampledImage(). This is wrong.
No QSGTexture provided from updateSampledImage(). This is wrong.
No QSGTexture provided from updateSampledImage(). This is wrong.
No QSGTexture provided from updateSampledImage(). This is wrong.
No QSGTexture provided from updateSampledImage(). This is wrong.
No QSGTexture provided from updateSampledImage(). This is wrong.
No QSGTexture provided from updateSampledImage(). This is wrong.
No QSGTexture provided from updateSampledImage(). This is wrong.
No QSGTexture provided from updateSampledImage(). This is wrong.
No QSGTexture provided from updateSampledImage(). This is wrong.
No QSGTexture provided from updateSampledImage(). This is wrong.
No QSGTexture provided from updateSampledImage(). This is wrong.
qml: FACADE PROBE: tick=40 phase=subs-off state=3 pos=17.47 dur=60.02 pause=false seeking=false
No QSGTexture provided from updateSampledImage(). This is wrong.
No QSGTexture provided from updateSampledImage(). This is wrong.
No QSGTexture provided from updateSampledImage(). This is wrong.
No QSGTexture provided from updateSampledImage(). This is wrong.
No QSGTexture provided from updateSampledImage(). This is wrong.
No QSGTexture provided from updateSampledImage(). This is wrong.
No QSGTexture provided from updateSampledImage(). This is wrong.
No QSGTexture provided from updateSampledImage(). This is wrong.
No QSGTexture provided from updateSampledImage(). This is wrong.
No QSGTexture provided from updateSampledImage(). This is wrong.
No QSGTexture provided from updateSampledImage(). This is wrong.
No QSGTexture provided from updateSampledImage(). This is wrong.
No QSGTexture provided from updateSampledImage(). This is wrong.
No QSGTexture provided from updateSampledImage(). This is wrong.
No QSGTexture provided from updateSampledImage(). This is wrong.
No QSGTexture provided from updateSampledImage(). This is wrong.
No QSGTexture provided from updateSampledImage(). This is wrong.
No QSGTexture provided from updateSampledImage(). This is wrong.
No QSGTexture provided from updateSampledImage(). This is wrong.
No QSGTexture provided from updateSampledImage(). This is wrong.
No QSGTexture provided from updateSampledImage(). This is wrong.
No QSGTexture provided from updateSampledImage(). This is wrong.
No QSGTexture provided from updateSampledImage(). This is wrong.
No QSGTexture provided from updateSampledImage(). This is wrong.
No QSGTexture provided from updateSampledImage(). This is wrong.
No QSGTexture provided from updateSampledImage(). This is wrong.
No QSGTexture provided from updateSampledImage(). This is wrong.
No QSGTexture provided from updateSampledImage(). This is wrong.
No QSGTexture provided from updateSampledImage(). This is wrong.
No QSGTexture provided from updateSampledImage(). This is wrong.
No QSGTexture provided from updateSampledImage(). This is wrong.
No QSGTexture provided from updateSampledImage(). This is wrong.
No QSGTexture provided from updateSampledImage(). This is wrong.
No QSGTexture provided from updateSampledImage(). This is wrong.
No QSGTexture provided from updateSampledImage(). This is wrong.
No QSGTexture provided from updateSampledImage(). This is wrong.
No QSGTexture provided from updateSampledImage(). This is wrong.
No QSGTexture provided from updateSampledImage(). This is wrong.
No QSGTexture provided from updateSampledImage(). This is wrong.
No QSGTexture provided from updateSampledImage(). This is wrong.
No QSGTexture provided from updateSampledImage(). This is wrong.
No QSGTexture provided from updateSampledImage(). This is wrong.
No QSGTexture provided from updateSampledImage(). This is wrong.
No QSGTexture provided from updateSampledImage(). This is wrong.
No QSGTexture provided from updateSampledImage(). This is wrong.
No QSGTexture provided from updateSampledImage(). This is wrong.
No QSGTexture provided from updateSampledImage(). This is wrong.
No QSGTexture provided from updateSampledImage(). This is wrong.
No QSGTexture provided from updateSampledImage(). This is wrong.
No QSGTexture provided from updateSampledImage(). This is wrong.
No QSGTexture provided from updateSampledImage(). This is wrong.
No QSGTexture provided from updateSampledImage(). This is wrong.
No QSGTexture provided from updateSampledImage(). This is wrong.
No QSGTexture provided from updateSampledImage(). This is wrong.
No QSGTexture provided from updateSampledImage(). This is wrong.
No QSGTexture provided from updateSampledImage(). This is wrong.
No QSGTexture provided from updateSampledImage(). This is wrong.
No QSGTexture provided from updateSampledImage(). This is wrong.
No QSGTexture provided from updateSampledImage(). This is wrong.
No QSGTexture provided from updateSampledImage(). This is wrong.
No QSGTexture provided from updateSampledImage(). This is wrong.
No QSGTexture provided from updateSampledImage(). This is wrong.
No QSGTexture provided from updateSampledImage(). This is wrong.
No QSGTexture provided from updateSampledImage(). This is wrong.
No QSGTexture provided from updateSampledImage(). This is wrong.
No QSGTexture provided from updateSampledImage(). This is wrong.
No QSGTexture provided from updateSampledImage(). This is wrong.
No QSGTexture provided from updateSampledImage(). This is wrong.
No QSGTexture provided from updateSampledImage(). This is wrong.
No QSGTexture provided from updateSampledImage(). This is wrong.
No QSGTexture provided from updateSampledImage(). This is wrong.
No QSGTexture provided from updateSampledImage(). This is wrong.
No QSGTexture provided from updateSampledImage(). This is wrong.
No QSGTexture provided from updateSampledImage(). This is wrong.
No QSGTexture provided from updateSampledImage(). This is wrong.
No QSGTexture provided from updateSampledImage(). This is wrong.
No QSGTexture provided from updateSampledImage(). This is wrong.
No QSGTexture provided from updateSampledImage(). This is wrong.
No QSGTexture provided from updateSampledImage(). This is wrong.
No QSGTexture provided from updateSampledImage(). This is wrong.
No QSGTexture provided from updateSampledImage(). This is wrong.
No QSGTexture provided from updateSampledImage(). This is wrong.
No QSGTexture provided from updateSampledImage(). This is wrong.
No QSGTexture provided from updateSampledImage(). This is wrong.
No QSGTexture provided from updateSampledImage(). This is wrong.
No QSGTexture provided from updateSampledImage(). This is wrong.
No QSGTexture provided from updateSampledImage(). This is wrong.
No QSGTexture provided from updateSampledImage(). This is wrong.
No QSGTexture provided from updateSampledImage(). This is wrong.
No QSGTexture provided from updateSampledImage(). This is wrong.
No QSGTexture provided from updateSampledImage(). This is wrong.
No QSGTexture provided from updateSampledImage(). This is wrong.
No QSGTexture provided from updateSampledImage(). This is wrong.
No QSGTexture provided from updateSampledImage(). This is wrong.
No QSGTexture provided from updateSampledImage(). This is wrong.
No QSGTexture provided from updateSampledImage(). This is wrong.
No QSGTexture provided from updateSampledImage(). This is wrong.
No QSGTexture provided from updateSampledImage(). This is wrong.
No QSGTexture provided from updateSampledImage(). This is wrong.
No QSGTexture provided from updateSampledImage(). This is wrong.
No QSGTexture provided from updateSampledImage(). This is wrong.
No QSGTexture provided from updateSampledImage(). This is wrong.
No QSGTexture provided from updateSampledImage(). This is wrong.
No QSGTexture provided from updateSampledImage(). This is wrong.
No QSGTexture provided from updateSampledImage(). This is wrong.
No QSGTexture provided from updateSampledImage(). This is wrong.
No QSGTexture provided from updateSampledImage(). This is wrong.
No QSGTexture provided from updateSampledImage(). This is wrong.
No QSGTexture provided from updateSampledImage(). This is wrong.
No QSGTexture provided from updateSampledImage(). This is wrong.
No QSGTexture provided from updateSampledImage(). This is wrong.
No QSGTexture provided from updateSampledImage(). This is wrong.
No QSGTexture provided from updateSampledImage(). This is wrong.
No QSGTexture provided from updateSampledImage(). This is wrong.
No QSGTexture provided from updateSampledImage(). This is wrong.
No QSGTexture provided from updateSampledImage(). This is wrong.
No QSGTexture provided from updateSampledImage(). This is wrong.
No QSGTexture provided from updateSampledImage(). This is wrong.
No QSGTexture provided from updateSampledImage(). This is wrong.
No QSGTexture provided from updateSampledImage(). This is wrong.
No QSGTexture provided from updateSampledImage(). This is wrong.
No QSGTexture provided from updateSampledImage(). This is wrong.
No QSGTexture provided from updateSampledImage(). This is wrong.
No QSGTexture provided from updateSampledImage(). This is wrong.
No QSGTexture provided from updateSampledImage(). This is wrong.
No QSGTexture provided from updateSampledImage(). This is wrong.
No QSGTexture provided from updateSampledImage(). This is wrong.
No QSGTexture provided from updateSampledImage(). This is wrong.
No QSGTexture provided from updateSampledImage(). This is wrong.
No QSGTexture provided from updateSampledImage(). This is wrong.
No QSGTexture provided from updateSampledImage(). This is wrong.
No QSGTexture provided from updateSampledImage(). This is wrong.
No QSGTexture provided from updateSampledImage(). This is wrong.
No QSGTexture provided from updateSampledImage(). This is wrong.
No QSGTexture provided from updateSampledImage(). This is wrong.
No QSGTexture provided from updateSampledImage(). This is wrong.
No QSGTexture provided from updateSampledImage(). This is wrong.
No QSGTexture provided from updateSampledImage(). This is wrong.
No QSGTexture provided from updateSampledImage(). This is wrong.
No QSGTexture provided from updateSampledImage(). This is wrong.
No QSGTexture provided from updateSampledImage(). This is wrong.
No QSGTexture provided from updateSampledImage(). This is wrong.
No QSGTexture provided from updateSampledImage(). This is wrong.
No QSGTexture provided from updateSampledImage(). This is wrong.
No QSGTexture provided from updateSampledImage(). This is wrong.
No QSGTexture provided from updateSampledImage(). This is wrong.
No QSGTexture provided from updateSampledImage(). This is wrong.
No QSGTexture provided from updateSampledImage(). This is wrong.
No QSGTexture provided from updateSampledImage(). This is wrong.
No QSGTexture provided from updateSampledImage(). This is wrong.
qml: FACADE PROBE: tick=48 phase=subs-after-off state=3 pos=19.48 dur=60.02 pause=false seeking=false
No QSGTexture provided from updateSampledImage(). This is wrong.
No QSGTexture provided from updateSampledImage(). This is wrong.
No QSGTexture provided from updateSampledImage(). This is wrong.
No QSGTexture provided from updateSampledImage(). This is wrong.
No QSGTexture provided from updateSampledImage(). This is wrong.
No QSGTexture provided from updateSampledImage(). This is wrong.
No QSGTexture provided from updateSampledImage(). This is wrong.
No QSGTexture provided from updateSampledImage(). This is wrong.
No QSGTexture provided from updateSampledImage(). This is wrong.
No QSGTexture provided from updateSampledImage(). This is wrong.
No QSGTexture provided from updateSampledImage(). This is wrong.
No QSGTexture provided from updateSampledImage(). This is wrong.
No QSGTexture provided from updateSampledImage(). This is wrong.
No QSGTexture provided from updateSampledImage(). This is wrong.
No QSGTexture provided from updateSampledImage(). This is wrong.
No QSGTexture provided from updateSampledImage(). This is wrong.
No QSGTexture provided from updateSampledImage(). This is wrong.
No QSGTexture provided from updateSampledImage(). This is wrong.
No QSGTexture provided from updateSampledImage(). This is wrong.
No QSGTexture provided from updateSampledImage(). This is wrong.
No QSGTexture provided from updateSampledImage(). This is wrong.
No QSGTexture provided from updateSampledImage(). This is wrong.
No QSGTexture provided from updateSampledImage(). This is wrong.
No QSGTexture provided from updateSampledImage(). This is wrong.
No QSGTexture provided from updateSampledImage(). This is wrong.
No QSGTexture provided from updateSampledImage(). This is wrong.
No QSGTexture provided from updateSampledImage(). This is wrong.
No QSGTexture provided from updateSampledImage(). This is wrong.
No QSGTexture provided from updateSampledImage(). This is wrong.
No QSGTexture provided from updateSampledImage(). This is wrong.
No QSGTexture provided from updateSampledImage(). This is wrong.
No QSGTexture provided from updateSampledImage(). This is wrong.
No QSGTexture provided from updateSampledImage(). This is wrong.
No QSGTexture provided from updateSampledImage(). This is wrong.
No QSGTexture provided from updateSampledImage(). This is wrong.
No QSGTexture provided from updateSampledImage(). This is wrong.
No QSGTexture provided from updateSampledImage(). This is wrong.
No QSGTexture provided from updateSampledImage(). This is wrong.
No QSGTexture provided from updateSampledImage(). This is wrong.
No QSGTexture provided from updateSampledImage(). This is wrong.
No QSGTexture provided from updateSampledImage(). This is wrong.
No QSGTexture provided from updateSampledImage(). This is wrong.
No QSGTexture provided from updateSampledImage(). This is wrong.
No QSGTexture provided from updateSampledImage(). This is wrong.
No QSGTexture provided from updateSampledImage(). This is wrong.
No QSGTexture provided from updateSampledImage(). This is wrong.
No QSGTexture provided from updateSampledImage(). This is wrong.
No QSGTexture provided from updateSampledImage(). This is wrong.
No QSGTexture provided from updateSampledImage(). This is wrong.
No QSGTexture provided from updateSampledImage(). This is wrong.
No QSGTexture provided from updateSampledImage(). This is wrong.
No QSGTexture provided from updateSampledImage(). This is wrong.
No QSGTexture provided from updateSampledImage(). This is wrong.
No QSGTexture provided from updateSampledImage(). This is wrong.
No QSGTexture provided from updateSampledImage(). This is wrong.
No QSGTexture provided from updateSampledImage(). This is wrong.
No QSGTexture provided from updateSampledImage(). This is wrong.
No QSGTexture provided from updateSampledImage(). This is wrong.
No QSGTexture provided from updateSampledImage(). This is wrong.
No QSGTexture provided from updateSampledImage(). This is wrong.
No QSGTexture provided from updateSampledImage(). This is wrong.
No QSGTexture provided from updateSampledImage(). This is wrong.
No QSGTexture provided from updateSampledImage(). This is wrong.
No QSGTexture provided from updateSampledImage(). This is wrong.
No QSGTexture provided from updateSampledImage(). This is wrong.
No QSGTexture provided from updateSampledImage(). This is wrong.
No QSGTexture provided from updateSampledImage(). This is wrong.
No QSGTexture provided from updateSampledImage(). This is wrong.
No QSGTexture provided from updateSampledImage(). This is wrong.
No QSGTexture provided from updateSampledImage(). This is wrong.
No QSGTexture provided from updateSampledImage(). This is wrong.
No QSGTexture provided from updateSampledImage(). This is wrong.
No QSGTexture provided from updateSampledImage(). This is wrong.
No QSGTexture provided from updateSampledImage(). This is wrong.
No QSGTexture provided from updateSampledImage(). This is wrong.
No QSGTexture provided from updateSampledImage(). This is wrong.
No QSGTexture provided from updateSampledImage(). This is wrong.
No QSGTexture provided from updateSampledImage(). This is wrong.
No QSGTexture provided from updateSampledImage(). This is wrong.
No QSGTexture provided from updateSampledImage(). This is wrong.
No QSGTexture provided from updateSampledImage(). This is wrong.
No QSGTexture provided from updateSampledImage(). This is wrong.
No QSGTexture provided from updateSampledImage(). This is wrong.
No QSGTexture provided from updateSampledImage(). This is wrong.
No QSGTexture provided from updateSampledImage(). This is wrong.
No QSGTexture provided from updateSampledImage(). This is wrong.
No QSGTexture provided from updateSampledImage(). This is wrong.
No QSGTexture provided from updateSampledImage(). This is wrong.
No QSGTexture provided from updateSampledImage(). This is wrong.
No QSGTexture provided from updateSampledImage(). This is wrong.
No QSGTexture provided from updateSampledImage(). This is wrong.
No QSGTexture provided from updateSampledImage(). This is wrong.
No QSGTexture provided from updateSampledImage(). This is wrong.
No QSGTexture provided from updateSampledImage(). This is wrong.
No QSGTexture provided from updateSampledImage(). This is wrong.
No QSGTexture provided from updateSampledImage(). This is wrong.
No QSGTexture provided from updateSampledImage(). This is wrong.
No QSGTexture provided from updateSampledImage(). This is wrong.
No QSGTexture provided from updateSampledImage(). This is wrong.
No QSGTexture provided from updateSampledImage(). This is wrong.
No QSGTexture provided from updateSampledImage(). This is wrong.
No QSGTexture provided from updateSampledImage(). This is wrong.
No QSGTexture provided from updateSampledImage(). This is wrong.
No QSGTexture provided from updateSampledImage(). This is wrong.
No QSGTexture provided from updateSampledImage(). This is wrong.
No QSGTexture provided from updateSampledImage(). This is wrong.
No QSGTexture provided from updateSampledImage(). This is wrong.
No QSGTexture provided from updateSampledImage(). This is wrong.
No QSGTexture provided from updateSampledImage(). This is wrong.
No QSGTexture provided from updateSampledImage(). This is wrong.
No QSGTexture provided from updateSampledImage(). This is wrong.
No QSGTexture provided from updateSampledImage(). This is wrong.
No QSGTexture provided from updateSampledImage(). This is wrong.
No QSGTexture provided from updateSampledImage(). This is wrong.
No QSGTexture provided from updateSampledImage(). This is wrong.
No QSGTexture provided from updateSampledImage(). This is wrong.
No QSGTexture provided from updateSampledImage(). This is wrong.
No QSGTexture provided from updateSampledImage(). This is wrong.
No QSGTexture provided from updateSampledImage(). This is wrong.
No QSGTexture provided from updateSampledImage(). This is wrong.
No QSGTexture provided from updateSampledImage(). This is wrong.
No QSGTexture provided from updateSampledImage(). This is wrong.
No QSGTexture provided from updateSampledImage(). This is wrong.
No QSGTexture provided from updateSampledImage(). This is wrong.
No QSGTexture provided from updateSampledImage(). This is wrong.
No QSGTexture provided from updateSampledImage(). This is wrong.
No QSGTexture provided from updateSampledImage(). This is wrong.
No QSGTexture provided from updateSampledImage(). This is wrong.
No QSGTexture provided from updateSampledImage(). This is wrong.
No QSGTexture provided from updateSampledImage(). This is wrong.
No QSGTexture provided from updateSampledImage(). This is wrong.
No QSGTexture provided from updateSampledImage(). This is wrong.
No QSGTexture provided from updateSampledImage(). This is wrong.
No QSGTexture provided from updateSampledImage(). This is wrong.
No QSGTexture provided from updateSampledImage(). This is wrong.
No QSGTexture provided from updateSampledImage(). This is wrong.
No QSGTexture provided from updateSampledImage(). This is wrong.
No QSGTexture provided from updateSampledImage(). This is wrong.
No QSGTexture provided from updateSampledImage(). This is wrong.
No QSGTexture provided from updateSampledImage(). This is wrong.
No QSGTexture provided from updateSampledImage(). This is wrong.
No QSGTexture provided from updateSampledImage(). This is wrong.
No QSGTexture provided from updateSampledImage(). This is wrong.
No QSGTexture provided from updateSampledImage(). This is wrong.
No QSGTexture provided from updateSampledImage(). This is wrong.
No QSGTexture provided from updateSampledImage(). This is wrong.
No QSGTexture provided from updateSampledImage(). This is wrong.
No QSGTexture provided from updateSampledImage(). This is wrong.
No QSGTexture provided from updateSampledImage(). This is wrong.
No QSGTexture provided from updateSampledImage(). This is wrong.
No QSGTexture provided from updateSampledImage(). This is wrong.
qml: FACADE PROBE: tick=56 phase=subs-after-off state=3 pos=21.46 dur=60.02 pause=false seeking=false
No QSGTexture provided from updateSampledImage(). This is wrong.
No QSGTexture provided from updateSampledImage(). This is wrong.
No QSGTexture provided from updateSampledImage(). This is wrong.
No QSGTexture provided from updateSampledImage(). This is wrong.
No QSGTexture provided from updateSampledImage(). This is wrong.
No QSGTexture provided from updateSampledImage(). This is wrong.
No QSGTexture provided from updateSampledImage(). This is wrong.
No QSGTexture provided from updateSampledImage(). This is wrong.
No QSGTexture provided from updateSampledImage(). This is wrong.
No QSGTexture provided from updateSampledImage(). This is wrong.
No QSGTexture provided from updateSampledImage(). This is wrong.
No QSGTexture provided from updateSampledImage(). This is wrong.
No QSGTexture provided from updateSampledImage(). This is wrong.
No QSGTexture provided from updateSampledImage(). This is wrong.
No QSGTexture provided from updateSampledImage(). This is wrong.
No QSGTexture provided from updateSampledImage(). This is wrong.
No QSGTexture provided from updateSampledImage(). This is wrong.
No QSGTexture provided from updateSampledImage(). This is wrong.
No QSGTexture provided from updateSampledImage(). This is wrong.
No QSGTexture provided from updateSampledImage(). This is wrong.
No QSGTexture provided from updateSampledImage(). This is wrong.
No QSGTexture provided from updateSampledImage(). This is wrong.
No QSGTexture provided from updateSampledImage(). This is wrong.
No QSGTexture provided from updateSampledImage(). This is wrong.
No QSGTexture provided from updateSampledImage(). This is wrong.
No QSGTexture provided from updateSampledImage(). This is wrong.
No QSGTexture provided from updateSampledImage(). This is wrong.
No QSGTexture provided from updateSampledImage(). This is wrong.
No QSGTexture provided from updateSampledImage(). This is wrong.
No QSGTexture provided from updateSampledImage(). This is wrong.
No QSGTexture provided from updateSampledImage(). This is wrong.
No QSGTexture provided from updateSampledImage(). This is wrong.
No QSGTexture provided from updateSampledImage(). This is wrong.
No QSGTexture provided from updateSampledImage(). This is wrong.
No QSGTexture provided from updateSampledImage(). This is wrong.
No QSGTexture provided from updateSampledImage(). This is wrong.
No QSGTexture provided from updateSampledImage(). This is wrong.
No QSGTexture provided from updateSampledImage(). This is wrong.
No QSGTexture provided from updateSampledImage(). This is wrong.
No QSGTexture provided from updateSampledImage(). This is wrong.
No QSGTexture provided from updateSampledImage(). This is wrong.
No QSGTexture provided from updateSampledImage(). This is wrong.
No QSGTexture provided from updateSampledImage(). This is wrong.
No QSGTexture provided from updateSampledImage(). This is wrong.
No QSGTexture provided from updateSampledImage(). This is wrong.
No QSGTexture provided from updateSampledImage(). This is wrong.
No QSGTexture provided from updateSampledImage(). This is wrong.
No QSGTexture provided from updateSampledImage(). This is wrong.
No QSGTexture provided from updateSampledImage(). This is wrong.
No QSGTexture provided from updateSampledImage(). This is wrong.
No QSGTexture provided from updateSampledImage(). This is wrong.
No QSGTexture provided from updateSampledImage(). This is wrong.
No QSGTexture provided from updateSampledImage(). This is wrong.
No QSGTexture provided from updateSampledImage(). This is wrong.
No QSGTexture provided from updateSampledImage(). This is wrong.
No QSGTexture provided from updateSampledImage(). This is wrong.
No QSGTexture provided from updateSampledImage(). This is wrong.
No QSGTexture provided from updateSampledImage(). This is wrong.
No QSGTexture provided from updateSampledImage(). This is wrong.
No QSGTexture provided from updateSampledImage(). This is wrong.
No QSGTexture provided from updateSampledImage(). This is wrong.
No QSGTexture provided from updateSampledImage(). This is wrong.
No QSGTexture provided from updateSampledImage(). This is wrong.
No QSGTexture provided from updateSampledImage(). This is wrong.
No QSGTexture provided from updateSampledImage(). This is wrong.
No QSGTexture provided from updateSampledImage(). This is wrong.
No QSGTexture provided from updateSampledImage(). This is wrong.
No QSGTexture provided from updateSampledImage(). This is wrong.
No QSGTexture provided from updateSampledImage(). This is wrong.
No QSGTexture provided from updateSampledImage(). This is wrong.
No QSGTexture provided from updateSampledImage(). This is wrong.
No QSGTexture provided from updateSampledImage(). This is wrong.
No QSGTexture provided from updateSampledImage(). This is wrong.
No QSGTexture provided from updateSampledImage(). This is wrong.
No QSGTexture provided from updateSampledImage(). This is wrong.
No QSGTexture provided from updateSampledImage(). This is wrong.
No QSGTexture provided from updateSampledImage(). This is wrong.
No QSGTexture provided from updateSampledImage(). This is wrong.
No QSGTexture provided from updateSampledImage(). This is wrong.
No QSGTexture provided from updateSampledImage(). This is wrong.
No QSGTexture provided from updateSampledImage(). This is wrong.
No QSGTexture provided from updateSampledImage(). This is wrong.
No QSGTexture provided from updateSampledImage(). This is wrong.
No QSGTexture provided from updateSampledImage(). This is wrong.
No QSGTexture provided from updateSampledImage(). This is wrong.
No QSGTexture provided from updateSampledImage(). This is wrong.
No QSGTexture provided from updateSampledImage(). This is wrong.
No QSGTexture provided from updateSampledImage(). This is wrong.
No QSGTexture provided from updateSampledImage(). This is wrong.
No QSGTexture provided from updateSampledImage(). This is wrong.
No QSGTexture provided from updateSampledImage(). This is wrong.
No QSGTexture provided from updateSampledImage(). This is wrong.
No QSGTexture provided from updateSampledImage(). This is wrong.
No QSGTexture provided from updateSampledImage(). This is wrong.
No QSGTexture provided from updateSampledImage(). This is wrong.
No QSGTexture provided from updateSampledImage(). This is wrong.
No QSGTexture provided from updateSampledImage(). This is wrong.
No QSGTexture provided from updateSampledImage(). This is wrong.
No QSGTexture provided from updateSampledImage(). This is wrong.
No QSGTexture provided from updateSampledImage(). This is wrong.
No QSGTexture provided from updateSampledImage(). This is wrong.
No QSGTexture provided from updateSampledImage(). This is wrong.
No QSGTexture provided from updateSampledImage(). This is wrong.
No QSGTexture provided from updateSampledImage(). This is wrong.
No QSGTexture provided from updateSampledImage(). This is wrong.
No QSGTexture provided from updateSampledImage(). This is wrong.
No QSGTexture provided from updateSampledImage(). This is wrong.
No QSGTexture provided from updateSampledImage(). This is wrong.
No QSGTexture provided from updateSampledImage(). This is wrong.
No QSGTexture provided from updateSampledImage(). This is wrong.
No QSGTexture provided from updateSampledImage(). This is wrong.
No QSGTexture provided from updateSampledImage(). This is wrong.
No QSGTexture provided from updateSampledImage(). This is wrong.
No QSGTexture provided from updateSampledImage(). This is wrong.
No QSGTexture provided from updateSampledImage(). This is wrong.
No QSGTexture provided from updateSampledImage(). This is wrong.
No QSGTexture provided from updateSampledImage(). This is wrong.
No QSGTexture provided from updateSampledImage(). This is wrong.
No QSGTexture provided from updateSampledImage(). This is wrong.
No QSGTexture provided from updateSampledImage(). This is wrong.
No QSGTexture provided from updateSampledImage(). This is wrong.
No QSGTexture provided from updateSampledImage(). This is wrong.
No QSGTexture provided from updateSampledImage(). This is wrong.
No QSGTexture provided from updateSampledImage(). This is wrong.
No QSGTexture provided from updateSampledImage(). This is wrong.
No QSGTexture provided from updateSampledImage(). This is wrong.
No QSGTexture provided from updateSampledImage(). This is wrong.
No QSGTexture provided from updateSampledImage(). This is wrong.
No QSGTexture provided from updateSampledImage(). This is wrong.
No QSGTexture provided from updateSampledImage(). This is wrong.
No QSGTexture provided from updateSampledImage(). This is wrong.
No QSGTexture provided from updateSampledImage(). This is wrong.
No QSGTexture provided from updateSampledImage(). This is wrong.
No QSGTexture provided from updateSampledImage(). This is wrong.
No QSGTexture provided from updateSampledImage(). This is wrong.
No QSGTexture provided from updateSampledImage(). This is wrong.
No QSGTexture provided from updateSampledImage(). This is wrong.
No QSGTexture provided from updateSampledImage(). This is wrong.
No QSGTexture provided from updateSampledImage(). This is wrong.
No QSGTexture provided from updateSampledImage(). This is wrong.
No QSGTexture provided from updateSampledImage(). This is wrong.
No QSGTexture provided from updateSampledImage(). This is wrong.
No QSGTexture provided from updateSampledImage(). This is wrong.
No QSGTexture provided from updateSampledImage(). This is wrong.
No QSGTexture provided from updateSampledImage(). This is wrong.
No QSGTexture provided from updateSampledImage(). This is wrong.
No QSGTexture provided from updateSampledImage(). This is wrong.
No QSGTexture provided from updateSampledImage(). This is wrong.
No QSGTexture provided from updateSampledImage(). This is wrong.
No QSGTexture provided from updateSampledImage(). This is wrong.
No QSGTexture provided from updateSampledImage(). This is wrong.
No QSGTexture provided from updateSampledImage(). This is wrong.
qml: FACADE PROBE: tick=64 phase=subs-after-off state=3 pos=23.47 dur=60.02 pause=false seeking=false
No QSGTexture provided from updateSampledImage(). This is wrong.
No QSGTexture provided from updateSampledImage(). This is wrong.
No QSGTexture provided from updateSampledImage(). This is wrong.
No QSGTexture provided from updateSampledImage(). This is wrong.
No QSGTexture provided from updateSampledImage(). This is wrong.
No QSGTexture provided from updateSampledImage(). This is wrong.
No QSGTexture provided from updateSampledImage(). This is wrong.
No QSGTexture provided from updateSampledImage(). This is wrong.
No QSGTexture provided from updateSampledImage(). This is wrong.
No QSGTexture provided from updateSampledImage(). This is wrong.
No QSGTexture provided from updateSampledImage(). This is wrong.
No QSGTexture provided from updateSampledImage(). This is wrong.
No QSGTexture provided from updateSampledImage(). This is wrong.
No QSGTexture provided from updateSampledImage(). This is wrong.
No QSGTexture provided from updateSampledImage(). This is wrong.
No QSGTexture provided from updateSampledImage(). This is wrong.
No QSGTexture provided from updateSampledImage(). This is wrong.
No QSGTexture provided from updateSampledImage(). This is wrong.
No QSGTexture provided from updateSampledImage(). This is wrong.
No QSGTexture provided from updateSampledImage(). This is wrong.
No QSGTexture provided from updateSampledImage(). This is wrong.
No QSGTexture provided from updateSampledImage(). This is wrong.
No QSGTexture provided from updateSampledImage(). This is wrong.
No QSGTexture provided from updateSampledImage(). This is wrong.
No QSGTexture provided from updateSampledImage(). This is wrong.
No QSGTexture provided from updateSampledImage(). This is wrong.
No QSGTexture provided from updateSampledImage(). This is wrong.
No QSGTexture provided from updateSampledImage(). This is wrong.
No QSGTexture provided from updateSampledImage(). This is wrong.
No QSGTexture provided from updateSampledImage(). This is wrong.
No QSGTexture provided from updateSampledImage(). This is wrong.
No QSGTexture provided from updateSampledImage(). This is wrong.
No QSGTexture provided from updateSampledImage(). This is wrong.
No QSGTexture provided from updateSampledImage(). This is wrong.
No QSGTexture provided from updateSampledImage(). This is wrong.
No QSGTexture provided from updateSampledImage(). This is wrong.
No QSGTexture provided from updateSampledImage(). This is wrong.
No QSGTexture provided from updateSampledImage(). This is wrong.
No QSGTexture provided from updateSampledImage(). This is wrong.
No QSGTexture provided from updateSampledImage(). This is wrong.
No QSGTexture provided from updateSampledImage(). This is wrong.
No QSGTexture provided from updateSampledImage(). This is wrong.
No QSGTexture provided from updateSampledImage(). This is wrong.
No QSGTexture provided from updateSampledImage(). This is wrong.
No QSGTexture provided from updateSampledImage(). This is wrong.
No QSGTexture provided from updateSampledImage(). This is wrong.
No QSGTexture provided from updateSampledImage(). This is wrong.
No QSGTexture provided from updateSampledImage(). This is wrong.
No QSGTexture provided from updateSampledImage(). This is wrong.
No QSGTexture provided from updateSampledImage(). This is wrong.
No QSGTexture provided from updateSampledImage(). This is wrong.
No QSGTexture provided from updateSampledImage(). This is wrong.
No QSGTexture provided from updateSampledImage(). This is wrong.
No QSGTexture provided from updateSampledImage(). This is wrong.
No QSGTexture provided from updateSampledImage(). This is wrong.
No QSGTexture provided from updateSampledImage(). This is wrong.
No QSGTexture provided from updateSampledImage(). This is wrong.
No QSGTexture provided from updateSampledImage(). This is wrong.
No QSGTexture provided from updateSampledImage(). This is wrong.
No QSGTexture provided from updateSampledImage(). This is wrong.
No QSGTexture provided from updateSampledImage(). This is wrong.
No QSGTexture provided from updateSampledImage(). This is wrong.
No QSGTexture provided from updateSampledImage(). This is wrong.
No QSGTexture provided from updateSampledImage(). This is wrong.
No QSGTexture provided from updateSampledImage(). This is wrong.
No QSGTexture provided from updateSampledImage(). This is wrong.
No QSGTexture provided from updateSampledImage(). This is wrong.
No QSGTexture provided from updateSampledImage(). This is wrong.
No QSGTexture provided from updateSampledImage(). This is wrong.
No QSGTexture provided from updateSampledImage(). This is wrong.
No QSGTexture provided from updateSampledImage(). This is wrong.
No QSGTexture provided from updateSampledImage(). This is wrong.
No QSGTexture provided from updateSampledImage(). This is wrong.
No QSGTexture provided from updateSampledImage(). This is wrong.
No QSGTexture provided from updateSampledImage(). This is wrong.
No QSGTexture provided from updateSampledImage(). This is wrong.
No QSGTexture provided from updateSampledImage(). This is wrong.
No QSGTexture provided from updateSampledImage(). This is wrong.
No QSGTexture provided from updateSampledImage(). This is wrong.
No QSGTexture provided from updateSampledImage(). This is wrong.
No QSGTexture provided from updateSampledImage(). This is wrong.
No QSGTexture provided from updateSampledImage(). This is wrong.
No QSGTexture provided from updateSampledImage(). This is wrong.
No QSGTexture provided from updateSampledImage(). This is wrong.
No QSGTexture provided from updateSampledImage(). This is wrong.
No QSGTexture provided from updateSampledImage(). This is wrong.
No QSGTexture provided from updateSampledImage(). This is wrong.
No QSGTexture provided from updateSampledImage(). This is wrong.
No QSGTexture provided from updateSampledImage(). This is wrong.
No QSGTexture provided from updateSampledImage(). This is wrong.
No QSGTexture provided from updateSampledImage(). This is wrong.
No QSGTexture provided from updateSampledImage(). This is wrong.
No QSGTexture provided from updateSampledImage(). This is wrong.
No QSGTexture provided from updateSampledImage(). This is wrong.
No QSGTexture provided from updateSampledImage(). This is wrong.
No QSGTexture provided from updateSampledImage(). This is wrong.
No QSGTexture provided from updateSampledImage(). This is wrong.
No QSGTexture provided from updateSampledImage(). This is wrong.
No QSGTexture provided from updateSampledImage(). This is wrong.
No QSGTexture provided from updateSampledImage(). This is wrong.
No QSGTexture provided from updateSampledImage(). This is wrong.
No QSGTexture provided from updateSampledImage(). This is wrong.
No QSGTexture provided from updateSampledImage(). This is wrong.
No QSGTexture provided from updateSampledImage(). This is wrong.
No QSGTexture provided from updateSampledImage(). This is wrong.
No QSGTexture provided from updateSampledImage(). This is wrong.
No QSGTexture provided from updateSampledImage(). This is wrong.
No QSGTexture provided from updateSampledImage(). This is wrong.
No QSGTexture provided from updateSampledImage(). This is wrong.
No QSGTexture provided from updateSampledImage(). This is wrong.
No QSGTexture provided from updateSampledImage(). This is wrong.
No QSGTexture provided from updateSampledImage(). This is wrong.
No QSGTexture provided from updateSampledImage(). This is wrong.
No QSGTexture provided from updateSampledImage(). This is wrong.
No QSGTexture provided from updateSampledImage(). This is wrong.
No QSGTexture provided from updateSampledImage(). This is wrong.
No QSGTexture provided from updateSampledImage(). This is wrong.
No QSGTexture provided from updateSampledImage(). This is wrong.
No QSGTexture provided from updateSampledImage(). This is wrong.
No QSGTexture provided from updateSampledImage(). This is wrong.
No QSGTexture provided from updateSampledImage(). This is wrong.
No QSGTexture provided from updateSampledImage(). This is wrong.
No QSGTexture provided from updateSampledImage(). This is wrong.
No QSGTexture provided from updateSampledImage(). This is wrong.
No QSGTexture provided from updateSampledImage(). This is wrong.
No QSGTexture provided from updateSampledImage(). This is wrong.
No QSGTexture provided from updateSampledImage(). This is wrong.
No QSGTexture provided from updateSampledImage(). This is wrong.
No QSGTexture provided from updateSampledImage(). This is wrong.
No QSGTexture provided from updateSampledImage(). This is wrong.
No QSGTexture provided from updateSampledImage(). This is wrong.
No QSGTexture provided from updateSampledImage(). This is wrong.
No QSGTexture provided from updateSampledImage(). This is wrong.
No QSGTexture provided from updateSampledImage(). This is wrong.
No QSGTexture provided from updateSampledImage(). This is wrong.
No QSGTexture provided from updateSampledImage(). This is wrong.
No QSGTexture provided from updateSampledImage(). This is wrong.
No QSGTexture provided from updateSampledImage(). This is wrong.
No QSGTexture provided from updateSampledImage(). This is wrong.
No QSGTexture provided from updateSampledImage(). This is wrong.
No QSGTexture provided from updateSampledImage(). This is wrong.
No QSGTexture provided from updateSampledImage(). This is wrong.
No QSGTexture provided from updateSampledImage(). This is wrong.
No QSGTexture provided from updateSampledImage(). This is wrong.
No QSGTexture provided from updateSampledImage(). This is wrong.
No QSGTexture provided from updateSampledImage(). This is wrong.
No QSGTexture provided from updateSampledImage(). This is wrong.
No QSGTexture provided from updateSampledImage(). This is wrong.
No QSGTexture provided from updateSampledImage(). This is wrong.
No QSGTexture provided from updateSampledImage(). This is wrong.
No QSGTexture provided from updateSampledImage(). This is wrong.
No QSGTexture provided from updateSampledImage(). This is wrong.
No QSGTexture provided from updateSampledImage(). This is wrong.
No QSGTexture provided from updateSampledImage(). This is wrong.
No QSGTexture provided from updateSampledImage(). This is wrong.
qml: FACADE PROBE: tick=72 phase=subs-after-off state=3 pos=25.47 dur=60.02 pause=false seeking=false
No QSGTexture provided from updateSampledImage(). This is wrong.
No QSGTexture provided from updateSampledImage(). This is wrong.
No QSGTexture provided from updateSampledImage(). This is wrong.
No QSGTexture provided from updateSampledImage(). This is wrong.
No QSGTexture provided from updateSampledImage(). This is wrong.
No QSGTexture provided from updateSampledImage(). This is wrong.
No QSGTexture provided from updateSampledImage(). This is wrong.
No QSGTexture provided from updateSampledImage(). This is wrong.
No QSGTexture provided from updateSampledImage(). This is wrong.
No QSGTexture provided from updateSampledImage(). This is wrong.
No QSGTexture provided from updateSampledImage(). This is wrong.
No QSGTexture provided from updateSampledImage(). This is wrong.
No QSGTexture provided from updateSampledImage(). This is wrong.
No QSGTexture provided from updateSampledImage(). This is wrong.
No QSGTexture provided from updateSampledImage(). This is wrong.
No QSGTexture provided from updateSampledImage(). This is wrong.
No QSGTexture provided from updateSampledImage(). This is wrong.
No QSGTexture provided from updateSampledImage(). This is wrong.
No QSGTexture provided from updateSampledImage(). This is wrong.
No QSGTexture provided from updateSampledImage(). This is wrong.
No QSGTexture provided from updateSampledImage(). This is wrong.
No QSGTexture provided from updateSampledImage(). This is wrong.
No QSGTexture provided from updateSampledImage(). This is wrong.
No QSGTexture provided from updateSampledImage(). This is wrong.
No QSGTexture provided from updateSampledImage(). This is wrong.
No QSGTexture provided from updateSampledImage(). This is wrong.
No QSGTexture provided from updateSampledImage(). This is wrong.
No QSGTexture provided from updateSampledImage(). This is wrong.
No QSGTexture provided from updateSampledImage(). This is wrong.
No QSGTexture provided from updateSampledImage(). This is wrong.
No QSGTexture provided from updateSampledImage(). This is wrong.
No QSGTexture provided from updateSampledImage(). This is wrong.
No QSGTexture provided from updateSampledImage(). This is wrong.
No QSGTexture provided from updateSampledImage(). This is wrong.
No QSGTexture provided from updateSampledImage(). This is wrong.
No QSGTexture provided from updateSampledImage(). This is wrong.
No QSGTexture provided from updateSampledImage(). This is wrong.
No QSGTexture provided from updateSampledImage(). This is wrong.
No QSGTexture provided from updateSampledImage(). This is wrong.
No QSGTexture provided from updateSampledImage(). This is wrong.
No QSGTexture provided from updateSampledImage(). This is wrong.
No QSGTexture provided from updateSampledImage(). This is wrong.
No QSGTexture provided from updateSampledImage(). This is wrong.
No QSGTexture provided from updateSampledImage(). This is wrong.
No QSGTexture provided from updateSampledImage(). This is wrong.
No QSGTexture provided from updateSampledImage(). This is wrong.
No QSGTexture provided from updateSampledImage(). This is wrong.
No QSGTexture provided from updateSampledImage(). This is wrong.
No QSGTexture provided from updateSampledImage(). This is wrong.
No QSGTexture provided from updateSampledImage(). This is wrong.
No QSGTexture provided from updateSampledImage(). This is wrong.
No QSGTexture provided from updateSampledImage(). This is wrong.
No QSGTexture provided from updateSampledImage(). This is wrong.
No QSGTexture provided from updateSampledImage(). This is wrong.
No QSGTexture provided from updateSampledImage(). This is wrong.
No QSGTexture provided from updateSampledImage(). This is wrong.
No QSGTexture provided from updateSampledImage(). This is wrong.
No QSGTexture provided from updateSampledImage(). This is wrong.
No QSGTexture provided from updateSampledImage(). This is wrong.
No QSGTexture provided from updateSampledImage(). This is wrong.
No QSGTexture provided from updateSampledImage(). This is wrong.
No QSGTexture provided from updateSampledImage(). This is wrong.
No QSGTexture provided from updateSampledImage(). This is wrong.
No QSGTexture provided from updateSampledImage(). This is wrong.
No QSGTexture provided from updateSampledImage(). This is wrong.
No QSGTexture provided from updateSampledImage(). This is wrong.
No QSGTexture provided from updateSampledImage(). This is wrong.
No QSGTexture provided from updateSampledImage(). This is wrong.
No QSGTexture provided from updateSampledImage(). This is wrong.
No QSGTexture provided from updateSampledImage(). This is wrong.
No QSGTexture provided from updateSampledImage(). This is wrong.
No QSGTexture provided from updateSampledImage(). This is wrong.
No QSGTexture provided from updateSampledImage(). This is wrong.
No QSGTexture provided from updateSampledImage(). This is wrong.
No QSGTexture provided from updateSampledImage(). This is wrong.
No QSGTexture provided from updateSampledImage(). This is wrong.
No QSGTexture provided from updateSampledImage(). This is wrong.
No QSGTexture provided from updateSampledImage(). This is wrong.
No QSGTexture provided from updateSampledImage(). This is wrong.
No QSGTexture provided from updateSampledImage(). This is wrong.
No QSGTexture provided from updateSampledImage(). This is wrong.
No QSGTexture provided from updateSampledImage(). This is wrong.
No QSGTexture provided from updateSampledImage(). This is wrong.
No QSGTexture provided from updateSampledImage(). This is wrong.
No QSGTexture provided from updateSampledImage(). This is wrong.
No QSGTexture provided from updateSampledImage(). This is wrong.
No QSGTexture provided from updateSampledImage(). This is wrong.
No QSGTexture provided from updateSampledImage(). This is wrong.
No QSGTexture provided from updateSampledImage(). This is wrong.
No QSGTexture provided from updateSampledImage(). This is wrong.
No QSGTexture provided from updateSampledImage(). This is wrong.
No QSGTexture provided from updateSampledImage(). This is wrong.
No QSGTexture provided from updateSampledImage(). This is wrong.
No QSGTexture provided from updateSampledImage(). This is wrong.
No QSGTexture provided from updateSampledImage(). This is wrong.
No QSGTexture provided from updateSampledImage(). This is wrong.
No QSGTexture provided from updateSampledImage(). This is wrong.
No QSGTexture provided from updateSampledImage(). This is wrong.
No QSGTexture provided from updateSampledImage(). This is wrong.
No QSGTexture provided from updateSampledImage(). This is wrong.
No QSGTexture provided from updateSampledImage(). This is wrong.
No QSGTexture provided from updateSampledImage(). This is wrong.
No QSGTexture provided from updateSampledImage(). This is wrong.
No QSGTexture provided from updateSampledImage(). This is wrong.
No QSGTexture provided from updateSampledImage(). This is wrong.
No QSGTexture provided from updateSampledImage(). This is wrong.
No QSGTexture provided from updateSampledImage(). This is wrong.
No QSGTexture provided from updateSampledImage(). This is wrong.
No QSGTexture provided from updateSampledImage(). This is wrong.
No QSGTexture provided from updateSampledImage(). This is wrong.
No QSGTexture provided from updateSampledImage(). This is wrong.
No QSGTexture provided from updateSampledImage(). This is wrong.
No QSGTexture provided from updateSampledImage(). This is wrong.
No QSGTexture provided from updateSampledImage(). This is wrong.
No QSGTexture provided from updateSampledImage(). This is wrong.
No QSGTexture provided from updateSampledImage(). This is wrong.
No QSGTexture provided from updateSampledImage(). This is wrong.
No QSGTexture provided from updateSampledImage(). This is wrong.
No QSGTexture provided from updateSampledImage(). This is wrong.
No QSGTexture provided from updateSampledImage(). This is wrong.
No QSGTexture provided from updateSampledImage(). This is wrong.
No QSGTexture provided from updateSampledImage(). This is wrong.
No QSGTexture provided from updateSampledImage(). This is wrong.
No QSGTexture provided from updateSampledImage(). This is wrong.
No QSGTexture provided from updateSampledImage(). This is wrong.
No QSGTexture provided from updateSampledImage(). This is wrong.
No QSGTexture provided from updateSampledImage(). This is wrong.
No QSGTexture provided from updateSampledImage(). This is wrong.
No QSGTexture provided from updateSampledImage(). This is wrong.
No QSGTexture provided from updateSampledImage(). This is wrong.
No QSGTexture provided from updateSampledImage(). This is wrong.
No QSGTexture provided from updateSampledImage(). This is wrong.
No QSGTexture provided from updateSampledImage(). This is wrong.
No QSGTexture provided from updateSampledImage(). This is wrong.
No QSGTexture provided from updateSampledImage(). This is wrong.
No QSGTexture provided from updateSampledImage(). This is wrong.
No QSGTexture provided from updateSampledImage(). This is wrong.
No QSGTexture provided from updateSampledImage(). This is wrong.
No QSGTexture provided from updateSampledImage(). This is wrong.
No QSGTexture provided from updateSampledImage(). This is wrong.
No QSGTexture provided from updateSampledImage(). This is wrong.
No QSGTexture provided from updateSampledImage(). This is wrong.
No QSGTexture provided from updateSampledImage(). This is wrong.
No QSGTexture provided from updateSampledImage(). This is wrong.
No QSGTexture provided from updateSampledImage(). This is wrong.
No QSGTexture provided from updateSampledImage(). This is wrong.
No QSGTexture provided from updateSampledImage(). This is wrong.
No QSGTexture provided from updateSampledImage(). This is wrong.
No QSGTexture provided from updateSampledImage(). This is wrong.
No QSGTexture provided from updateSampledImage(). This is wrong.
No QSGTexture provided from updateSampledImage(). This is wrong.
qml: FACADE PROBE: tick=80 phase=subs-after-off state=3 pos=27.48 dur=60.02 pause=false seeking=false
No QSGTexture provided from updateSampledImage(). This is wrong.
No QSGTexture provided from updateSampledImage(). This is wrong.
No QSGTexture provided from updateSampledImage(). This is wrong.
No QSGTexture provided from updateSampledImage(). This is wrong.
No QSGTexture provided from updateSampledImage(). This is wrong.
No QSGTexture provided from updateSampledImage(). This is wrong.
No QSGTexture provided from updateSampledImage(). This is wrong.
No QSGTexture provided from updateSampledImage(). This is wrong.
No QSGTexture provided from updateSampledImage(). This is wrong.
No QSGTexture provided from updateSampledImage(). This is wrong.
No QSGTexture provided from updateSampledImage(). This is wrong.
No QSGTexture provided from updateSampledImage(). This is wrong.
No QSGTexture provided from updateSampledImage(). This is wrong.
No QSGTexture provided from updateSampledImage(). This is wrong.
No QSGTexture provided from updateSampledImage(). This is wrong.
No QSGTexture provided from updateSampledImage(). This is wrong.
No QSGTexture provided from updateSampledImage(). This is wrong.
No QSGTexture provided from updateSampledImage(). This is wrong.
No QSGTexture provided from updateSampledImage(). This is wrong.
No QSGTexture provided from updateSampledImage(). This is wrong.
No QSGTexture provided from updateSampledImage(). This is wrong.
No QSGTexture provided from updateSampledImage(). This is wrong.
No QSGTexture provided from updateSampledImage(). This is wrong.
No QSGTexture provided from updateSampledImage(). This is wrong.
No QSGTexture provided from updateSampledImage(). This is wrong.
No QSGTexture provided from updateSampledImage(). This is wrong.
No QSGTexture provided from updateSampledImage(). This is wrong.
No QSGTexture provided from updateSampledImage(). This is wrong.
No QSGTexture provided from updateSampledImage(). This is wrong.
No QSGTexture provided from updateSampledImage(). This is wrong.
No QSGTexture provided from updateSampledImage(). This is wrong.
No QSGTexture provided from updateSampledImage(). This is wrong.
No QSGTexture provided from updateSampledImage(). This is wrong.
No QSGTexture provided from updateSampledImage(). This is wrong.
No QSGTexture provided from updateSampledImage(). This is wrong.
No QSGTexture provided from updateSampledImage(). This is wrong.
No QSGTexture provided from updateSampledImage(). This is wrong.
No QSGTexture provided from updateSampledImage(). This is wrong.
No QSGTexture provided from updateSampledImage(). This is wrong.
No QSGTexture provided from updateSampledImage(). This is wrong.
No QSGTexture provided from updateSampledImage(). This is wrong.
No QSGTexture provided from updateSampledImage(). This is wrong.
No QSGTexture provided from updateSampledImage(). This is wrong.
No QSGTexture provided from updateSampledImage(). This is wrong.
No QSGTexture provided from updateSampledImage(). This is wrong.
No QSGTexture provided from updateSampledImage(). This is wrong.
No QSGTexture provided from updateSampledImage(). This is wrong.
No QSGTexture provided from updateSampledImage(). This is wrong.
No QSGTexture provided from updateSampledImage(). This is wrong.
No QSGTexture provided from updateSampledImage(). This is wrong.
No QSGTexture provided from updateSampledImage(). This is wrong.
No QSGTexture provided from updateSampledImage(). This is wrong.
No QSGTexture provided from updateSampledImage(). This is wrong.
No QSGTexture provided from updateSampledImage(). This is wrong.
No QSGTexture provided from updateSampledImage(). This is wrong.
No QSGTexture provided from updateSampledImage(). This is wrong.
No QSGTexture provided from updateSampledImage(). This is wrong.
No QSGTexture provided from updateSampledImage(). This is wrong.
No QSGTexture provided from updateSampledImage(). This is wrong.
No QSGTexture provided from updateSampledImage(). This is wrong.
No QSGTexture provided from updateSampledImage(). This is wrong.
No QSGTexture provided from updateSampledImage(). This is wrong.
No QSGTexture provided from updateSampledImage(). This is wrong.
No QSGTexture provided from updateSampledImage(). This is wrong.
No QSGTexture provided from updateSampledImage(). This is wrong.
No QSGTexture provided from updateSampledImage(). This is wrong.
No QSGTexture provided from updateSampledImage(). This is wrong.
No QSGTexture provided from updateSampledImage(). This is wrong.
No QSGTexture provided from updateSampledImage(). This is wrong.
No QSGTexture provided from updateSampledImage(). This is wrong.
No QSGTexture provided from updateSampledImage(). This is wrong.
No QSGTexture provided from updateSampledImage(). This is wrong.
No QSGTexture provided from updateSampledImage(). This is wrong.
No QSGTexture provided from updateSampledImage(). This is wrong.
No QSGTexture provided from updateSampledImage(). This is wrong.
No QSGTexture provided from updateSampledImage(). This is wrong.
No QSGTexture provided from updateSampledImage(). This is wrong.
No QSGTexture provided from updateSampledImage(). This is wrong.
No QSGTexture provided from updateSampledImage(). This is wrong.
No QSGTexture provided from updateSampledImage(). This is wrong.
No QSGTexture provided from updateSampledImage(). This is wrong.
No QSGTexture provided from updateSampledImage(). This is wrong.
No QSGTexture provided from updateSampledImage(). This is wrong.
No QSGTexture provided from updateSampledImage(). This is wrong.
No QSGTexture provided from updateSampledImage(). This is wrong.
No QSGTexture provided from updateSampledImage(). This is wrong.
No QSGTexture provided from updateSampledImage(). This is wrong.
No QSGTexture provided from updateSampledImage(). This is wrong.
No QSGTexture provided from updateSampledImage(). This is wrong.
No QSGTexture provided from updateSampledImage(). This is wrong.
No QSGTexture provided from updateSampledImage(). This is wrong.
No QSGTexture provided from updateSampledImage(). This is wrong.
No QSGTexture provided from updateSampledImage(). This is wrong.
No QSGTexture provided from updateSampledImage(). This is wrong.
No QSGTexture provided from updateSampledImage(). This is wrong.
No QSGTexture provided from updateSampledImage(). This is wrong.
No QSGTexture provided from updateSampledImage(). This is wrong.
No QSGTexture provided from updateSampledImage(). This is wrong.
No QSGTexture provided from updateSampledImage(). This is wrong.
No QSGTexture provided from updateSampledImage(). This is wrong.
No QSGTexture provided from updateSampledImage(). This is wrong.
No QSGTexture provided from updateSampledImage(). This is wrong.
No QSGTexture provided from updateSampledImage(). This is wrong.
No QSGTexture provided from updateSampledImage(). This is wrong.
No QSGTexture provided from updateSampledImage(). This is wrong.
No QSGTexture provided from updateSampledImage(). This is wrong.
No QSGTexture provided from updateSampledImage(). This is wrong.
No QSGTexture provided from updateSampledImage(). This is wrong.
No QSGTexture provided from updateSampledImage(). This is wrong.
No QSGTexture provided from updateSampledImage(). This is wrong.
No QSGTexture provided from updateSampledImage(). This is wrong.
No QSGTexture provided from updateSampledImage(). This is wrong.
No QSGTexture provided from updateSampledImage(). This is wrong.
No QSGTexture provided from updateSampledImage(). This is wrong.
No QSGTexture provided from updateSampledImage(). This is wrong.
No QSGTexture provided from updateSampledImage(). This is wrong.
No QSGTexture provided from updateSampledImage(). This is wrong.
No QSGTexture provided from updateSampledImage(). This is wrong.
No QSGTexture provided from updateSampledImage(). This is wrong.
No QSGTexture provided from updateSampledImage(). This is wrong.
No QSGTexture provided from updateSampledImage(). This is wrong.
No QSGTexture provided from updateSampledImage(). This is wrong.
No QSGTexture provided from updateSampledImage(). This is wrong.
No QSGTexture provided from updateSampledImage(). This is wrong.
No QSGTexture provided from updateSampledImage(). This is wrong.
No QSGTexture provided from updateSampledImage(). This is wrong.
No QSGTexture provided from updateSampledImage(). This is wrong.
No QSGTexture provided from updateSampledImage(). This is wrong.
No QSGTexture provided from updateSampledImage(). This is wrong.
No QSGTexture provided from updateSampledImage(). This is wrong.
No QSGTexture provided from updateSampledImage(). This is wrong.
No QSGTexture provided from updateSampledImage(). This is wrong.
No QSGTexture provided from updateSampledImage(). This is wrong.
No QSGTexture provided from updateSampledImage(). This is wrong.
No QSGTexture provided from updateSampledImage(). This is wrong.
No QSGTexture provided from updateSampledImage(). This is wrong.
No QSGTexture provided from updateSampledImage(). This is wrong.
No QSGTexture provided from updateSampledImage(). This is wrong.
No QSGTexture provided from updateSampledImage(). This is wrong.
No QSGTexture provided from updateSampledImage(). This is wrong.
No QSGTexture provided from updateSampledImage(). This is wrong.
No QSGTexture provided from updateSampledImage(). This is wrong.
No QSGTexture provided from updateSampledImage(). This is wrong.
No QSGTexture provided from updateSampledImage(). This is wrong.
No QSGTexture provided from updateSampledImage(). This is wrong.
No QSGTexture provided from updateSampledImage(). This is wrong.
qml: FACADE PROBE: tick=88 phase=subs-after-off state=3 pos=29.46 dur=60.02 pause=false seeking=false
No QSGTexture provided from updateSampledImage(). This is wrong.
No QSGTexture provided from updateSampledImage(). This is wrong.
No QSGTexture provided from updateSampledImage(). This is wrong.
No QSGTexture provided from updateSampledImage(). This is wrong.
No QSGTexture provided from updateSampledImage(). This is wrong.
No QSGTexture provided from updateSampledImage(). This is wrong.
No QSGTexture provided from updateSampledImage(). This is wrong.
No QSGTexture provided from updateSampledImage(). This is wrong.
No QSGTexture provided from updateSampledImage(). This is wrong.
No QSGTexture provided from updateSampledImage(). This is wrong.
No QSGTexture provided from updateSampledImage(). This is wrong.
No QSGTexture provided from updateSampledImage(). This is wrong.
No QSGTexture provided from updateSampledImage(). This is wrong.
No QSGTexture provided from updateSampledImage(). This is wrong.
No QSGTexture provided from updateSampledImage(). This is wrong.
No QSGTexture provided from updateSampledImage(). This is wrong.
No QSGTexture provided from updateSampledImage(). This is wrong.
No QSGTexture provided from updateSampledImage(). This is wrong.
No QSGTexture provided from updateSampledImage(). This is wrong.
No QSGTexture provided from updateSampledImage(). This is wrong.
No QSGTexture provided from updateSampledImage(). This is wrong.
No QSGTexture provided from updateSampledImage(). This is wrong.
No QSGTexture provided from updateSampledImage(). This is wrong.
No QSGTexture provided from updateSampledImage(). This is wrong.
No QSGTexture provided from updateSampledImage(). This is wrong.
No QSGTexture provided from updateSampledImage(). This is wrong.
No QSGTexture provided from updateSampledImage(). This is wrong.
No QSGTexture provided from updateSampledImage(). This is wrong.
No QSGTexture provided from updateSampledImage(). This is wrong.
No QSGTexture provided from updateSampledImage(). This is wrong.
No QSGTexture provided from updateSampledImage(). This is wrong.
No QSGTexture provided from updateSampledImage(). This is wrong.
No QSGTexture provided from updateSampledImage(). This is wrong.
No QSGTexture provided from updateSampledImage(). This is wrong.
No QSGTexture provided from updateSampledImage(). This is wrong.
No QSGTexture provided from updateSampledImage(). This is wrong.
No QSGTexture provided from updateSampledImage(). This is wrong.
No QSGTexture provided from updateSampledImage(). This is wrong.
No QSGTexture provided from updateSampledImage(). This is wrong.
No QSGTexture provided from updateSampledImage(). This is wrong.
No QSGTexture provided from updateSampledImage(). This is wrong.
No QSGTexture provided from updateSampledImage(). This is wrong.
No QSGTexture provided from updateSampledImage(). This is wrong.
No QSGTexture provided from updateSampledImage(). This is wrong.
No QSGTexture provided from updateSampledImage(). This is wrong.
No QSGTexture provided from updateSampledImage(). This is wrong.
No QSGTexture provided from updateSampledImage(). This is wrong.
No QSGTexture provided from updateSampledImage(). This is wrong.
No QSGTexture provided from updateSampledImage(). This is wrong.
No QSGTexture provided from updateSampledImage(). This is wrong.
No QSGTexture provided from updateSampledImage(). This is wrong.
No QSGTexture provided from updateSampledImage(). This is wrong.
No QSGTexture provided from updateSampledImage(). This is wrong.
No QSGTexture provided from updateSampledImage(). This is wrong.
No QSGTexture provided from updateSampledImage(). This is wrong.
No QSGTexture provided from updateSampledImage(). This is wrong.
No QSGTexture provided from updateSampledImage(). This is wrong.
No QSGTexture provided from updateSampledImage(). This is wrong.
No QSGTexture provided from updateSampledImage(). This is wrong.
No QSGTexture provided from updateSampledImage(). This is wrong.
No QSGTexture provided from updateSampledImage(). This is wrong.
No QSGTexture provided from updateSampledImage(). This is wrong.
No QSGTexture provided from updateSampledImage(). This is wrong.
No QSGTexture provided from updateSampledImage(). This is wrong.
No QSGTexture provided from updateSampledImage(). This is wrong.
No QSGTexture provided from updateSampledImage(). This is wrong.
No QSGTexture provided from updateSampledImage(). This is wrong.
No QSGTexture provided from updateSampledImage(). This is wrong.
No QSGTexture provided from updateSampledImage(). This is wrong.
No QSGTexture provided from updateSampledImage(). This is wrong.
No QSGTexture provided from updateSampledImage(). This is wrong.
No QSGTexture provided from updateSampledImage(). This is wrong.
No QSGTexture provided from updateSampledImage(). This is wrong.
No QSGTexture provided from updateSampledImage(). This is wrong.
No QSGTexture provided from updateSampledImage(). This is wrong.
No QSGTexture provided from updateSampledImage(). This is wrong.
No QSGTexture provided from updateSampledImage(). This is wrong.
No QSGTexture provided from updateSampledImage(). This is wrong.
No QSGTexture provided from updateSampledImage(). This is wrong.
No QSGTexture provided from updateSampledImage(). This is wrong.
No QSGTexture provided from updateSampledImage(). This is wrong.
No QSGTexture provided from updateSampledImage(). This is wrong.
No QSGTexture provided from updateSampledImage(). This is wrong.
No QSGTexture provided from updateSampledImage(). This is wrong.
No QSGTexture provided from updateSampledImage(). This is wrong.
No QSGTexture provided from updateSampledImage(). This is wrong.
No QSGTexture provided from updateSampledImage(). This is wrong.
No QSGTexture provided from updateSampledImage(). This is wrong.
No QSGTexture provided from updateSampledImage(). This is wrong.
No QSGTexture provided from updateSampledImage(). This is wrong.
No QSGTexture provided from updateSampledImage(). This is wrong.
No QSGTexture provided from updateSampledImage(). This is wrong.
No QSGTexture provided from updateSampledImage(). This is wrong.
No QSGTexture provided from updateSampledImage(). This is wrong.
No QSGTexture provided from updateSampledImage(). This is wrong.
No QSGTexture provided from updateSampledImage(). This is wrong.
No QSGTexture provided from updateSampledImage(). This is wrong.
No QSGTexture provided from updateSampledImage(). This is wrong.
No QSGTexture provided from updateSampledImage(). This is wrong.
No QSGTexture provided from updateSampledImage(). This is wrong.
No QSGTexture provided from updateSampledImage(). This is wrong.
No QSGTexture provided from updateSampledImage(). This is wrong.
No QSGTexture provided from updateSampledImage(). This is wrong.
No QSGTexture provided from updateSampledImage(). This is wrong.
No QSGTexture provided from updateSampledImage(). This is wrong.
No QSGTexture provided from updateSampledImage(). This is wrong.
No QSGTexture provided from updateSampledImage(). This is wrong.
No QSGTexture provided from updateSampledImage(). This is wrong.
No QSGTexture provided from updateSampledImage(). This is wrong.
No QSGTexture provided from updateSampledImage(). This is wrong.
No QSGTexture provided from updateSampledImage(). This is wrong.
No QSGTexture provided from updateSampledImage(). This is wrong.
No QSGTexture provided from updateSampledImage(). This is wrong.
No QSGTexture provided from updateSampledImage(). This is wrong.
No QSGTexture provided from updateSampledImage(). This is wrong.
No QSGTexture provided from updateSampledImage(). This is wrong.
No QSGTexture provided from updateSampledImage(). This is wrong.
No QSGTexture provided from updateSampledImage(). This is wrong.
No QSGTexture provided from updateSampledImage(). This is wrong.
No QSGTexture provided from updateSampledImage(). This is wrong.
No QSGTexture provided from updateSampledImage(). This is wrong.
No QSGTexture provided from updateSampledImage(). This is wrong.
No QSGTexture provided from updateSampledImage(). This is wrong.
No QSGTexture provided from updateSampledImage(). This is wrong.
No QSGTexture provided from updateSampledImage(). This is wrong.
No QSGTexture provided from updateSampledImage(). This is wrong.
No QSGTexture provided from updateSampledImage(). This is wrong.
No QSGTexture provided from updateSampledImage(). This is wrong.
No QSGTexture provided from updateSampledImage(). This is wrong.
No QSGTexture provided from updateSampledImage(). This is wrong.
No QSGTexture provided from updateSampledImage(). This is wrong.
No QSGTexture provided from updateSampledImage(). This is wrong.
No QSGTexture provided from updateSampledImage(). This is wrong.
No QSGTexture provided from updateSampledImage(). This is wrong.
No QSGTexture provided from updateSampledImage(). This is wrong.
No QSGTexture provided from updateSampledImage(). This is wrong.
No QSGTexture provided from updateSampledImage(). This is wrong.
No QSGTexture provided from updateSampledImage(). This is wrong.
No QSGTexture provided from updateSampledImage(). This is wrong.
No QSGTexture provided from updateSampledImage(). This is wrong.
No QSGTexture provided from updateSampledImage(). This is wrong.
No QSGTexture provided from updateSampledImage(). This is wrong.
No QSGTexture provided from updateSampledImage(). This is wrong.
qml: FACADE PROBE: tick=96 phase=subs-after-off state=3 pos=31.47 dur=60.02 pause=false seeking=false
No QSGTexture provided from updateSampledImage(). This is wrong.
No QSGTexture provided from updateSampledImage(). This is wrong.
No QSGTexture provided from updateSampledImage(). This is wrong.
No QSGTexture provided from updateSampledImage(). This is wrong.
No QSGTexture provided from updateSampledImage(). This is wrong.
No QSGTexture provided from updateSampledImage(). This is wrong.
No QSGTexture provided from updateSampledImage(). This is wrong.
No QSGTexture provided from updateSampledImage(). This is wrong.
No QSGTexture provided from updateSampledImage(). This is wrong.
No QSGTexture provided from updateSampledImage(). This is wrong.
No QSGTexture provided from updateSampledImage(). This is wrong.
No QSGTexture provided from updateSampledImage(). This is wrong.
No QSGTexture provided from updateSampledImage(). This is wrong.
No QSGTexture provided from updateSampledImage(). This is wrong.
No QSGTexture provided from updateSampledImage(). This is wrong.
No QSGTexture provided from updateSampledImage(). This is wrong.
No QSGTexture provided from updateSampledImage(). This is wrong.
No QSGTexture provided from updateSampledImage(). This is wrong.
No QSGTexture provided from updateSampledImage(). This is wrong.
No QSGTexture provided from updateSampledImage(). This is wrong.
No QSGTexture provided from updateSampledImage(). This is wrong.
No QSGTexture provided from updateSampledImage(). This is wrong.
No QSGTexture provided from updateSampledImage(). This is wrong.
No QSGTexture provided from updateSampledImage(). This is wrong.
No QSGTexture provided from updateSampledImage(). This is wrong.
No QSGTexture provided from updateSampledImage(). This is wrong.
No QSGTexture provided from updateSampledImage(). This is wrong.
No QSGTexture provided from updateSampledImage(). This is wrong.
No QSGTexture provided from updateSampledImage(). This is wrong.
No QSGTexture provided from updateSampledImage(). This is wrong.
No QSGTexture provided from updateSampledImage(). This is wrong.
No QSGTexture provided from updateSampledImage(). This is wrong.
No QSGTexture provided from updateSampledImage(). This is wrong.
No QSGTexture provided from updateSampledImage(). This is wrong.
No QSGTexture provided from updateSampledImage(). This is wrong.
No QSGTexture provided from updateSampledImage(). This is wrong.
No QSGTexture provided from updateSampledImage(). This is wrong.
No QSGTexture provided from updateSampledImage(). This is wrong.
No QSGTexture provided from updateSampledImage(). This is wrong.
No QSGTexture provided from updateSampledImage(). This is wrong.
No QSGTexture provided from updateSampledImage(). This is wrong.
No QSGTexture provided from updateSampledImage(). This is wrong.
No QSGTexture provided from updateSampledImage(). This is wrong.
No QSGTexture provided from updateSampledImage(). This is wrong.
No QSGTexture provided from updateSampledImage(). This is wrong.
No QSGTexture provided from updateSampledImage(). This is wrong.
No QSGTexture provided from updateSampledImage(). This is wrong.
No QSGTexture provided from updateSampledImage(). This is wrong.
No QSGTexture provided from updateSampledImage(). This is wrong.
No QSGTexture provided from updateSampledImage(). This is wrong.
No QSGTexture provided from updateSampledImage(). This is wrong.
No QSGTexture provided from updateSampledImage(). This is wrong.
No QSGTexture provided from updateSampledImage(). This is wrong.
No QSGTexture provided from updateSampledImage(). This is wrong.
No QSGTexture provided from updateSampledImage(). This is wrong.
No QSGTexture provided from updateSampledImage(). This is wrong.
No QSGTexture provided from updateSampledImage(). This is wrong.
No QSGTexture provided from updateSampledImage(). This is wrong.
No QSGTexture provided from updateSampledImage(). This is wrong.
No QSGTexture provided from updateSampledImage(). This is wrong.
No QSGTexture provided from updateSampledImage(). This is wrong.
No QSGTexture provided from updateSampledImage(). This is wrong.
No QSGTexture provided from updateSampledImage(). This is wrong.
No QSGTexture provided from updateSampledImage(). This is wrong.
No QSGTexture provided from updateSampledImage(). This is wrong.
No QSGTexture provided from updateSampledImage(). This is wrong.
No QSGTexture provided from updateSampledImage(). This is wrong.
No QSGTexture provided from updateSampledImage(). This is wrong.
No QSGTexture provided from updateSampledImage(). This is wrong.
No QSGTexture provided from updateSampledImage(). This is wrong.
No QSGTexture provided from updateSampledImage(). This is wrong.
No QSGTexture provided from updateSampledImage(). This is wrong.
No QSGTexture provided from updateSampledImage(). This is wrong.
No QSGTexture provided from updateSampledImage(). This is wrong.
No QSGTexture provided from updateSampledImage(). This is wrong.
No QSGTexture provided from updateSampledImage(). This is wrong.
No QSGTexture provided from updateSampledImage(). This is wrong.
No QSGTexture provided from updateSampledImage(). This is wrong.
No QSGTexture provided from updateSampledImage(). This is wrong.
No QSGTexture provided from updateSampledImage(). This is wrong.
No QSGTexture provided from updateSampledImage(). This is wrong.
No QSGTexture provided from updateSampledImage(). This is wrong.
No QSGTexture provided from updateSampledImage(). This is wrong.
No QSGTexture provided from updateSampledImage(). This is wrong.
No QSGTexture provided from updateSampledImage(). This is wrong.
No QSGTexture provided from updateSampledImage(). This is wrong.
No QSGTexture provided from updateSampledImage(). This is wrong.
No QSGTexture provided from updateSampledImage(). This is wrong.
No QSGTexture provided from updateSampledImage(). This is wrong.
No QSGTexture provided from updateSampledImage(). This is wrong.
No QSGTexture provided from updateSampledImage(). This is wrong.
No QSGTexture provided from updateSampledImage(). This is wrong.
No QSGTexture provided from updateSampledImage(). This is wrong.
No QSGTexture provided from updateSampledImage(). This is wrong.
No QSGTexture provided from updateSampledImage(). This is wrong.
No QSGTexture provided from updateSampledImage(). This is wrong.
No QSGTexture provided from updateSampledImage(). This is wrong.
No QSGTexture provided from updateSampledImage(). This is wrong.
No QSGTexture provided from updateSampledImage(). This is wrong.
No QSGTexture provided from updateSampledImage(). This is wrong.
No QSGTexture provided from updateSampledImage(). This is wrong.
No QSGTexture provided from updateSampledImage(). This is wrong.
No QSGTexture provided from updateSampledImage(). This is wrong.
No QSGTexture provided from updateSampledImage(). This is wrong.
No QSGTexture provided from updateSampledImage(). This is wrong.
No QSGTexture provided from updateSampledImage(). This is wrong.
No QSGTexture provided from updateSampledImage(). This is wrong.
No QSGTexture provided from updateSampledImage(). This is wrong.
No QSGTexture provided from updateSampledImage(). This is wrong.
No QSGTexture provided from updateSampledImage(). This is wrong.
No QSGTexture provided from updateSampledImage(). This is wrong.
No QSGTexture provided from updateSampledImage(). This is wrong.
No QSGTexture provided from updateSampledImage(). This is wrong.
No QSGTexture provided from updateSampledImage(). This is wrong.
No QSGTexture provided from updateSampledImage(). This is wrong.
No QSGTexture provided from updateSampledImage(). This is wrong.
No QSGTexture provided from updateSampledImage(). This is wrong.
No QSGTexture provided from updateSampledImage(). This is wrong.
No QSGTexture provided from updateSampledImage(). This is wrong.
No QSGTexture provided from updateSampledImage(). This is wrong.
No QSGTexture provided from updateSampledImage(). This is wrong.
No QSGTexture provided from updateSampledImage(). This is wrong.
No QSGTexture provided from updateSampledImage(). This is wrong.
No QSGTexture provided from updateSampledImage(). This is wrong.
No QSGTexture provided from updateSampledImage(). This is wrong.
No QSGTexture provided from updateSampledImage(). This is wrong.
No QSGTexture provided from updateSampledImage(). This is wrong.
No QSGTexture provided from updateSampledImage(). This is wrong.
No QSGTexture provided from updateSampledImage(). This is wrong.
No QSGTexture provided from updateSampledImage(). This is wrong.
No QSGTexture provided from updateSampledImage(). This is wrong.
No QSGTexture provided from updateSampledImage(). This is wrong.
No QSGTexture provided from updateSampledImage(). This is wrong.
No QSGTexture provided from updateSampledImage(). This is wrong.
No QSGTexture provided from updateSampledImage(). This is wrong.
No QSGTexture provided from updateSampledImage(). This is wrong.
No QSGTexture provided from updateSampledImage(). This is wrong.
No QSGTexture provided from updateSampledImage(). This is wrong.
No QSGTexture provided from updateSampledImage(). This is wrong.
No QSGTexture provided from updateSampledImage(). This is wrong.
No QSGTexture provided from updateSampledImage(). This is wrong.
No QSGTexture provided from updateSampledImage(). This is wrong.
No QSGTexture provided from updateSampledImage(). This is wrong.
No QSGTexture provided from updateSampledImage(). This is wrong.
No QSGTexture provided from updateSampledImage(). This is wrong.
No QSGTexture provided from updateSampledImage(). This is wrong.
No QSGTexture provided from updateSampledImage(). This is wrong.
qml: FACADE PROBE: tick=104 phase=subs-after-off state=3 pos=33.47 dur=60.02 pause=false seeking=false
No QSGTexture provided from updateSampledImage(). This is wrong.
No QSGTexture provided from updateSampledImage(). This is wrong.
No QSGTexture provided from updateSampledImage(). This is wrong.
No QSGTexture provided from updateSampledImage(). This is wrong.
No QSGTexture provided from updateSampledImage(). This is wrong.
No QSGTexture provided from updateSampledImage(). This is wrong.
No QSGTexture provided from updateSampledImage(). This is wrong.
No QSGTexture provided from updateSampledImage(). This is wrong.
No QSGTexture provided from updateSampledImage(). This is wrong.
No QSGTexture provided from updateSampledImage(). This is wrong.
No QSGTexture provided from updateSampledImage(). This is wrong.
No QSGTexture provided from updateSampledImage(). This is wrong.
No QSGTexture provided from updateSampledImage(). This is wrong.
No QSGTexture provided from updateSampledImage(). This is wrong.
No QSGTexture provided from updateSampledImage(). This is wrong.
No QSGTexture provided from updateSampledImage(). This is wrong.
No QSGTexture provided from updateSampledImage(). This is wrong.
No QSGTexture provided from updateSampledImage(). This is wrong.
No QSGTexture provided from updateSampledImage(). This is wrong.
No QSGTexture provided from updateSampledImage(). This is wrong.
No QSGTexture provided from updateSampledImage(). This is wrong.
No QSGTexture provided from updateSampledImage(). This is wrong.
No QSGTexture provided from updateSampledImage(). This is wrong.
No QSGTexture provided from updateSampledImage(). This is wrong.
No QSGTexture provided from updateSampledImage(). This is wrong.
No QSGTexture provided from updateSampledImage(). This is wrong.
No QSGTexture provided from updateSampledImage(). This is wrong.
No QSGTexture provided from updateSampledImage(). This is wrong.
No QSGTexture provided from updateSampledImage(). This is wrong.
No QSGTexture provided from updateSampledImage(). This is wrong.
No QSGTexture provided from updateSampledImage(). This is wrong.
No QSGTexture provided from updateSampledImage(). This is wrong.
No QSGTexture provided from updateSampledImage(). This is wrong.
No QSGTexture provided from updateSampledImage(). This is wrong.
No QSGTexture provided from updateSampledImage(). This is wrong.
No QSGTexture provided from updateSampledImage(). This is wrong.
No QSGTexture provided from updateSampledImage(). This is wrong.
No QSGTexture provided from updateSampledImage(). This is wrong.
No QSGTexture provided from updateSampledImage(). This is wrong.
No QSGTexture provided from updateSampledImage(). This is wrong.
No QSGTexture provided from updateSampledImage(). This is wrong.
No QSGTexture provided from updateSampledImage(). This is wrong.
No QSGTexture provided from updateSampledImage(). This is wrong.
No QSGTexture provided from updateSampledImage(). This is wrong.
No QSGTexture provided from updateSampledImage(). This is wrong.
No QSGTexture provided from updateSampledImage(). This is wrong.
No QSGTexture provided from updateSampledImage(). This is wrong.
No QSGTexture provided from updateSampledImage(). This is wrong.
No QSGTexture provided from updateSampledImage(). This is wrong.
No QSGTexture provided from updateSampledImage(). This is wrong.
No QSGTexture provided from updateSampledImage(). This is wrong.
No QSGTexture provided from updateSampledImage(). This is wrong.
No QSGTexture provided from updateSampledImage(). This is wrong.
No QSGTexture provided from updateSampledImage(). This is wrong.
No QSGTexture provided from updateSampledImage(). This is wrong.
No QSGTexture provided from updateSampledImage(). This is wrong.
No QSGTexture provided from updateSampledImage(). This is wrong.
No QSGTexture provided from updateSampledImage(). This is wrong.
No QSGTexture provided from updateSampledImage(). This is wrong.
No QSGTexture provided from updateSampledImage(). This is wrong.
No QSGTexture provided from updateSampledImage(). This is wrong.
No QSGTexture provided from updateSampledImage(). This is wrong.
No QSGTexture provided from updateSampledImage(). This is wrong.
No QSGTexture provided from updateSampledImage(). This is wrong.
No QSGTexture provided from updateSampledImage(). This is wrong.
No QSGTexture provided from updateSampledImage(). This is wrong.
No QSGTexture provided from updateSampledImage(). This is wrong.
No QSGTexture provided from updateSampledImage(). This is wrong.
No QSGTexture provided from updateSampledImage(). This is wrong.
No QSGTexture provided from updateSampledImage(). This is wrong.
No QSGTexture provided from updateSampledImage(). This is wrong.
No QSGTexture provided from updateSampledImage(). This is wrong.
No QSGTexture provided from updateSampledImage(). This is wrong.
No QSGTexture provided from updateSampledImage(). This is wrong.
No QSGTexture provided from updateSampledImage(). This is wrong.
No QSGTexture provided from updateSampledImage(). This is wrong.
No QSGTexture provided from updateSampledImage(). This is wrong.
No QSGTexture provided from updateSampledImage(). This is wrong.
No QSGTexture provided from updateSampledImage(). This is wrong.
No QSGTexture provided from updateSampledImage(). This is wrong.
No QSGTexture provided from updateSampledImage(). This is wrong.
No QSGTexture provided from updateSampledImage(). This is wrong.
No QSGTexture provided from updateSampledImage(). This is wrong.
No QSGTexture provided from updateSampledImage(). This is wrong.
No QSGTexture provided from updateSampledImage(). This is wrong.
No QSGTexture provided from updateSampledImage(). This is wrong.
No QSGTexture provided from updateSampledImage(). This is wrong.
No QSGTexture provided from updateSampledImage(). This is wrong.
No QSGTexture provided from updateSampledImage(). This is wrong.
No QSGTexture provided from updateSampledImage(). This is wrong.
No QSGTexture provided from updateSampledImage(). This is wrong.
No QSGTexture provided from updateSampledImage(). This is wrong.
No QSGTexture provided from updateSampledImage(). This is wrong.
No QSGTexture provided from updateSampledImage(). This is wrong.
No QSGTexture provided from updateSampledImage(). This is wrong.
No QSGTexture provided from updateSampledImage(). This is wrong.
No QSGTexture provided from updateSampledImage(). This is wrong.
No QSGTexture provided from updateSampledImage(). This is wrong.
No QSGTexture provided from updateSampledImage(). This is wrong.
No QSGTexture provided from updateSampledImage(). This is wrong.
No QSGTexture provided from updateSampledImage(). This is wrong.
No QSGTexture provided from updateSampledImage(). This is wrong.
No QSGTexture provided from updateSampledImage(). This is wrong.
No QSGTexture provided from updateSampledImage(). This is wrong.
No QSGTexture provided from updateSampledImage(). This is wrong.
No QSGTexture provided from updateSampledImage(). This is wrong.
No QSGTexture provided from updateSampledImage(). This is wrong.
No QSGTexture provided from updateSampledImage(). This is wrong.
No QSGTexture provided from updateSampledImage(). This is wrong.
No QSGTexture provided from updateSampledImage(). This is wrong.
No QSGTexture provided from updateSampledImage(). This is wrong.
No QSGTexture provided from updateSampledImage(). This is wrong.
No QSGTexture provided from updateSampledImage(). This is wrong.
No QSGTexture provided from updateSampledImage(). This is wrong.
No QSGTexture provided from updateSampledImage(). This is wrong.
No QSGTexture provided from updateSampledImage(). This is wrong.
No QSGTexture provided from updateSampledImage(). This is wrong.
No QSGTexture provided from updateSampledImage(). This is wrong.
No QSGTexture provided from updateSampledImage(). This is wrong.
No QSGTexture provided from updateSampledImage(). This is wrong.
No QSGTexture provided from updateSampledImage(). This is wrong.
No QSGTexture provided from updateSampledImage(). This is wrong.
No QSGTexture provided from updateSampledImage(). This is wrong.
No QSGTexture provided from updateSampledImage(). This is wrong.
No QSGTexture provided from updateSampledImage(). This is wrong.
No QSGTexture provided from updateSampledImage(). This is wrong.
No QSGTexture provided from updateSampledImage(). This is wrong.
No QSGTexture provided from updateSampledImage(). This is wrong.
No QSGTexture provided from updateSampledImage(). This is wrong.
No QSGTexture provided from updateSampledImage(). This is wrong.
No QSGTexture provided from updateSampledImage(). This is wrong.
No QSGTexture provided from updateSampledImage(). This is wrong.
No QSGTexture provided from updateSampledImage(). This is wrong.
No QSGTexture provided from updateSampledImage(). This is wrong.
No QSGTexture provided from updateSampledImage(). This is wrong.
No QSGTexture provided from updateSampledImage(). This is wrong.
No QSGTexture provided from updateSampledImage(). This is wrong.
No QSGTexture provided from updateSampledImage(). This is wrong.
No QSGTexture provided from updateSampledImage(). This is wrong.
No QSGTexture provided from updateSampledImage(). This is wrong.
No QSGTexture provided from updateSampledImage(). This is wrong.
No QSGTexture provided from updateSampledImage(). This is wrong.
No QSGTexture provided from updateSampledImage(). This is wrong.
No QSGTexture provided from updateSampledImage(). This is wrong.
No QSGTexture provided from updateSampledImage(). This is wrong.
No QSGTexture provided from updateSampledImage(). This is wrong.
No QSGTexture provided from updateSampledImage(). This is wrong.
No QSGTexture provided from updateSampledImage(). This is wrong.
No QSGTexture provided from updateSampledImage(). This is wrong.
qml: FACADE PROBE: tick=112 phase=subs-after-off state=3 pos=35.48 dur=60.02 pause=false seeking=false
No QSGTexture provided from updateSampledImage(). This is wrong.
No QSGTexture provided from updateSampledImage(). This is wrong.
No QSGTexture provided from updateSampledImage(). This is wrong.
No QSGTexture provided from updateSampledImage(). This is wrong.
No QSGTexture provided from updateSampledImage(). This is wrong.
No QSGTexture provided from updateSampledImage(). This is wrong.
No QSGTexture provided from updateSampledImage(). This is wrong.
No QSGTexture provided from updateSampledImage(). This is wrong.
No QSGTexture provided from updateSampledImage(). This is wrong.
No QSGTexture provided from updateSampledImage(). This is wrong.
No QSGTexture provided from updateSampledImage(). This is wrong.
No QSGTexture provided from updateSampledImage(). This is wrong.
No QSGTexture provided from updateSampledImage(). This is wrong.
No QSGTexture provided from updateSampledImage(). This is wrong.
No QSGTexture provided from updateSampledImage(). This is wrong.
No QSGTexture provided from updateSampledImage(). This is wrong.
No QSGTexture provided from updateSampledImage(). This is wrong.
No QSGTexture provided from updateSampledImage(). This is wrong.
No QSGTexture provided from updateSampledImage(). This is wrong.
No QSGTexture provided from updateSampledImage(). This is wrong.
No QSGTexture provided from updateSampledImage(). This is wrong.
No QSGTexture provided from updateSampledImage(). This is wrong.
No QSGTexture provided from updateSampledImage(). This is wrong.
No QSGTexture provided from updateSampledImage(). This is wrong.
No QSGTexture provided from updateSampledImage(). This is wrong.
No QSGTexture provided from updateSampledImage(). This is wrong.
No QSGTexture provided from updateSampledImage(). This is wrong.
No QSGTexture provided from updateSampledImage(). This is wrong.
No QSGTexture provided from updateSampledImage(). This is wrong.
No QSGTexture provided from updateSampledImage(). This is wrong.
No QSGTexture provided from updateSampledImage(). This is wrong.
No QSGTexture provided from updateSampledImage(). This is wrong.
No QSGTexture provided from updateSampledImage(). This is wrong.
No QSGTexture provided from updateSampledImage(). This is wrong.
No QSGTexture provided from updateSampledImage(). This is wrong.
No QSGTexture provided from updateSampledImage(). This is wrong.
No QSGTexture provided from updateSampledImage(). This is wrong.
No QSGTexture provided from updateSampledImage(). This is wrong.
No QSGTexture provided from updateSampledImage(). This is wrong.
No QSGTexture provided from updateSampledImage(). This is wrong.
No QSGTexture provided from updateSampledImage(). This is wrong.
No QSGTexture provided from updateSampledImage(). This is wrong.
No QSGTexture provided from updateSampledImage(). This is wrong.
No QSGTexture provided from updateSampledImage(). This is wrong.
No QSGTexture provided from updateSampledImage(). This is wrong.
No QSGTexture provided from updateSampledImage(). This is wrong.
No QSGTexture provided from updateSampledImage(). This is wrong.
No QSGTexture provided from updateSampledImage(). This is wrong.
No QSGTexture provided from updateSampledImage(). This is wrong.
No QSGTexture provided from updateSampledImage(). This is wrong.
No QSGTexture provided from updateSampledImage(). This is wrong.
No QSGTexture provided from updateSampledImage(). This is wrong.
No QSGTexture provided from updateSampledImage(). This is wrong.
No QSGTexture provided from updateSampledImage(). This is wrong.
No QSGTexture provided from updateSampledImage(). This is wrong.
No QSGTexture provided from updateSampledImage(). This is wrong.
No QSGTexture provided from updateSampledImage(). This is wrong.
No QSGTexture provided from updateSampledImage(). This is wrong.
No QSGTexture provided from updateSampledImage(). This is wrong.
No QSGTexture provided from updateSampledImage(). This is wrong.
No QSGTexture provided from updateSampledImage(). This is wrong.
No QSGTexture provided from updateSampledImage(). This is wrong.
No QSGTexture provided from updateSampledImage(). This is wrong.
No QSGTexture provided from updateSampledImage(). This is wrong.
No QSGTexture provided from updateSampledImage(). This is wrong.
No QSGTexture provided from updateSampledImage(). This is wrong.
No QSGTexture provided from updateSampledImage(). This is wrong.
No QSGTexture provided from updateSampledImage(). This is wrong.
No QSGTexture provided from updateSampledImage(). This is wrong.
No QSGTexture provided from updateSampledImage(). This is wrong.
No QSGTexture provided from updateSampledImage(). This is wrong.
No QSGTexture provided from updateSampledImage(). This is wrong.
No QSGTexture provided from updateSampledImage(). This is wrong.
No QSGTexture provided from updateSampledImage(). This is wrong.
No QSGTexture provided from updateSampledImage(). This is wrong.
No QSGTexture provided from updateSampledImage(). This is wrong.
No QSGTexture provided from updateSampledImage(). This is wrong.
No QSGTexture provided from updateSampledImage(). This is wrong.
No QSGTexture provided from updateSampledImage(). This is wrong.
No QSGTexture provided from updateSampledImage(). This is wrong.
No QSGTexture provided from updateSampledImage(). This is wrong.
No QSGTexture provided from updateSampledImage(). This is wrong.
No QSGTexture provided from updateSampledImage(). This is wrong.
No QSGTexture provided from updateSampledImage(). This is wrong.
No QSGTexture provided from updateSampledImage(). This is wrong.
No QSGTexture provided from updateSampledImage(). This is wrong.
No QSGTexture provided from updateSampledImage(). This is wrong.
No QSGTexture provided from updateSampledImage(). This is wrong.
No QSGTexture provided from updateSampledImage(). This is wrong.
No QSGTexture provided from updateSampledImage(). This is wrong.
No QSGTexture provided from updateSampledImage(). This is wrong.
No QSGTexture provided from updateSampledImage(). This is wrong.
No QSGTexture provided from updateSampledImage(). This is wrong.
No QSGTexture provided from updateSampledImage(). This is wrong.
No QSGTexture provided from updateSampledImage(). This is wrong.
No QSGTexture provided from updateSampledImage(). This is wrong.
No QSGTexture provided from updateSampledImage(). This is wrong.
No QSGTexture provided from updateSampledImage(). This is wrong.
No QSGTexture provided from updateSampledImage(). This is wrong.
No QSGTexture provided from updateSampledImage(). This is wrong.
No QSGTexture provided from updateSampledImage(). This is wrong.
No QSGTexture provided from updateSampledImage(). This is wrong.
No QSGTexture provided from updateSampledImage(). This is wrong.
No QSGTexture provided from updateSampledImage(). This is wrong.
No QSGTexture provided from updateSampledImage(). This is wrong.
No QSGTexture provided from updateSampledImage(). This is wrong.
No QSGTexture provided from updateSampledImage(). This is wrong.
No QSGTexture provided from updateSampledImage(). This is wrong.
No QSGTexture provided from updateSampledImage(). This is wrong.
No QSGTexture provided from updateSampledImage(). This is wrong.
No QSGTexture provided from updateSampledImage(). This is wrong.
No QSGTexture provided from updateSampledImage(). This is wrong.
No QSGTexture provided from updateSampledImage(). This is wrong.
No QSGTexture provided from updateSampledImage(). This is wrong.
No QSGTexture provided from updateSampledImage(). This is wrong.
No QSGTexture provided from updateSampledImage(). This is wrong.
No QSGTexture provided from updateSampledImage(). This is wrong.
No QSGTexture provided from updateSampledImage(). This is wrong.
No QSGTexture provided from updateSampledImage(). This is wrong.
No QSGTexture provided from updateSampledImage(). This is wrong.
No QSGTexture provided from updateSampledImage(). This is wrong.
No QSGTexture provided from updateSampledImage(). This is wrong.
No QSGTexture provided from updateSampledImage(). This is wrong.
No QSGTexture provided from updateSampledImage(). This is wrong.
No QSGTexture provided from updateSampledImage(). This is wrong.
No QSGTexture provided from updateSampledImage(). This is wrong.
No QSGTexture provided from updateSampledImage(). This is wrong.
No QSGTexture provided from updateSampledImage(). This is wrong.
No QSGTexture provided from updateSampledImage(). This is wrong.
No QSGTexture provided from updateSampledImage(). This is wrong.
No QSGTexture provided from updateSampledImage(). This is wrong.
No QSGTexture provided from updateSampledImage(). This is wrong.
No QSGTexture provided from updateSampledImage(). This is wrong.
No QSGTexture provided from updateSampledImage(). This is wrong.
No QSGTexture provided from updateSampledImage(). This is wrong.
No QSGTexture provided from updateSampledImage(). This is wrong.
No QSGTexture provided from updateSampledImage(). This is wrong.
No QSGTexture provided from updateSampledImage(). This is wrong.
No QSGTexture provided from updateSampledImage(). This is wrong.
No QSGTexture provided from updateSampledImage(). This is wrong.
No QSGTexture provided from updateSampledImage(). This is wrong.
No QSGTexture provided from updateSampledImage(). This is wrong.
No QSGTexture provided from updateSampledImage(). This is wrong.
No QSGTexture provided from updateSampledImage(). This is wrong.
No QSGTexture provided from updateSampledImage(). This is wrong.
No QSGTexture provided from updateSampledImage(). This is wrong.
No QSGTexture provided from updateSampledImage(). This is wrong.
No QSGTexture provided from updateSampledImage(). This is wrong.
No QSGTexture provided from updateSampledImage(). This is wrong.
No QSGTexture provided from updateSampledImage(). This is wrong.
No QSGTexture provided from updateSampledImage(). This is wrong.
qml: FACADE PROBE: tick=120 phase=subs-after-off state=3 pos=37.46 dur=60.02 pause=false seeking=false
No QSGTexture provided from updateSampledImage(). This is wrong.
No QSGTexture provided from updateSampledImage(). This is wrong.
No QSGTexture provided from updateSampledImage(). This is wrong.
No QSGTexture provided from updateSampledImage(). This is wrong.
No QSGTexture provided from updateSampledImage(). This is wrong.
No QSGTexture provided from updateSampledImage(). This is wrong.
No QSGTexture provided from updateSampledImage(). This is wrong.
No QSGTexture provided from updateSampledImage(). This is wrong.
No QSGTexture provided from updateSampledImage(). This is wrong.
No QSGTexture provided from updateSampledImage(). This is wrong.
No QSGTexture provided from updateSampledImage(). This is wrong.
No QSGTexture provided from updateSampledImage(). This is wrong.
No QSGTexture provided from updateSampledImage(). This is wrong.
No QSGTexture provided from updateSampledImage(). This is wrong.
No QSGTexture provided from updateSampledImage(). This is wrong.
No QSGTexture provided from updateSampledImage(). This is wrong.
No QSGTexture provided from updateSampledImage(). This is wrong.
No QSGTexture provided from updateSampledImage(). This is wrong.
No QSGTexture provided from updateSampledImage(). This is wrong.
No QSGTexture provided from updateSampledImage(). This is wrong.
No QSGTexture provided from updateSampledImage(). This is wrong.
No QSGTexture provided from updateSampledImage(). This is wrong.
No QSGTexture provided from updateSampledImage(). This is wrong.
No QSGTexture provided from updateSampledImage(). This is wrong.
No QSGTexture provided from updateSampledImage(). This is wrong.
No QSGTexture provided from updateSampledImage(). This is wrong.
No QSGTexture provided from updateSampledImage(). This is wrong.
No QSGTexture provided from updateSampledImage(). This is wrong.
No QSGTexture provided from updateSampledImage(). This is wrong.
No QSGTexture provided from updateSampledImage(). This is wrong.
No QSGTexture provided from updateSampledImage(). This is wrong.
No QSGTexture provided from updateSampledImage(). This is wrong.
No QSGTexture provided from updateSampledImage(). This is wrong.
No QSGTexture provided from updateSampledImage(). This is wrong.
No QSGTexture provided from updateSampledImage(). This is wrong.
No QSGTexture provided from updateSampledImage(). This is wrong.
No QSGTexture provided from updateSampledImage(). This is wrong.
No QSGTexture provided from updateSampledImage(). This is wrong.
No QSGTexture provided from updateSampledImage(). This is wrong.
qml: FACADE PROBE: --- passes (58) ---
qml: FACADE PROBE: PASS PlayerPage built a PlayerEngine
qml: FACADE PROBE: PASS PlayerEngine loaded an inner engine
qml: FACADE PROBE: PASS booted on the Player 2 branch (PlayerEngine.p2=true)
qml: FACADE PROBE: PASS capture capability is off on Player 2
qml: FACADE PROBE: PASS a pause the engine refuses does not stick to the facade (state=0 (Idle))
qml: FACADE PROBE: PASS with no media open the engine reports no video size (width="" height="")
qml: FACADE PROBE: PASS position advances under PlayerPage (pos=4.16)
qml: FACADE PROBE: PASS duration is known (dur=60.02)
qml: FACADE PROBE: PASS currentUrl is published (file:///C:/Users/Suprabha/Desktop/Brotherhood/Colosseum/.worktrees/player2-task1-isolation/native/build-player2/player2-fixtures/tracks-long.mkv)
qml: FACADE PROBE: PASS audioRows has both fixture tracks (n=2)
qml: FACADE PROBE: PASS audio rows carry the stream index as `id` (ids=1,2)
qml: FACADE PROBE: PASS audioRow(eng).lang (eng)
qml: FACADE PROBE: PASS audioRow(eng).label (English)
qml: FACADE PROBE: PASS audioRow(eng).codec (aac)
qml: FACADE PROBE: PASS audioRow(eng).default (true)
qml: FACADE PROBE: PASS audioRow(fra).lang (fra)
qml: FACADE PROBE: PASS audioRow(fra).label (French)
qml: FACADE PROBE: PASS audioRow(fra).default (false)
qml: FACADE PROBE: PASS audioRow(eng).tech (AAC)
qml: FACADE PROBE: PASS exactly one audio row is selected (id=1)
qml: FACADE PROBE: PASS selected audio row matches the engine's reported track (audioTrack=1)
qml: FACADE PROBE: PASS PlayerPage.selectedAudioRow() resolves (id=1)
qml: FACADE PROBE: PASS audio chip reads the track language (ENG)
qml: FACADE PROBE: PASS subRows carries the embedded subtitle track (id=3)
qml: FACADE PROBE: PASS subtitleRow.lang (eng)
qml: FACADE PROBE: PASS subtitleRow.title (English subs)
qml: FACADE PROBE: PASS subtitleRow.label (English subs)
qml: FACADE PROBE: PASS subtitleRow.codec (subrip)
qml: FACADE PROBE: PASS subtitleRow.external (false)
qml: FACADE PROBE: PASS subtitleRow.forced (false)
qml: FACADE PROBE: PASS subtitleRow.tech (SUBRIP · embedded)
qml: FACADE PROBE: PASS subtitle row tick agrees with the engine's reported track (selected=true subtitleTrack="3")
qml: FACADE PROBE: PASS subDelay reaches the session (s.subDelay=0.25)
qml: FACADE PROBE: PASS audioDelay reaches the session (s.audioDelay=-0.5)
qml: FACADE PROBE: PASS facade delays match the engine after the push
qml: FACADE PROBE: PASS setSubOption('sub-scale') reaches the engine (subScale=1.5)
qml: FACADE PROBE: PASS setSubOption('sub-color') reaches the engine (subColor=#f0c44a)
qml: FACADE PROBE: PASS setSubOption('sub-border-size') reaches the engine (subBorderSize=4.5)
qml: FACADE PROBE: PASS setSubOption('sub-border-color') reaches the engine (subBorderColor=#20314a)
qml: FACADE PROBE: PASS setSubOption('sub-pos') reaches the engine (subPos=40)
qml: FACADE PROBE: PASS sub-ass-override is capability-gated off on Player 2
qml: FACADE PROBE: PASS external subtitles are capability-gated off on Player 2
qml: FACADE PROBE: PASS audio track switch reaches the engine and is reported back (audioTrack=2)
qml: FACADE PROBE: PASS the tick moves with it in PlayerPage's audioRows (selected id=2)
qml: FACADE PROBE: PASS subtitle track selection reaches the engine and is reported back (subtitleTrack=3)
qml: FACADE PROBE: PASS the tick moves with it in PlayerPage's subRows (selected id=3)
qml: FACADE PROBE: PASS subs chip reads the track language (ENG)
qml: FACADE PROBE: PASS session.subtitleText becomes non-empty inside the cue window ("Player 2 subtitle fixture" at pos=14.21)
qml: FACADE PROBE: PASS the painted cue is the fixture's own text
qml: FACADE PROBE: PASS the cue was not painted before its window opened (frontier=14.21)
qml: FACADE PROBE: PASS session.subtitleText goes empty again after the cue window
qml: FACADE PROBE: PASS Off reaches the engine and is reported back (subtitleTrack="" (the session's own -1))
qml: FACADE PROBE: PASS the tick clears in PlayerPage's subRows
qml: FACADE PROBE: PASS subs chip reads OFF (OFF)
qml: FACADE PROBE: PASS after Off, the fixture's second cue never paints (shows=1 (cue 2 is at 25-28s))
qml: FACADE PROBE: PASS fileStarted fires (x1)
qml: FACADE PROBE: PASS fileLoaded fires exactly once (x1 - a seek must not re-fire it)
qml: FACADE PROBE: PASS no spurious playbackError
qml: FACADE PROBE: --- skipped (4) ---
qml: FACADE PROBE: SKIP chapter shape + chapterAtFraction - media has 0 chapter(s); run against the chaptered.mkv fixture
qml: FACADE PROBE: SKIP seek / pause-freeze / resume-advance - sequence 'tracks' leaves the transport alone; run mode 'transport'
qml: FACADE PROBE: SKIP endFile("eof") - sequence 'tracks' reports before the end; run mode 'eof' on a short clip
qml: FACADE PROBE: SKIP stop() teardown - sequence 'tracks' must not close the player; run mode 'transport'
qml: FACADE PROBE: --- failures (0) ---
qml: FACADE PROBE: lifecycle fileStarted=1 fileLoaded=1 trackListChanged=1 endFile=[] playbackError=[]
qml: FACADE PROBE: mode=tracks RESULT PASS
No QSGTexture provided from updateSampledImage(). This is wrong.
[net] poster scoreboard (arrived/failed/undecodable/bytes by host):
  opensubtitles.strem.io  arrived=1 failed=0 undecodable=0 bytes=0
  opensubtitles-v3.strem.io  arrived=1 failed=0 undecodable=0 bytes=0

qt.sql.qsqldatabase: QSqlDatabase requires a QCoreApplication
qt.sql.qsqldatabase: QSqlDatabase requires a QCoreApplication
